label	script	section	kind	value	figures
lab07 d=0 cost	lab07		statistic	-0.0126	-0.0126
lab07 d=0 gross	lab07		statistic	+0.0027	+0.0027
lab07 d=1 cost	lab07		statistic	-0.0149	-0.0149
lab07 d=1 gross	lab07		statistic	+0.0143	+0.0143
lab07 d=2 cost	lab07		statistic	-0.0173	-0.0173
lab07 d=2 gross	lab07		statistic	+0.0352	+0.0352
lab07 d=3 cost	lab07		statistic	-0.0193	-0.0193
lab07 d=3 gross	lab07		statistic	+0.0591	+0.0591
lab07 d=5 cost	lab07		statistic	-0.0235	-0.0235
lab07 d=5 gross	lab07		statistic	+0.1031	+0.1031
lab07 d=8 cost	lab07		statistic	-0.0294	-0.0294
lab07 d=8 gross	lab07		statistic	+0.1530	+0.1530
lab07 d=13 cost	lab07		statistic	-0.0392	-0.0392
lab07 d=13 gross	lab07		statistic	+0.2210	+0.2210
lab07 d=21 cost	lab07		statistic	-0.0514	-0.0514
lab07 d=21 gross	lab07		statistic	+0.3009	+0.3009
lab07 d=0 interval	lab07		interval	[-0.0064, +0.0116]	-0.0064 +0.0116
lab07 d=1 interval	lab07		interval	[+0.0004, +0.0279]	+0.0004 +0.0279
lab07 d=2 interval	lab07		interval	[+0.0164, +0.0533]	+0.0164 +0.0533
lab06 sup-t critical value	lab06		statistic	2.41	2.41
S1 QLIKE p range		S1	p-value	from p = 0.011 at &delta; = 8	0.011 8
4.6 QLIKE p range in the body		4.6	sentence with figures	between 0.011 and 0.034 on QLIKE	0.011 0.034
lab06 GW 2.96	lab06		statistic	2.96	2.96
lab06 GW 3.88	lab06		statistic	3.88	3.88
lab06 GW 4.29	lab06		statistic	4.29	4.29
lab06 GW 4.28	lab06		statistic	4.28	4.28
lab06 GW 3.99	lab06		statistic	3.99	3.99
lab06 GW 4.09	lab06		statistic	4.09	4.09
lab06 GW 4.28	lab06		statistic	4.28	4.28
S1 QLIKE range		S1	p-value	the QLIKE row runs from p = 0.011 at &delta; = 8 to p = 0.034 at &delta; = 3	0.011 8 0.034 3
S1 worst two-sided p		S1	p-value	every statistic from &delta; = 3 onward has p &le; 0.034	3 0.034
S1 caption QLIKE verdict		S1	sentence with figures	so it clears 5% throughout and 1% nowhere	5% 1%
S8 delta=0 sq(log)		S8	interval	worse by 0.0099, interval [-0.0190, -0.0011]	0.0099 -0.0190 -0.0011
S8 delta=0 QLIKE		S8	interval	worse by 0.0126, [-0.0262, -0.0009]	0.0126 -0.0262 -0.0009
S8 delta=0 MSE(nat)		S8	interval	worse by 0.0035, [-0.0307, +0.0181]	0.0035 -0.0307 +0.0181
S8 delta=0 normalised		S8	interval	comes out at +0.0070, [-0.0427, +0.0204]	+0.0070 -0.0427 +0.0204
band block length in words			text	in moving blocks of forty days	
inference vocabulary: pointwise			text	Pointwise : an individual interval excludes zero	
inference vocabulary: simultaneous			text	Simultaneous : the effect survives a band covering the whole delay grid at once	
inference vocabulary: equivalence			text	Equivalence : the effect lies inside a margin declared negligible in advance, which this paper tests nowhere and therefore never claims	
non-detection is not zero			text	no incremental contribution was detected; it is not a cell where the contribution is zero	
registry described in the availability statement			text	builds a machine-readable registry of every figure the verifier ties to a lab	
registry gates described			text	no point estimate may be quoted in prose with two different intervals	
registry is derived, not parallel			text	built from the verifier's own checks rather than maintained beside them	
price is defined, not assumed			text	it means that the two things being compared can be put on one ruler	
price in the title is defined			text	in this title means a ratio on one ruler and not an amount	
options scope is two targets			sentence with figures	two targets only, SPX and DAX, each on the 4,525-day window	4 525
Table 5 grade definitions			text	established means the estimate excludes zero and survives the robustness set	
Table 5's grade definition covers the comparative row			text	for the one row that grades a comparison rather than a level it means the contrast itself is estimated as one parameter, with a set that excludes zero and goes on excluding it across the robustness set, rather than two marginal sets being observed not to overlap	
Table 5 grade definitions, the other three			text	supported means it is consistent across the tests run but rests on a sample too small to resolve alternatives	
scope condition count in Section 10			text	the three scope conditions that bound where the result holds	
scope condition count in the availability statement			text	the three scope conditions.	
scope conditions are named			text	the option chain, coupling, and the freshness of the foreign feed	
scope condition is identified, not established			text	identified in the examined markets rather than assumed	
coupling is bounded, not the whole story			text	coupling is the part of the story this design can see	
redistribution terms stated per vendor			text	Investing.com's terms forbid distributing data obtained from the site without written permission	
redistribution terms stated per vendor			text	Cboe's permit one downloaded copy for personal non-commercial use	
redistribution terms stated per vendor			text	Yahoo's forbid reproducing or distributing any portion	
redistribution terms stated per vendor			text	Copyrighted: Pre-approval Required	
overlap is evidence, not proof			text	whether iid standard errors come out smaller depends on the signs and magnitudes of the serial covariances	
calm market is imprecise, not unidentified			text	the Fieller analysis does not classify it as unidentified	
own-index redundancy is scoped to the cases examined			text	cases examined	
Section 9 opens on identified threats			text	examines the principal identified threats to each central claim	
horizon conversion stated			text	thirty calendar days is about twenty-one trading days	
VIX9D is near-matched, not matched			text	ine calendar days is about six trading days	
title page: corresponding author named			text	Corresponding author. Sunny Alex Vellanikaran	
title page: affiliation			text	Sunny Alex Vellanikaran, Independent.	
title page: JEL codes			sentence with figures	JEL codes: C53, C58, G17, G12, C22.	53 58 17 12 22
housing derivative claim is current, not absolute			text	no options chain on any of the twenty is currently listed and no daily own-market implied-volatility index exists for them	
housing futures acknowledged			text	CME does list futures on the composite and on ten of the metro indices	
4.4 benchmark is not the trailing mean of variance		4.4	text	exponentiated using its own smearing factor and reconstructed using the median available at the forecast origin	
4.5 restoration point, not a ceiling		4.5	sentence with figures	a natural restoration reference point at 100%	100%
4.6 Fieller is one construction, not the only one		4.6	text	the asymptotic Fieller-type inversion used here is one standard construction with that property rather than the only one	
6 points at the subsection that does the fitting		6	text	fits that compressed representation directly	
claim table cross-reference			text	converting it needs a decision problem the holder supplies	
4.2 names its exception		4.2	sentence with figures	Table 1 is the labelled exception	1
S10 caption names the specification		S10	text	Those two columns are the seven-regressor specification, not the compressed one the section's counts use	
S10 negative-cell count		S10	text	Three of the eight own-options cells are significantly negative in this specification	
the two counts share a specification			text	using the compressed one-regressor peer block and the same pointwise criterion in both groups	
other-asset count			text	adds significantly in thirteen of twenty-four cells	
Table S30 compressed foreign block given imp			sentence with figures	64 20 3.2 1 0	64 20 3.2 1 0
Table S30 seven foreign closes given implied			sentence with figures	32 7 1.6 1 0	32 7 1.6 1 0
Table S30 breadth given implied volatility, 			sentence with figures	64 19 3.2 3 2	64 19 3.2 3 2
Table S30 nonlinearity given implied volatil			sentence with figures	48 30 2.4 1 0	48 30 2.4 1 0
Table S30 VSTOXX as a third implied-volatili			sentence with figures	6 3 0.3 0 0	6 3 0.3 0 0
Table S30 pooled row			sentence with figures	pooled 214 79 10.7 6 2	214 79 10.7 6 2
S37 expectation rule		S37	sentence with figures	0.05 n is the right expectation and survives any dependence	0.05
S37 exploratory count		S37	text	only six of those seventy-nine survive	
S37 exploratory label		S37	text	The seventy-three that do not are exploratory	
S37 pool size		S37	sentence with figures	78 of 214 cells	78 214
S37 calendar groups		S37	text	within each of the fourteen calendar groups	
S37 null mean and sd		S37	sentence with figures	count has mean 19.9 and standard deviation 12.3 against a binomial 3.2	19.9 12.3 3.2
S37 null 95th percentile		S37	sentence with figures	with a 95th percentile of 42	95 42
S37 the count the omnibus test judges		S37	text	Seventy-eight is still well outside it	
S37 fixed-b point at the short end		S37	sentence with figures	it reaches 2.13 only in the six cells of the shortest series	2.13
S37 p is a bound		S37	sentence with figures	-value is at most 0.0005	0.0005
S37 null maximum		S37	text	the largest being sixty-eight	
S37 rule C count and null		S37	sentence with figures	41 against a null mean of 11.2	41 11.2
S37 rule C p-value		S37	sentence with figures	-value of 0.0065	0.0065
S37 the rule's own size under its own null		S37	sentence with figures	9.3% of the time rather than 5%	9.3% 5%
S37 the spread's right benchmark		S37	sentence with figures	4.1 at the cells' own sizes	4.1
S37 duplicate cells		S37	sentence with figures	32 of the 214 are a second copy	32 214
S37 the distinct pool		S37	sentence with figures	182 distinct cells	182
S37 the de-duplicated result		S37	sentence with figures	35 observed against a null mean of 9.5 and a p -value of 0.0075	35 9.5 0.0075
S37 the sign split		S37	sentence with figures	51 of the 78 have a negative statistic	51 78
S37 rule B count		S37	sentence with figures	leaves seventy-three of the seventy-eight standing against a null 95th percentile of forty-one	95
S37 states the dependence factor on the spread		S37	text	a factor of three	
4.5 states the stale model's remaining skill		4.5	sentence with figures	S own (55) = 0.0072 against S own (0) = 0.5188	55 0.0072 0 0.5188
4.5 says the denominator is within a hundredth of S_own(0)		4.5	sentence with figures	within a hundredth of S own (0) itself	0
4.5 names what R(55) therefore is		4.5	text	the cross-sectional model's skill divided by the domestic model's undelayed skill	
4.5 says where the share reading is cleanest		4.5	text	cleanest in the middle of the delay grid	
4.5 gives S26's two figures		4.5	sentence with figures	reaches 71.5% against a predicted 71.9%	71.5% 71.9%
3 prices the control choice beside the interval		3	sentence with figures	runs from 60.7% to 74.3%, a spread of 14 points	60.7% 74.3% 14
3 says what the interval does and does not price		3	text	The interval prices sampling noise and nothing else	
3 names the selection rule's timing		3	text	under a selection rule fixed before any rate was read	
7 own-vs-foreign level, AXJO foreign		7	statistic	0.3199	0.3199
7 own-vs-foreign level, AXJO own		7	statistic	0.4220	0.4220
7 own-vs-foreign level, HSI foreign		7	statistic	0.1766	0.1766
7 own-vs-foreign level, HSI own		7	statistic	0.4748	0.4748
7 own-vs-foreign level, N225 foreign		7	statistic	0.0749	0.0749
7 own-vs-foreign level, N225 own		7	statistic	0.3191	0.3191
7 own-vs-foreign level, NSEI foreign		7	statistic	0.2583	0.2583
7 own-vs-foreign level, NSEI own		7	statistic	0.4576	0.4576
S41 strict arm's four own-options gains		S41	sentence with figures	−0.0405, +0.0062, −0.0189 and +0.0094	0.0405 +0.0062 0.0189 +0.0094
S41 bounds the three small changes		S41	sentence with figures	three of the four differences are between −0.003 and −0.004	0.003 0.004
7 states the paired count		7	text	four of four targets	
S42 N225 whole-number share		S42	sentence with figures	66.7% of the time against 1.0%	66.7% 1.0%
S42 N225 intraday range		S42	sentence with figures	0.239% against 1.099%	0.239% 1.099%
S42 NSEI whole-number share		S42	sentence with figures	3.4% whole numbers against 5.4%	3.4% 5.4%
S42 NSEI intraday range		S42	sentence with figures	1.022% range against 1.596%	1.022% 1.596%
S42 states the two-of-three verdict		S42	text	two of the three were wrong	
S42 the bad print and its neighbours		S42	sentence with figures	prints 17,572.00 with the cash index at 13,888.24 on the Friday and 14,108.84 on the Monday, a 26% error	17 572.00 13 888.24 14 108.84 26%
S42 HSI reach		S42	sentence with figures	corrupted 144 rows of that target's decision variable, 2.18% of its panel	144 2.18%
S42 N225 reach		S42	sentence with figures	N225's thirty corrupted 162, or 2.48%	225 162 2.48%
S41 rejected copy's weekend rows		S41	sentence with figures	carries 75 rows dated on a Saturday or a Sunday	75
S41 the rejected copy's bad print		S41	sentence with figures	a print of 101.00 on Sunday 23 May 2010 between a Friday close of 33.22 and a Monday close of 30.88	101.00 23 2010 33.22 30.88
S41 the two vendors' agreement		S41	sentence with figures	on the 4,743 weekday dates both cover they agree to within 0.5% on 99.92%, at a median absolute difference of 0.0020	4 743 0.5% 99.92% 0.0020
S42 what the gate changed		S42	interval	moves from 71.6% to 71.5% and its interval from [54.4, 83.5] to [54.3, 83.4]	71.6% 71.5% 54.4 83.5 54.3 83.4
S40 cell calm 5: coverage		S40	statistic	93.5%	93.5%
S40 cell calm 5: unbounded share		S40	statistic	6.5%	6.5%
S40 cell calm 13: coverage		S40	statistic	92.8%	92.8%
S40 cell calm 13: unbounded share		S40	statistic	14.8%	14.8%
S40 cell calm 21: coverage		S40	statistic	92.4%	92.4%
S40 cell calm 21: unbounded share		S40	statistic	5.9%	5.9%
S40 cell calm 55: coverage		S40	statistic	93.7%	93.7%
S40 cell calm 55: unbounded share		S40	statistic	12.1%	12.1%
S40 cell full window 55: coverage		S40	statistic	94.3%	94.3%
S40 cell full window 55: unbounded share		S40	statistic	0.1%	0.1%
S40 cell middle 5: coverage		S40	statistic	93.3%	93.3%
S40 cell middle 5: unbounded share		S40	statistic	0.0%	0.0%
S40 cell middle 13: coverage		S40	statistic	94.1%	94.1%
S40 cell middle 13: unbounded share		S40	statistic	0.1%	0.1%
S40 cell middle 21: coverage		S40	statistic	92.7%	92.7%
S40 cell middle 21: unbounded share		S40	statistic	0.0%	0.0%
S40 cell middle 55: coverage		S40	statistic	94.3%	94.3%
S40 cell middle 55: unbounded share		S40	statistic	0.7%	0.7%
S40 cell stressed 5: coverage		S40	statistic	93.5%	93.5%
S40 cell stressed 5: unbounded share		S40	statistic	5.2%	5.2%
S40 cell stressed 13: coverage		S40	statistic	92.8%	92.8%
S40 cell stressed 13: unbounded share		S40	statistic	3.6%	3.6%
S40 cell stressed 21: coverage		S40	statistic	93.0%	93.0%
S40 cell stressed 21: unbounded share		S40	statistic	4.7%	4.7%
S40 cell stressed 55: coverage		S40	statistic	93.1%	93.1%
S40 cell stressed 55: unbounded share		S40	statistic	1.1%	1.1%
S40 states the range across the conditional cells		S40	sentence with figures	covers between 92.4% and 94.3%	92.4% 94.3%
S40 names the cell a practitioner is told to carry		S40	sentence with figures	stressed at eleven weeks, covers 93.1%	93.1%
S40 gives the full-window comparison		S40	sentence with figures	94.3% for the same procedure on the whole sample	94.3%
S40 says the length-ladder interpolation is wrong		S40	text	That inference is available to a reader and it is wrong	
S40 declines to offer the figures as confidence statements		S40	text	not confidence statements about the cells themselves	
S39 table, YZ rate and set		S39	point+interval	71.5% [54.3%, 83.4%]	71.5% 54.3% 83.4%
S39 table, YZ tau		S39	statistic	5.40	5.40
S39 table, YZ benchmark skill		S39	statistic	0.4988	0.4988
S39 table, CC rate and set		S39	point+interval	73.4% [47.5%, 89.4%]	73.4% 47.5% 89.4%
S39 table, CC tau		S39	statistic	4.32	4.32
S39 table, CC benchmark skill		S39	statistic	0.2833	0.2833
S39 table, RS rate and set		S39	point+interval	69.4% [50.5%, 82.9%]	69.4% 50.5% 82.9%
S39 table, RS tau		S39	statistic	5.33	5.33
S39 table, RS benchmark skill		S39	statistic	0.4467	0.4467
S39 table, PK rate and set		S39	point+interval	70.1% [51.5%, 84.8%]	70.1% 51.5% 84.8%
S39 table, PK tau		S39	statistic	5.56	5.56
S39 table, PK benchmark skill		S39	statistic	0.5258	0.5258
S39 prose: the published estimator		S39	sentence with figures	reads 71.5% on the published estimator	71.5%
S39 prose: the two arms without an overnight term		S39	sentence with figures	69.4% and 70.1%	69.4% 70.1%
S39 prose: close-to-close		S39	sentence with figures	73.4% on close-to-close	73.4%
9 prose: the published estimator		9	sentence with figures	reads 71.5% on the published estimator	71.5%
9 prose: the two arms without an overnight term		9	sentence with figures	69.4% and 70.1%	69.4% 70.1%
9 prose: close-to-close		9	sentence with figures	73.4% on close-to-close	73.4%
S39 states the five-day disagreement		S39	sentence with figures	reads 51.4% on Yang-Zhang against 92.2%	51.4% 92.2%
S39 declines to claim the target is well measured		S39	text	not a demonstration that the target is well measured	
S10 coverage across the rungs		S10	sentence with figures	a nominal 95% set covers 57% at 246 days, 65% at 367, 75% at 644 and 85% at 866, reaching 94% only at 3,996 and 95% on the full 4,861-day window	95% 57% 246 65% 367 75% 644 85% 866 94% 3 996 95% 4 861
S10 names the compared pair and its coverage		S10	sentence with figures	the 367-day rung and the 3,996-day one, which cover 65% and 94%	367 3 996 65% 94%
Table 5 names the compared pair			sentence with figures	the two sets it compared, of 367 and 3,996 days, cover 65% and 94% against 95% on the full window	367 3 996 65% 94% 95%
S10 states the size of that gap		S10	text	a twenty-nine point gap in reliability	
Section 9 state contrast, on the share			sentence with figures	that share is 42.0 points higher in the top 5% of VIX days	42.0 5%
Section 9 state contrast interval			interval	resampling interval of [25.2, 55.8]	25.2 55.8
Section 9 state contrast p			sentence with figures	-value of at most 0.0002 under a statistic that prices the choice of rung	0.0002
Section 9 the rate's own contrast			sentence with figures	computed on the rate itself is 15.0 points	15.0
S37 headline excluded		S37	text	the headline comparison is excluded from the pool	
lab14 rate 64%	lab14		statistic	64%	64%
lab14 rate 71%	lab14		statistic	71%	71%
lab14 rate 70%	lab14		statistic	70%	70%
S15 gives the blur arm's two endpoints		S15	sentence with figures	R&sup2; falls from 0.5053 to 0.4780 across a mean lag	2 0.5053 0.4780
S15 gives the clean-lag arm's two endpoints		S15	sentence with figures	against 0.4738 to +0.0072 under a clean lag	0.4738 +0.0072
4.6 fixed-b setting		4.6	sentence with figures	fixed b = M/n = 0.05	0.05
4.6 fixed-b bandwidth and critical value		4.6	sentence with figures	bandwidth of 243 days and a two-sided critical value of 2.11 rather than 1.96	243 2.11 1.96
4.6 fixed-b coverage		4.6	sentence with figures	covers 94.7%, 94.6% and 94.6% at	94.7% 94.6% 94.6%
4.6 coverage it replaces		4.6	sentence with figures	against 92.5%, 93.0% and 92.5% for	92.5% 93.0% 92.5%
4.6 alternative b coverage		4.6	sentence with figures	At b = 0.033 coverage is 94.8%, 94.7% and 94.3%	0.033 94.8% 94.7% 94.3%
S2 states the largest gap between the two b values		S2	sentence with figures	largest difference between them is 0.3 of a point	0.3
S2 states the Monte Carlo error on a coverage difference		S2	sentence with figures	standard error of 0.5 points on a difference	0.5
4.6 names the replication count behind that error		4.6	text	at four thousand replications	
4.6 width penalty of the wider b		4.6	sentence with figures	by 0.7, 3.1 and 6.3 points of width	0.7 3.1 6.3
4.6 says the evidence does not make the choice		4.6	text	the choice is not one this evidence can make	
4.6 tau range across the delay grid		4.6	sentence with figures	from 5.3 to 6.4 across the delay grid	5.3 6.4
4.6 tau range across the market states		4.6	sentence with figures	from 2.9 to 5.9 across the market states	2.9 5.9
4.6 says which figure applies to the middle group		4.6	text	the applicable figure for all of those is the middle of the three	
4.6 says which figure applies to the calm rungs		4.6	text	for those the applicable figure is the strongest of the three	
4.6 quotes the strongest coverage figure		4.6	sentence with figures	the strongest of the three, 94.7%	94.7%
4.6 claims nothing weaker than the middle		4.6	text	no claim in this paper rests on a set weaker than the middle of the three	
4.6 bounded-set coverage at the two weaker strengths		4.6	sentence with figures	94.6% against 94.8% at the middle strength and 94.6% against 94.5% at the weakest	94.6% 94.8% 94.6% 94.5%
S2 states how closely total and bounded-set coverage agree		S2	text	the same to within two tenths of a point	
4.6 answers the buy-coverage objection		4.6	text	Declining to identify is not, on this evidence, what buys the coverage	
4.6 the correlation the generator assumes		4.6	sentence with figures	sets that correlation to 0.50.	0.50
4.6 the correlation actually measured		4.6	sentence with figures	it is 0.89 at eleven weeks and 0.71 averaged over the delay grid	0.89 0.71
4.6 what the assumption is worth		4.6	sentence with figures	moves coverage by at most 0.9 points	0.9
4.6 the two studies are independent replications		4.6	text	on independent draws	
4.5 the bootstrap where the denominator is strong		4.5	sentence with figures	puts it at 90.9% where the denominator is	90.9%
1 the bootstrap's coverage range		1	sentence with figures	against 90.9% to 95.6% for the bootstrap on the same draws	90.9% 95.6%
4.6 the bootstrap intervals that remain		4.6	sentence with figures	cover 90.9% where the denominator is strongly	90.9%
S2 the bootstrap's coverage range		S2	sentence with figures	runs from 90.9% at the strongest to 95.6% at the weakest	90.9% 95.6%
4.6 states the coverage range over the lengths tried		4.6	sentence with figures	from 89.4% to 93.7% for a nominal 95%	89.4% 93.7% 95%
4.6 the strength where the gap stops closing		4.6	sentence with figures	92.6% at both eighty and a hundred and sixty	92.6%
4.6 the two strengths still closing at 160		4.6	sentence with figures	closing at a hundred and sixty, 93.4% and 93.7%	93.4% 93.7%
4.6 names the generator's dependence length		4.6	text	dependence stops at lag forty-five	
4.6 taper, not truncation		4.6	text	what it does is taper	
note centring shift			sentence with figures	moves the sign rule's own accuracy by 0.16 points on average	0.16
note excess centred			sentence with figures	sits 2.88 points above the centred column	2.88
note excess non-centred sign rule			sentence with figures	3.05 above the non-centred same-sign column	3.05
note excess best cut			sentence with figures	2.69 above the best-cut benchmark	2.69
note benchmark range			sentence with figures	sit between 85% and 106% of the benchmark	85% 106%
note benchmark exceedance			text	above it at six of the ten delays	
note bayes gain near			sentence with figures	worth at most 0.52 accuracy points at any delay out to three weeks	0.52
note bayes gain far			sentence with figures	rising to 6.18 points at &delta; = 55	6.18 55
3 admissibility leaks		3	sentence with figures	There are 0 leaks	0
3 admissibility margin		3	sentence with figures	relies on is 2.00 hours, between N225 and HSI	2.00 225
S35 waste total		S35	sentence with figures	6085 such days occur	6085
S35 waste case		S35	sentence with figures	On 3336 of the 6,991 dates the table sends AXJO back a day for a N225 forecaster	3336 6 991 225
S35 direction		S35	text	the implementation is stricter than the rule it implements: it discards information a real forecaster could lawfully have used	
3 direction summary		3	text	the implementation is stricter than the rule it implements, which is the direction that costs information rather than validity	
3 dates audited		3	sentence with figures	on all 6,991 dates	6 991
8.1 variance window		8.1	text	trailing twelve-month realised variance	
8.1 variance overlap		8.1	text	overlaps the current one in eleven of twelve months	
8.1 variance is backward-looking		8.1	text	The housing one is backward-looking	
8.1 closer analogue		8.1	text	The return target is the closer analogue of the paper's	
4.4 benchmark window		4.4	sentence with figures	over the 1,500 days ending at t − h	1 500
4.4 benchmark is a forecast		4.4	text	it is a forecast, not a fitted constant	
4.4 benchmark not delay-matched		4.4	text	It is not delay-matched	
4.4 benchmark smeared		4.4	text	Leaving the benchmark unsmeared while the models are smeared	
headline interval in Table 2			point+interval	71% [54, 83]	71% 54 83
4 loss disagreement R2 at delta=34		4	statistic	0.0792	0.0792
4 loss disagreement QLIKE at delta=34		4	sentence with figures	−0.0121	0.0121
4 loss disagreement R2 at delta=55		4	statistic	0.0072	0.0072
4 loss disagreement QLIKE at delta=55		4	sentence with figures	−0.0475	0.0475
4 loss disagreement reading		4	text	Where the two conflict we give weight to QLIKE	
S25 delta=1 row		S25	sentence with figures	1 60.1% 31.7% 31.1% +28.4 +0.6 +29.0	1 60.1% 31.7% 31.1% +28.4 +0.6 +29.0
S25 delta=3 row		S25	sentence with figures	3 74.7% 60.5% 60.5% +14.2 +0.0 +14.2	3 74.7% 60.5% 60.5% +14.2 +0.0 +14.2
S25 delta=5 row		S25	sentence with figures	5 85.6% 73.6% 73.7% +12.0 -0.1 +11.9	5 85.6% 73.6% 73.7% +12.0 -0.1 +11.9
S25 delta=8 row		S25	sentence with figures	8 87.9% 78.7% 78.8% +9.2 -0.1 +9.0	8 87.9% 78.7% 78.8% +9.2 -0.1 +9.0
S25 delta=13 row		S25	sentence with figures	13 83.6% 75.7% 75.1% +7.9 +0.6 +8.5	13 83.6% 75.7% 75.1% +7.9 +0.6 +8.5
S25 delta=21 row		S25	sentence with figures	21 83.5% 75.4% 74.3% +8.1 +1.1 +9.2	21 83.5% 75.4% 74.3% +8.1 +1.1 +9.2
S25 delta=34 row		S25	sentence with figures	34 82.0% 76.1% 75.1% +6.0 +0.9 +6.9	34 82.0% 76.1% 75.1% +6.0 +0.9 +6.9
S25 delta=55 row		S25	sentence with figures	55 90.1% 80.8% 79.7% +9.3 +1.1 +10.3	55 90.1% 80.8% 79.7% +9.3 +1.1 +10.3
4.4 bounds the drift piece		4.4	sentence with figures	the drift worth at most 1.1 points at any delay	1.1
S25 bounds the drift piece		S25	sentence with figures	the drift never worth more than 1.1 points at any delay	1.1
S25 splits the one-day gap		S25	sentence with figures	28.4 of the 29.0 points at one day	28.4 29.0
S25 splits the eleven-week gap		S25	sentence with figures	9.3 of the 10.3 at eleven weeks	9.3 10.3
8 quotes the natural-scale rate at 55		8	sentence with figures	80% at eleven weeks	80%
S25 the two robust losses agree		S25	sentence with figures	QLIKE reads 80% at eleven weeks and the natural-scale MSE reads 79.7%	80% 79.7%
S25 what the mislabelled column read		S25	sentence with figures	the mislabelled column read 90%	90%
4.4 names the size of the correction		4.4	sentence with figures	by 10 points at eleven weeks	10
S9 records the artefact		S9	text	The flip was an artefact	
7 reads the options block down the column		7	sentence with figures	falls from 0.5545 at zero delay to 0.5261 at eleven weeks, against 0.5138 to 0.0009 for the domestic block alone	0.5545 0.5261 0.5138 0.0009
7 names Table 2's pair on the longer window		7	sentence with figures	Table 2's 0.5188 and 0.0072 are the same quantities on the longer window	2 0.5188 0.0072
S28 gross content points		S28	sentence with figures	+0.002 at &delta; = 0, +0.007 at &delta; = 5, +0.008 at &delta; = 21 and +0.007 at &delta; = 55	+0.002 0 +0.007 5 +0.008 21 +0.007 55
S28 gross content intervals		S28	sentence with figures	[−0.006, +0.011], [−0.003, +0.017], [−0.004, +0.019] and [−0.004, +0.018]	0.006 +0.011 0.003 +0.017 0.004 +0.019 0.004 +0.018
S28 equivalence bound		S28	sentence with figures	rules out a gross gain larger than 0.019 of R&sup2;, at &delta; = 21	0.019 2 21
7 equivalence bound		7	sentence with figures	[−0.004, +0.019] at &delta; = 21, rules out a gross gain above about 0.019 of R&sup2;	0.004 +0.019 21 0.019 2
7 redundant is not equal		7	text	is used in this paper to mean exactly that and never to mean equal	
8.5 window		8.5	sentence with figures	2,098 test days from May 2018	2 098 2018
S24 window share		S24	sentence with figures	46% of Table S22's window	46% 22
S24 horizon effect range		S24	sentence with figures	worth between 0.0235 and 0.0399 of R&sup2;	0.0235 0.0399 2
S24 horizon effect statistics		S24	sentence with figures	Giacomini-White statistics of 2.90 to 3.28	2.90 3.28
S24 foreign increment statistics		S24	sentence with figures	with statistics between −2.21 and −3.31	2.21 3.31
8.5 window cost low		8.5	statistic	0.0197	0.0197
8.5 window cost high		8.5	statistic	0.0274	0.0274
8.5 slope range low		8.5	sentence with figures	−2.34	2.34
8.5 slope range high		8.5	sentence with figures	−3.35	3.35
5.3 span		5.3	text	same day gives R	
5.3 first component		5.3	sentence with figures	accounts for 66.5%	66.5%
5.3 first two		5.3	sentence with figures	the first two for 76.9%	76.9%
5.3 span value		5.3	sentence with figures	= 0.695.	0.695
5.3 six series		5.3	text	six foreign volatility series	
8.5 crisis gain range		8.5	sentence with figures	0.0245 to 0.0405 of R	0.0245 0.0405
8.5 crisis z range		8.5	sentence with figures	3.09 to 3.46	3.09 3.46
8.5 crisis foreign range		8.5	sentence with figures	−0.0147 and −0.0198	0.0147 0.0198
8.5 crisis foreign z		8.5	sentence with figures	−1.93 to −3.17	1.93 3.17
8.5 crisis window 2,004 days		8.5	sentence with figures	2,004 days	2 004
8.5 crisis window 15 February to 30 June 2020		8.5	sentence with figures	15 February to 30 June 2020	15 30 2020
9.3 age g=0		9.3	point+interval	4.6 days old [2.6, 8.2]	4.6 2.6 8.2
9.3 age g=1		9.3	point+interval	6.8 [4.1, 11.0]	6.8 4.1 11.0
9.3 age g=5		9.3	point+interval	12.6 [9.7, 19.9]	12.6 9.7 19.9
9.3 exchange rate g=1		9.3	sentence with figures	2.1 days	2.1
9.3 exchange rate g=5		9.3	point+interval	8.0 [6.2, 12.7]	8.0 6.2 12.7
9.3 exchange rate interval		9.3	interval	[1.4, 3.2]	1.4 3.2
S3 Fieller illustration		S3	interval	at &delta; = 55, [54, 83] against [59, 82]	55 54 83 59 82
S3 names tau for the illustration		S3	sentence with figures	where the denominator sits 5.4 standard errors from zero	5.4
S3 tau range across the delay grid		S3	sentence with figures	it runs from 5.3 to 6.4	5.3 6.4
S3 tau range across the market states		S3	sentence with figures	from 2.9 to 5.9	2.9 5.9
11 filter delta=21		11	sentence with figures	by 0.0120	0.0120
11 filter interval delta=21		11	interval	[+0.00004, +0.02395]	+0.00004 +0.02395
11 filter delta=55		11	sentence with figures	by 0.0197	0.0197
11 filter interval delta=55		11	interval	[+0.00169, +0.03857]	+0.00169 +0.03857
11 filter delta=0		11	sentence with figures	by 0.0225	0.0225
11 filter interval delta=0		11	interval	[-0.03331, -0.00968]	-0.03331 -0.00968
11 filter reconstruction		11	sentence with figures	correlates 0.84 with the truth at eleven weeks	0.84
11 filter reconstruction stale		11	sentence with figures	against 0.18 for the stale value	0.18
10.1 projection residue		10.1	sentence with figures	1.8 &times; 10 -11	1.8 10 -11
10.1 exponential margin delta=0		10.1	statistic	0.0018	0.0018
10.1 exponential margin delta=21		10.1	statistic	0.0321	0.0321
10.1 exponential margin delta=55		10.1	statistic	0.0520	0.0520
10.1 training block		10.1	sentence with figures	first 1,500 rows	1 500
10.1 half-lives		10.1	sentence with figures	half-lives of 5, 22 and 66 days	5 22 66
10.1 feature counts		10.1	text	Six features against three	
10.1 persistence		10.1	statistic	0.9265	0.9265
10.1 half-life		10.1	sentence with figures	9.1 trading days	9.1
10.1 state equals observation		10.1	sentence with figures	4.4 &times; 10 -8	4.4 10 -8
10.1 ruler point		10.1	sentence with figures	4.2 days rather than 4.6	4.2 4.6
10.1 ruler width		10.1	sentence with figures	2% narrower	2%
10.1 inflation		10.1	sentence with figures	by up to 4.0 points, reading 74.2% at eleven weeks where the paper's control reads 71.3%	4.0 74.2% 71.3%
11 seam percentiles		11	sentence with figures	70th, 4th and 25th percentiles	70 4 25
11 seam power		11	sentence with figures	an intraday range mis-scaled by 25% is caught	25%
11 seam power limit		11	sentence with figures	while 10% is not	10%
11 seam calibration		11	sentence with figures	400 pseudo-seams	400
10.2 calm age		10.2	sentence with figures	4.6 days	4.6
10.2 calm interval		10.2	interval	[0.8, 46.7]	0.8 46.7
10.2 calm failures		10.2	sentence with figures	50 of 1,500 replications	50 1 500
10.2 stressed age		10.2	point+interval	3.8 days old [1.8, 6.0]	3.8 1.8 6.0
10.2 decile age		10.2	point+interval	3.5 [1.2, 6.9]	3.5 1.2 6.9
10.2 top-5 age		10.2	point+interval	2.3 [0.8, 4.3]	2.3 0.8 4.3
10.2 calm relative width		10.2	sentence with figures	9.1 times as wide	9.1
10.1 envelope spread		10.1	sentence with figures	runs from 60.7% to 74.3%	60.7% 74.3%
10.1 envelope span across the controls		10.1	sentence with figures	spans 60.7% to 74.3% across them and reads 67.4% against the strongest	60.7% 74.3% 67.4%
10.1 envelope strongest rate		10.1	sentence with figures	67.4% against the strongest	67.4%
S4 envelope lowest arm		S4	sentence with figures	The lowest figure in that set is 60.7%	60.7%
10.1 envelope paired gap		10.1	point+interval	-4.1% [-10.6%, -0.3%]	-4.1% -10.6% -0.3%
10.1 envelope champion skill		10.1	sentence with figures	0.3021 against the paper's 0.2800	0.3021 0.2800
10.1 envelope origin score		10.1	sentence with figures	0.5749 own-only at the origin	0.5749
10.1 envelope delay score		10.1	sentence with figures	-0.0644 at eleven weeks	-0.0644
10.1 envelope redundancy		10.1	sentence with figures	statistics from -1.94 to -2.86	-1.94 -2.86
11 filtered filtered rate		11	sentence with figures	75.3% against the published 71.5%	75.3% 71.5%
11 filtered where it wins		11	text	better model at three of six delays	
11 filtered paired move		11	point+interval	+3.8% [+0.4%, +8.5%]	+3.8% +0.4% +8.5%
11 filtered age		11	point+interval	3.7 days old [2.0, 6.8]	3.7 2.0 6.8
11 filtered published age		11	sentence with figures	rather than the published 4.6	4.6
11 filtered paired age		11	sentence with figures	−0.9 days [−2.3, −0.1]	0.9 2.3 0.1
9.4 row AXJO		9.4	sentence with figures	0.715 72.2% 69.3% +0.0244 +1.50	0.715 72.2% 69.3% +0.0244 +1.50
9.4 row BVSP		9.4	sentence with figures	0.659 67.6% 49.9% -0.0201 -1.71	0.659 67.6% 49.9% -0.0201 -1.71
9.4 row DAX		9.4	sentence with figures	0.780 104.2% 73.8% -0.0114 -1.97	0.780 104.2% 73.8% -0.0114 -1.97
9.4 row FTSE		9.4	sentence with figures	0.754 85.2% 87.9% +0.0181 +1.57	0.754 85.2% 87.9% +0.0181 +1.57
9.4 row HSI		9.4	sentence with figures	0.661 75.0% 67.7% +0.0021 +0.14	0.661 75.0% 67.7% +0.0021 +0.14
9.4 row N225		9.4	sentence with figures	0.595 52.6% 59.5% +0.0004 +0.02	0.595 52.6% 59.5% +0.0004 +0.02
9.4 row NSEI		9.4	sentence with figures	0.568 53.9% 53.9% +0.0424 +1.83	0.568 53.9% 53.9% +0.0424 +1.83
9.4 row SPX		9.4	sentence with figures	0.853 102.5% 71.5% -0.0053 -0.81	0.853 102.5% 71.5% -0.0053 -0.81
9.4 own-options group		9.4	sentence with figures	103% of the delay	103%
9.4 foreign group		9.4	sentence with figures	68% against 65%	68% 65%
9.4 own redundancy		9.4	text	none of the eight cells	
9.4 gradient		9.4	sentence with figures	seven-regressor version read -0.38	-0.38
9.4 foreign significance		9.4	sentence with figures	significantly in 1 of 24 cells	1 24
9.4 withdrawal stated		9.4	text	none of which clears the threshold	
9.4 scope sentence		9.4	text	about the forecaster's information set and not about which option chains exist	
abstract whose-options			text	three points apart rather than thirty-one	
9.4 compressed own seven		9.4	sentence with figures	from -0.0080 to +0.0029	-0.0080 +0.0029
9.4 compressed own compressed		9.4	sentence with figures	stays at 0 of 8	0 8
9.4 compressed foreign seven		9.4	sentence with figures	from +0.0044 to +0.0153	+0.0044 +0.0153
9.4 compressed foreign compressed		9.4	sentence with figures	from 1 of 24 to 13 of 24	1 24 13 24
9.4 compressed mean statistic		9.4	sentence with figures	mean Giacomini-White statistic of 1.42	1.42
9.4 compressed sharpened gradient		9.4	sentence with figures	correlates -0.77 across the eight	-0.77
9.4 compressed bovespa seven		9.4	sentence with figures	-0.0148 with seven regressors	-0.0148
9.4 compressed bovespa compressed		9.4	sentence with figures	+0.0098 with one	+0.0098
9.4 compressed spanning null		9.4	sentence with figures	correlates -0.14 with the increment	-0.14
9.4 clock diagnostic		9.4	text	leaves the increment negative at all three delays	
Table S31 KSE100			sentence with figures	KSE−100 3,569 3,569 −0.107 −0.107 −31.1% −31.1%	100 3 569 3 569 0.107 0.107 31.1% 31.1%
Table S31 JKSE			sentence with figures	IDX Composite 4,872 3,665 0.648 0.668 42.4% 47.8%	4 872 3 665 0.648 0.668 42.4% 47.8%
Table S31 CSEALL			sentence with figures	Colombo All−Share 3,429 3,429 0.227 0.227 −11.8% −11.8%	3 429 3 429 0.227 0.227 11.8% 11.8%
Table S31 KLCI			sentence with figures	FTSE Bursa KLCI 4,948 3,717 0.612 0.620 44.3% 45.8%	4 948 3 717 0.612 0.620 44.3% 45.8%
Table S31 N225			sentence with figures	Nikkei 225 4,692 3,459 0.704 0.732 58.4% 66.2%	225 4 692 3 459 0.704 0.732 58.4% 66.2%
Table S31 AXJO			sentence with figures	S&P/ASX 200 4,904 3,635 0.808 0.827 69.0% 70.2%	200 4 904 3 635 0.808 0.827 69.0% 70.2%
Table S31 HSI			sentence with figures	Hang Seng 4,755 3,522 0.735 0.775 67.2% 70.5%	4 755 3 522 0.735 0.775 67.2% 70.5%
Table S31 NSEI			sentence with figures	Nifty 50 4,786 3,541 0.661 0.670 53.7% 60.0%	50 4 786 3 541 0.661 0.670 53.7% 60.0%
S38 common-window Spearman		S38	sentence with figures	is +0.976 on the full window and +0.976 on the common one	+0.976 +0.976
S38 worst leave-one-out		S38	sentence with figures	the worst leave-one-out value is +0.964 in both	+0.964
9.5 row AXJO		9.5	sentence with figures	0.808 69.0% 73.0% +0.0271 +2.45	0.808 69.0% 73.0% +0.0271 +2.45
9.5 row HSI		9.5	sentence with figures	0.735 67.2% 74.6% +0.0203 +1.94	0.735 67.2% 74.6% +0.0203 +1.94
9.5 row N225		9.5	sentence with figures	0.704 58.4% 53.0% +0.0292 +2.20	0.704 58.4% 53.0% +0.0292 +2.20
9.5 row NSEI		9.5	sentence with figures	0.661 53.7% 53.9% +0.0384 +2.20	0.661 53.7% 53.9% +0.0384 +2.20
9.5 row JKSE		9.5	sentence with figures	0.648 42.4% 38.6% +0.0455 +2.05	0.648 42.4% 38.6% +0.0455 +2.05
9.5 row KLCI		9.5	sentence with figures	0.612 44.3% 56.1% +0.0144 +1.51	0.612 44.3% 56.1% +0.0144 +1.51
9.5 row CSEALL		9.5	sentence with figures	0.227 -11.8% -7.6% -0.0115 -2.15	0.227 -11.8% -7.6% -0.0115 -2.15
9.5 row KSE100		9.5	sentence with figures	-0.107 -31.1% -25.4% -0.0160 -1.60	-0.107 -31.1% -25.4% -0.0160 -1.60
9.5 coupling correlation		9.5	sentence with figures	coupling and R(breadth) correlate +0.98	+0.98
9.5 indonesia rate		9.5	sentence with figures	42.4% and 44.3%	42.4% 44.3%
9.5 dead pair		9.5	sentence with figures	-31.1% and -11.8%	-31.1% -11.8%
9.5 pakistan coupling		9.5	sentence with figures	negative at -0.107	-0.107
9.5 statistics		9.5	sentence with figures	+2.05 and +1.51	+2.05 +1.51
9.5 significance hedge		9.5	text	falls short of the threshold	
9.5 provenance		9.5	text	no published implied-volatility index	
9.5 containment		9.5	text	no other number in this paper depends on them	
14 coupling rule		14	sentence with figures	tracks the substitution rate at +0.98	+0.98
fig3 crossing			sentence with figures	crosses zero at a coupling of 0.22	0.22
fig3 not a threshold			text	is not a threshold	
fig3 both groups			text	the relation runs through both groups	
15 monthly delay 1 own		15	statistic	0.4846	0.4846
15 monthly delay 1 cross		15	statistic	0.5555	0.5555
15 monthly delay 1 rate		15	point+interval	24.9% [-14, 65]	24.9% -14 65
15 monthly delay 2 own		15	statistic	0.2331	0.2331
15 monthly delay 2 cross		15	statistic	0.4540	0.4540
15 monthly delay 2 rate		15	point+interval	41.2% [14, 71]	41.2% 14 71
15 monthly delay 3 own		15	statistic	0.0725	0.0725
15 monthly delay 3 cross		15	statistic	0.4340	0.4340
15 monthly delay 3 rate		15	point+interval	51.9% [37, 79]	51.9% 37 79
15 monthly delay 6 own		15	statistic	-0.1399	-0.1399
15 monthly delay 6 cross		15	statistic	0.3832	0.3832
15 monthly delay 6 rate		15	point+interval	57.5% [48, 79]	57.5% 48 79
15 appraised delay 1		15	point+interval	24.9% [-11, 72]	24.9% -11 72
15 appraised delay 2		15	point+interval	37.1% [16, 75]	37.1% 16 75
15 appraised delay 3		15	point+interval	45.5% [31, 76]	45.5% 31 76
15 appraised delay 6		15	point+interval	55.8% [46, 80]	55.8% 46 80
15 burn-in arithmetic		15	text	four hundred and thirty-eight years	
15 test months		15	sentence with figures	109 test months	109
15 width requirement		15	sentence with figures	115 test months	115
15 wider requirement		15	sentence with figures	about 205	205
15 years of marks		15	text	twenty-seven and thirty-four years of marks	
9.1 restated limitation		9.1	text	what was missing was a series and not a method	
11 feasibility pointer		11	text	survives being re-specified at monthly frequency	
10 the coupling band's width		10	sentence with figures	span a band only 0.22 as wide as the one that established the coupling relation	0.22
S31.2 the coupling band's width		S31.2	sentence with figures	a band 0.22 times the width of the one that produced	0.22
S31.1 names the three metros that couple lower		S31.1	sentence with figures	Denver at 0.704, Charlotte at 0.699 and Cleveland at 0.662	0.704 0.699 0.662
S31.1 names their rates		S31.1	sentence with figures	all couple lower and all return positive rates, of 4.6%, 45.1% and 9.7%	4.6% 45.1% 9.7%
S31.2 states the prediction's score		S31.2	text	The outcome is thirteen of fourteen on the variance coordinate	
S31.2 does not round the score up		S31.2	text	Thirteen of fourteen is the result, not fourteen of fourteen	
16 persistence span		16	sentence with figures	from 0.601 at Cleveland to 0.939 at Phoenix with a mean of 0.804	0.601 0.939 0.804
16 coupling span		16	sentence with figures	spans 0.662 to 0.866 with a mean of 0.763	0.662 0.866 0.763
16 observations		16	sentence with figures	9,143	9 143
16 slope refused		16	sentence with figures	0.22 times the width	0.22
S31 gives lab53's coupling range as lab53 prints it	lab53	S31	sentence with figures	against -0.107 to 0.808 in Section S14	-0.107 0.808 14
S31 records the superseded range and why it was wrong		S31	text	which is its second-lowest coupling rather than its lowest	
16 block price 13		16	statistic	13	13
16 block price 0.7242		16	statistic	0.7242	0.7242
16 block price 0.7489		16	statistic	0.7489	0.7489
16 block bill -0.0246		16	sentence with figures	−0.0246	0.0246
16 block price 1		16	statistic	1	1
16 block price 0.7242		16	statistic	0.7242	0.7242
16 block price 0.7404		16	statistic	0.7404	0.7404
16 block bill -0.0161		16	sentence with figures	−0.0161	0.0161
16 block price 2		16	statistic	2	2
16 block price 0.7242		16	statistic	0.7242	0.7242
16 block price 0.7458		16	statistic	0.7458	0.7458
16 block bill -0.0216		16	sentence with figures	−0.0216	0.0216
16 block price 13		16	statistic	13	13
16 block price 0.9559		16	statistic	0.9559	0.9559
16 block price 0.9162		16	statistic	0.9162	0.9162
16 block bill +0.0397		16	statistic	+0.0397	+0.0397
16 block price 1		16	statistic	1	1
16 block price 0.9559		16	statistic	0.9559	0.9559
16 block price 0.9544		16	statistic	0.9544	0.9544
16 block bill +0.0015		16	statistic	+0.0015	+0.0015
16 block price 2		16	statistic	2	2
16 block price 0.9559		16	statistic	0.9559	0.9559
16 block price 0.9557		16	statistic	0.9557	0.9557
16 block bill +0.0002		16	statistic	+0.0002	+0.0002
16 block rate 167.9%		16	statistic	167.9%	167.9%
16 block rate 91.3%		16	statistic	91.3%	91.3%
16 block rate 90.7%		16	statistic	90.7%	90.7%
16 block rate 88.4%		16	statistic	88.4%	88.4%
16 block rate 160.3%		16	statistic	160.3%	160.3%
16 block rate 66.2%		16	statistic	66.2%	66.2%
16 block rate 67.8%		16	statistic	67.8%	67.8%
16 block rate 69.1%		16	statistic	69.1%	69.1%
16 block rate 144.3%		16	statistic	144.3%	144.3%
16 block rate 69.8%		16	statistic	69.8%	69.8%
16 block rate 72.1%		16	statistic	72.1%	72.1%
16 block rate 72.2%		16	statistic	72.2%	72.2%
16 block rate -88.7%		16	sentence with figures	−88.7%	88.7%
16 block rate -30.6%		16	sentence with figures	−30.6%	30.6%
16 block rate -1.7%		16	sentence with figures	−1.7%	1.7%
16 block rate 26.1%		16	statistic	26.1%	26.1%
16 block rate 0.7%		16	statistic	0.7%	0.7%
16 block rate 10.3%		16	statistic	10.3%	10.3%
16 block rate 19.0%		16	statistic	19.0%	19.0%
16 block rate 34.9%		16	statistic	34.9%	34.9%
16 block rate 20.7%		16	statistic	20.7%	20.7%
16 block rate 28.2%		16	statistic	28.2%	28.2%
16 block rate 30.6%		16	statistic	30.6%	30.6%
16 block rate 36.0%		16	statistic	36.0%	36.0%
16 compression is the method		16	text	compression is part of the method and not a robustness check	
16 bill sizes		16	sentence with figures	cost 0.0397 of	0.0397
16 bill removed		16	sentence with figures	Compression leaves 0.0015 of it	0.0015
16 delay 1 own		16	statistic	0.5697	0.5697
16 delay 1 cross		16	statistic	0.6580	0.6580
16 delay 1 rate		16	sentence with figures	160.3% [−77, 241]	160.3% 77 241
16 delay 1 count		16	sentence with figures	14 of 14	14 14
16 delay 2 own		16	statistic	0.3927	0.3927
16 delay 2 cross		16	statistic	0.5964	0.5964
16 delay 2 rate		16	point+interval	66.2% [52, 86]	66.2% 52 86
16 delay 2 count		16	sentence with figures	14 of 14	14 14
16 delay 3 own		16	statistic	0.3504	0.3504
16 delay 3 cross		16	statistic	0.5952	0.5952
16 delay 3 rate		16	point+interval	67.8% [45, 92]	67.8% 45 92
16 delay 3 count		16	sentence with figures	14 of 14	14 14
16 delay 6 own		16	statistic	0.2080	0.2080
16 delay 6 cross		16	statistic	0.5730	0.5730
16 delay 6 rate		16	point+interval	69.1% [58, 79]	69.1% 58 79
16 delay 6 count		16	sentence with figures	14 of 14	14 14
16 delay 1 own		16	statistic	0.8667	0.8667
16 delay 1 cross		16	statistic	0.8694	0.8694
16 delay 1 rate		16	sentence with figures	0.7% [−9, 9]	0.7% 9 9
16 delay 1 count		16	sentence with figures	6 of 14	6 14
16 delay 2 own		16	statistic	0.7522	0.7522
16 delay 2 cross		16	statistic	0.7745	0.7745
16 delay 2 rate		16	sentence with figures	10.3% [−2, 22]	10.3% 2 22
16 delay 2 count		16	sentence with figures	10 of 14	10 14
16 delay 3 own		16	statistic	0.6277	0.6277
16 delay 3 cross		16	statistic	0.6859	0.6859
16 delay 3 rate		16	point+interval	19.0% [6, 31]	19.0% 6 31
16 delay 3 count		16	sentence with figures	13 of 14	13 14
16 delay 6 own		16	statistic	0.2692	0.2692
16 delay 6 cross		16	statistic	0.4997	0.4997
16 delay 6 rate		16	point+interval	34.9% [19, 48]	34.9% 19 48
16 delay 6 count		16	sentence with figures	14 of 14	14 14
16 seasonal share		16	sentence with figures	19.9% of monthly return variance	19.9%
16 worst metro		16	sentence with figures	41.7% at Cleveland	41.7%
16 profile correlation		16	sentence with figures	correlate +0.894 across metros	+0.894
16 return placebo		16	sentence with figures	placebo earns 4.2% where the real peer mean earns 73.0%	4.2% 73.0%
16 variance placebo		16	sentence with figures	earns 18.6%	18.6%
16 return treatments		16	sentence with figures	73.0% against the published 67.8%, with causal deseasonalisation in between at 71.0%	73.0% 67.8% 71.0%
16 variance treatments		16	sentence with figures	19.0%, 16.0% and 18.6%	19.0% 16.0% 18.6%
16 return breadth		16	sentence with figures	67.8% to 67.5%	67.8% 67.5%
16 variance breadth		16	sentence with figures	19.0% to 19.9%	19.0% 19.9%
16 placebo purpose		16	text	a test that could have convicted the design and did not	
9 the placebo set at delta=5		9	point+interval	-11.4% [-31, 3]	-11.4% -31 3
9 the placebo set at delta=21		9	point+interval	-11.4% [-31, 2]	-11.4% -31 2
9 the placebo set at delta=55		9	point+interval	-8.1% [-25, 6]	-8.1% -25 6
9 the placebo sets contain zero		9	text	Each contains zero, so the placebo cannot be distinguished from no effect at all	
9 the placebo sets are disjoint from the headline		9	text	also lies entirely below the headline	
9 the disjointness is demoted to description		9	sentence with figures	reported as description rather than as the test, because Section S10 withdraws the reading of non-overlapping marginal sets as a test of a difference	10
16 remaining limits		16	text	nobody holds a Case-Shiller index	
12 measured pointer		12	text	the illiquid case itself, argued rather than demonstrated	
4.3 vintage share		4.3	sentence with figures	accounts for 0.4% of the damage at a week and 2.7% at eleven weeks	0.4% 2.7%
4.3 rate difference		4.3	sentence with figures	is 2.8 points higher at most	2.8
S36 vintage share		S36	sentence with figures	0.4% of the delay's damage at one week and 2.7% at eleven	0.4% 2.7%
S36 rate difference		S36	sentence with figures	differ by at most 2.8 points	2.8
4.3 outage named		4.3	text	domestic-data outage of &delta; days	
S36 infeasible labelled		S36	text	It is infeasible under this paper's own information set	
4.4 benchmark gap		4.4	sentence with figures	differ by 62.8% of the mean level and correlate 0.35	62.8% 0.35
4.4 benchmark is normalised		4.4	text	the trailing mean of variance over its own median	
4.4 median direction disclosed		4.4	text	giving it the median at t + h while the model only holds the median at t	
7 points at its working		7	sentence with figures	Section S28 of the Internet Appendix gives the race in full	28
8 points at its working		8	sentence with figures	Section S31 of the Internet Appendix runs the whole design	31
lab43 shared rows	lab43		sentence with figures	6,747 dates	6 747
lab43 exact share	lab43		sentence with figures	99.91% of rows	99.91%
lab43 mean difference	lab43		sentence with figures	0.000222 index points	0.000222
lab43 rows outside tolerance	lab43		text	two rows fall outside	
lab43 fabricated rows	lab43		text	fifteen rows on dates United States equities were shut	
lab43 none reach the panel	lab43		text	All fifteen fall outside the panel	
lab43 substitution is inert	lab43		text	by as much as a thousandth	
11 shortened session 1		11	sentence with figures	28 November 2008	28 2008
11 shortened session 2		11	sentence with figures	24 December 2012	24 2012
11 fabricated date		11	sentence with figures	11 September 2001	11 2001
lab12 training window	lab12		sentence with figures	fitted on the first 1,250 days	1 250
lab12 validation tail	lab12		sentence with figures	scored on the last 250	250
lab12 refit frequency	lab12		sentence with figures	refitted every 21 days	21
lab12 median window	lab12		sentence with figures	trailing 252-day median	252
lab12 HAC bandwidth	lab12		sentence with figures	run to L = 40 lags	40
lab13 origin-dated rate	lab13		point+interval	the substitution rate is 71% [54, 83] against 71% [54, 83] at eleven weeks	71% 54 83 71% 54 83
4.2 quotes the implementable rate in headlines		4.2	text	quotes the origin-dated rate wherever it states a headline	
introduction states the implementable rate			point+interval	returns 71% [54, 83] of what the delay took	71% 54 83
4.2 summary row states the implementable rate		4.2	point+interval	71% [54, 83] at eleven weeks	71% 54 83
lab15 d=0 R2 IV	lab15		statistic	0.5507	0.5507
lab15 d=0 F dR2	lab15		statistic	-0.0093	-0.0093
lab15 d=0 F GW	lab15		statistic	-2.24	-2.24
lab15 d=0 FAC dR2	lab15		statistic	-0.0107	-0.0107
lab15 d=0 FAC GW	lab15		statistic	-2.40	-2.40
lab15 d=0 RFF20 dR2	lab15		statistic	-0.0400	-0.0400
lab15 d=0 RFF20 GW	lab15		statistic	-2.49	-2.49
lab15 d=0 RFF60 dR2	lab15		statistic	-0.0525	-0.0525
lab15 d=0 RFF60 GW	lab15		statistic	-3.40	-3.40
lab15 d=3 R2 IV	lab15		statistic	0.5243	0.5243
lab15 d=3 F dR2	lab15		statistic	-0.0049	-0.0049
lab15 d=3 F GW	lab15		statistic	-0.91	-0.91
lab15 d=3 FAC dR2	lab15		statistic	-0.0095	-0.0095
lab15 d=3 FAC GW	lab15		statistic	-1.65	-1.65
lab15 d=3 RFF20 dR2	lab15		statistic	-0.0445	-0.0445
lab15 d=3 RFF20 GW	lab15		statistic	-2.01	-2.01
lab15 d=3 RFF60 dR2	lab15		statistic	-0.0595	-0.0595
lab15 d=3 RFF60 GW	lab15		statistic	-2.81	-2.81
lab15 d=5 R2 IV	lab15		statistic	0.5229	0.5229
lab15 d=5 F dR2	lab15		statistic	-0.0055	-0.0055
lab15 d=5 F GW	lab15		statistic	-0.90	-0.90
lab15 d=5 FAC dR2	lab15		statistic	-0.0074	-0.0074
lab15 d=5 FAC GW	lab15		statistic	-1.18	-1.18
lab15 d=5 RFF20 dR2	lab15		statistic	-0.0527	-0.0527
lab15 d=5 RFF20 GW	lab15		statistic	-1.95	-1.95
lab15 d=5 RFF60 dR2	lab15		statistic	-0.0632	-0.0632
lab15 d=5 RFF60 GW	lab15		statistic	-2.80	-2.80
lab15 d=13 R2 IV	lab15		statistic	0.5134	0.5134
lab15 d=13 F dR2	lab15		statistic	-0.0048	-0.0048
lab15 d=13 F GW	lab15		statistic	-0.65	-0.65
lab15 d=13 FAC dR2	lab15		statistic	-0.0093	-0.0093
lab15 d=13 FAC GW	lab15		statistic	-0.72	-0.72
lab15 d=13 RFF20 dR2	lab15		statistic	-0.0629	-0.0629
lab15 d=13 RFF20 GW	lab15		statistic	-2.05	-2.05
lab15 d=13 RFF60 dR2	lab15		statistic	-0.0720	-0.0720
lab15 d=13 RFF60 GW	lab15		statistic	-2.52	-2.52
lab15 d=21 R2 IV	lab15		statistic	0.5124	0.5124
lab15 d=21 F dR2	lab15		statistic	-0.0049	-0.0049
lab15 d=21 F GW	lab15		statistic	-0.69	-0.69
lab15 d=21 FAC dR2	lab15		statistic	-0.0154	-0.0154
lab15 d=21 FAC GW	lab15		statistic	-1.03	-1.03
lab15 d=21 RFF20 dR2	lab15		statistic	-0.0679	-0.0679
lab15 d=21 RFF20 GW	lab15		statistic	-2.05	-2.05
lab15 d=21 RFF60 dR2	lab15		statistic	-0.0738	-0.0738
lab15 d=21 RFF60 GW	lab15		statistic	-2.58	-2.58
lab15 d=55 R2 IV	lab15		statistic	0.5082	0.5082
lab15 d=55 F dR2	lab15		statistic	-0.0046	-0.0046
lab15 d=55 F GW	lab15		statistic	-0.70	-0.70
lab15 d=55 FAC dR2	lab15		statistic	-0.0047	-0.0047
lab15 d=55 FAC GW	lab15		statistic	-0.69	-0.69
lab15 d=55 RFF20 dR2	lab15		statistic	-0.0587	-0.0587
lab15 d=55 RFF20 GW	lab15		statistic	-1.99	-1.99
lab15 d=55 RFF60 dR2	lab15		statistic	-0.0657	-0.0657
lab15 d=55 RFF60 GW	lab15		statistic	-2.32	-2.32
lab15 linear GW range	lab15		sentence with figures	-0.65 and -0.91	-0.65 -0.91
lab16 d=0 differing refits	lab16		statistic	18%	18%
lab16 d=3 differing refits	lab16		statistic	49%	49%
lab16 d=5 differing refits	lab16		statistic	44%	44%
lab16 d=13 differing refits	lab16		statistic	45%	45%
lab16 d=21 differing refits	lab16		statistic	33%	33%
lab16 d=55 differing refits	lab16		statistic	34%	34%
lab16 d=0 adjustment ratio	lab16		statistic	1.10	1.10
lab16 d=3 adjustment ratio	lab16		statistic	1.60	1.60
lab16 d=5 adjustment ratio	lab16		statistic	1.27	1.27
lab16 d=13 adjustment ratio	lab16		statistic	1.11	1.11
lab16 d=21 adjustment ratio	lab16		statistic	1.03	1.03
lab16 d=55 adjustment ratio	lab16		statistic	0.95	0.95
lab16 d=0 CW separate	lab16		statistic	0.21	0.21
lab16 d=0 CW common	lab16		statistic	0.25	0.25
lab16 d=3 CW separate	lab16		statistic	6.13	6.13
lab16 d=3 CW common	lab16		statistic	6.09	6.09
lab16 d=5 CW separate	lab16		statistic	6.45	6.45
lab16 d=5 CW common	lab16		statistic	6.45	6.45
lab16 d=13 CW separate	lab16		statistic	6.07	6.07
lab16 d=13 CW common	lab16		statistic	6.03	6.03
lab16 d=21 CW separate	lab16		statistic	5.52	5.52
lab16 d=21 CW common	lab16		statistic	5.52	5.52
lab16 d=55 CW separate	lab16		statistic	5.54	5.54
lab16 d=55 CW common	lab16		statistic	5.53	5.53
lab16 d=0 GW common	lab16		statistic	-2.04	-2.04
lab16 d=3 GW common	lab16		statistic	2.95	2.95
lab16 d=5 GW common	lab16		statistic	3.86	3.86
lab16 d=13 GW common	lab16		statistic	4.25	4.25
lab16 d=21 GW common	lab16		statistic	3.99	3.99
lab16 d=55 GW common	lab16		statistic	4.29	4.29
lab16 disclosure	lab16		sentence with figures	S3. A caveat on the Clark-West column	3
lab16 remedy is decisive	lab16		sentence with figures	imposing a common penalty moves no Clark-West statistic by more than 0.05	0.05
lab16 ratio not sold as a threshold	lab16		text	We offer that ratio as a description, not a threshold	
lab16 remedy is partial	lab16		text	A common penalty reduces the departure from exact nesting rather than completely removing it	
lab16 residual named	lab16		text	the residual non-nesting of two ridge fits on designs of different width	
S2 interval inversion conceded		S2	text	any interval can be inverted into a test of the values it excludes	
lab17 h=1 row	lab17		point+interval	1 day 0.924 70% [59%, 77%] 83%	1 0.924 70% 59% 77% 83%
lab17 h=5 row	lab17		point+interval	5 days 0.519 71% [54%, 83%] 81%	5 0.519 71% 54% 83% 81%
lab17 h=10 row	lab17		point+interval	10 days 0.367 66% [38%, 83%] 73%	10 0.367 66% 38% 83% 73%
lab17 h=21 row	lab17		point+interval	21 days 0.202 50% [8%, 78%] 65%	21 0.202 50% 8% 78% 65%
lab17 h=1 own R2	lab17		statistic	0.924	0.924
lab17 target autocorrelation	lab17		statistic	0.953	0.953
lab17 target autocorrelation	lab17		statistic	0.692	0.692
lab17 target autocorrelation	lab17		statistic	0.576	0.576
lab17 target autocorrelation	lab17		statistic	0.417	0.417
lab18 d=0 domestic median	lab18		statistic	1.26	1.26
lab18 d=0 domestic outside 2x	lab18		statistic	31.1%	31.1%
lab18 d=55 domestic median	lab18		statistic	1.90	1.90
lab18 d=55 domestic outside 2x	lab18		statistic	59.2%	59.2%
lab18 d=55 cross median	lab18		statistic	1.27	1.27
lab18 d=55 cross outside 2x	lab18		statistic	37.1%	37.1%
lab18 understating tail range	lab18		sentence with figures	8.6% and 11.5%	8.6% 11.5%
lab19 reduced window	lab19		sentence with figures	1,240	1 240
lab19 peak VIX full	lab19		statistic	82.7	82.7
lab19 peak VIX reduced	lab19		statistic	41.4	41.4
12 VSTOXX verdict		12	text	it adds nothing at any delay and is mildly negative at all six	
lab22 d=0 row	lab22		sentence with figures	0.5188 0.5199 0.5200 0.5176 0.5089 +0.0111 2.62	0.5188 0.5199 0.5200 0.5176 0.5089 +0.0111 2.62
lab22 d=3 row	lab22		sentence with figures	0.4094 0.4597 0.4609 0.4584 0.4492 +0.0117 1.79	0.4094 0.4597 0.4609 0.4584 0.4492 +0.0117 1.79
lab22 d=5 row	lab22		sentence with figures	0.3637 0.4536 0.4551 0.4529 0.4434 +0.0117 1.72	0.3637 0.4536 0.4551 0.4529 0.4434 +0.0117 1.72
lab22 d=13 row	lab22		sentence with figures	0.2332 0.4244 0.4269 0.4252 0.4150 +0.0120 1.53	0.2332 0.4244 0.4269 0.4252 0.4150 +0.0120 1.53
lab22 d=21 row	lab22		sentence with figures	0.1478 0.4086 0.4117 0.4089 0.3973 +0.0143 1.56	0.1478 0.4086 0.4117 0.4089 0.3973 +0.0143 1.56
lab22 d=55 row	lab22		sentence with figures	0.0072 0.3873 0.3918 0.3889 0.3729 +0.0189 1.44	0.0072 0.3873 0.3918 0.3889 0.3729 +0.0189 1.44
6.1's range for the PC1 gain			sentence with figures	at every delay, by 0.011 to 0.019 of R&sup2;	0.011 0.019 2
6.1 counts the rising steps instead of claiming monotonicity		6.1	text	larger at four of the five steps	
6.1 names the only significant delay and its statistic		6.1	sentence with figures	clears conventional significance at &delta; = 0 alone, where the Giacomini-White statistic is 2.62, and at no other delay	0 2.62
6.1 names the weakest cell		6.1	sentence with figures	to 1.44 at eleven weeks	1.44
6.1 names the reversal in the statistic		6.1	sentence with figures	the thirteen-day cell at 1.53 sits three hundredths below the twenty-one-day cell at 1.56	1.53 1.56
6.1 counts the consistent sign		6.1	text	a consistent sign at six of six delays	
6.1's margin over the equal-weighted mean			sentence with figures	by 0.0001 of R&sup2; at zero delay and by at most 0.004 at any delay	0.0001 2 0.004
6.1's zero-delay levels			sentence with figures	The seven-coefficient model scores 0.5089 against the domestic model's 0.5188	0.5089 0.5188
6.1 names PC1's zero-delay level		6.1	sentence with figures	while PC1 scores 0.5200, above it	1 0.5200
6.1 prices the zero-delay difference		6.1	sentence with figures	a difference of 0.0012 with no interval attached	0.0012
6 states the bound it is entitled to		6	text	an in-sample bound on a different quantity from the rate	
6 quotes lab07's cost POINT estimate, not its interval endpoint	lab07	6	sentence with figures	draws this gives -0.0126 at &delta; = 0, with a Monte Carlo standard error of 0.0003	-0.0126 0 0.0003
6 names lab07's surrogate draw count	lab07	6	text	Averaged over one hundred draws	
Table 3's caption names the same draw count			sentence with figures	Cost from AR(1) surrogates, one hundred draws	1
S21 names its own draw count		S21	sentence with figures	The AR(1) column here is twenty draws	1
S21 names Table 3's draw count		S21	sentence with figures	not the one hundred behind Table 3	3
S21 compares the two tables at zero delay		S21	sentence with figures	-0.0120 against -0.0126 at &delta; = 0	-0.0120 -0.0126 0
S21 compares the two tables at three weeks		S21	sentence with figures	-0.0524 against -0.0514 at &delta; = 21	-0.0524 -0.0514 21
S21 prices the three-week spread against the standard error		S21	sentence with figures	it is 0.0010 against Table 3's own Monte Carlo standard error of 0.0014	0.0010 3 0.0014
S21 prices the zero-delay spread, which is larger		S21	sentence with figures	it is 0.0006 against 0.0003	0.0006 0.0003
6 names the delay where gross content first clears zero		6	text	Gross content clears zero at one day	
the relative width quoted in days is lab48's age figure	lab48		sentence with figures	the calm cell is 9.1 times as wide relative to its own	9.1
S16's two increments and their own-only skill			sentence with figures	worth +0.3657 of R&sup2; at eleven weeks under the target-dated outcome and +0.3677 under the origin-dated one, on own-only skill of +0.0072 and +0.0102	+0.3657 2 +0.3677 +0.0072 +0.0102
S28's implied-volatility curve and the domestic one			sentence with figures	from 0.5545 to 0.5261 across eleven weeks, where the domestic-only forecaster falls from 0.5138 to 0.0009	0.5545 0.5261 0.5138 0.0009
S28's three-week cell			sentence with figures	today's VIX scores 0.5243, above the 0.5138 of a forecaster with fully current domestic data	0.5243 0.5138
S28.1 quotes lab23_compressed_everywhere's statistic range	lab23	S28.1	sentence with figures	no Giacomini-White statistic reaches 1.96: the largest is 1.04	1.96 1.04
S27 quotes lab28_orthogonal_breadth's statistic range	lab28	S27	sentence with figures	separates the two at every delay, from z = 2.77 to 4.89	2.77 4.89
Table S17 row delta=0			sentence with figures	0 0.5507 -0.0093 -2.24 -0.0107 -2.40 -0.0400 -2.49 -0.0525 -3.40	0 0.5507 -0.0093 -2.24 -0.0107 -2.40 -0.0400 -2.49 -0.0525 -3.40
Table S17 row delta=3			sentence with figures	3 0.5243 -0.0049 -0.91 -0.0095 -1.65 -0.0445 -2.01 -0.0595 -2.81	3 0.5243 -0.0049 -0.91 -0.0095 -1.65 -0.0445 -2.01 -0.0595 -2.81
Table S17 row delta=5			sentence with figures	5 0.5229 -0.0055 -0.90 -0.0074 -1.18 -0.0527 -1.95 -0.0632 -2.80	5 0.5229 -0.0055 -0.90 -0.0074 -1.18 -0.0527 -1.95 -0.0632 -2.80
Table S17 row delta=13			sentence with figures	13 0.5134 -0.0048 -0.65 -0.0093 -0.72 -0.0629 -2.05 -0.0720 -2.52	13 0.5134 -0.0048 -0.65 -0.0093 -0.72 -0.0629 -2.05 -0.0720 -2.52
Table S17 row delta=21			sentence with figures	21 0.5124 -0.0049 -0.69 -0.0154 -1.03 -0.0679 -2.05 -0.0738 -2.58	21 0.5124 -0.0049 -0.69 -0.0154 -1.03 -0.0679 -2.05 -0.0738 -2.58
Table S17 row delta=55			sentence with figures	55 0.5082 -0.0046 -0.70 -0.0047 -0.69 -0.0587 -1.99 -0.0657 -2.32	55 0.5082 -0.0046 -0.70 -0.0047 -0.69 -0.0587 -1.99 -0.0657 -2.32
S30's horizon-matched gain range			sentence with figures	beats thirty-day VIX at every delay we test, by 0.0235 to 0.0399 of R&sup2;	0.0235 0.0399 2
Table S26's caption counts the panel and the rows separately			text	all twenty metropolitan indices and the span quoted in the text is over all twenty; the rows below are the fourteen with a full history	
Table S26's caption names the most persistent metro			sentence with figures	The most persistent of the twenty is Phoenix at 0.939	0.939
S31.1 quotes the mean-of-ratios reading and its interval		S31.1	interval	reads 160.3%, with an interval of [-77, 241]	160.3% -77 241
S31.1 gives the pooled arithmetic		S31.1	sentence with figures	0.6580 against 0.5697 over 0.7242 against 0.5697 - gives 57%	0.6580 0.5697 0.7242 0.5697 57%
S31.1 gives the zero-delay pair that DOES show the Section 7 effect		S31.1	sentence with figures	the cross arm scores 0.7404 against 0.7242	0.7404 0.7242
no duplicate Table 6			sentence with figures	Table 7. Block-length and bootstrap-family sensitivity	7
hard labels: usefulness, not computability			text	makes the Brier score equivalent to the error rate and makes the log score infinite after any error	
proper scores filed correctly			text	the Brier and log scores evaluate probability forecasts of the binary event, which is what they are proper for	
one evaluation target for all forecasters			text	CC and YZ denote alternative information variables a forecaster may hold, not alternative evaluation targets	
lab23 d=0 redundancy row	lab23		sentence with figures	0.5545 0.5557 0.5556 0.5442 +0.0012 0.43 +0.0012 0.42	0.5545 0.5557 0.5556 0.5442 +0.0012 0.43 +0.0012 0.42
lab23 d=3 redundancy row	lab23		sentence with figures	0.5334 0.5356 0.5358 0.5229 +0.0021 0.84 +0.0024 0.94	0.5334 0.5356 0.5358 0.5229 +0.0021 0.84 +0.0024 0.94
lab23 d=5 redundancy row	lab23		sentence with figures	0.5324 0.5351 0.5354 0.5229 +0.0027 0.85 +0.0030 0.94	0.5324 0.5351 0.5354 0.5229 +0.0027 0.85 +0.0030 0.94
lab23 d=13 redundancy row	lab23		sentence with figures	0.5258 0.5292 0.5297 0.5167 +0.0035 0.86 +0.0040 0.97	0.5258 0.5292 0.5297 0.5167 +0.0035 0.86 +0.0040 0.97
lab23 d=21 redundancy row	lab23		sentence with figures	0.5243 0.5279 0.5282 0.5146 +0.0036 0.87 +0.0040 0.95	0.5243 0.5279 0.5282 0.5146 +0.0036 0.87 +0.0040 0.95
lab23 d=55 redundancy row	lab23		sentence with figures	0.5261 0.5300 0.5301 0.5166 +0.0039 1.04 +0.0040 1.03	0.5261 0.5300 0.5301 0.5166 +0.0039 1.04 +0.0040 1.03
lab23 FULL rate is the fixed-b set	lab23		point+interval	71.5% [54.3, 83.4]	71.5% 54.3 83.4
lab23 MEAN rate is the fixed-b set	lab23		point+interval	74.3% [59.1, 84.1]	74.3% 59.1 84.1
lab23 PC1 rate is the fixed-b set	lab23		point+interval	75.2% [60.1, 84.9]	75.2% 60.1 84.9
Table 1 caption names one construction			text	Every interval here is the fixed-b Fieller set	
lab23 sign flip	lab23		text	The sign flips and the conclusion does not	
lab21 d=0 generator row	lab21		sentence with figures	-0.0099 -0.0120 -0.0117 0.0008 -0.0315 +0.0021 +0.0018	-0.0099 -0.0120 -0.0117 0.0008 -0.0315 +0.0021 +0.0018
lab21 d=1 generator row	lab21		sentence with figures	-0.0005 -0.0142 -0.0134 0.0010 -0.0317 +0.0137 +0.0128	-0.0005 -0.0142 -0.0134 0.0010 -0.0317 +0.0137 +0.0128
lab21 d=3 generator row	lab21		sentence with figures	+0.0398 -0.0190 -0.0168 0.0012 -0.0327 +0.0588 +0.0566	+0.0398 -0.0190 -0.0168 0.0012 -0.0327 +0.0588 +0.0566
lab21 d=5 generator row	lab21		sentence with figures	+0.0797 -0.0233 -0.0200 0.0015 -0.0339 +0.1029 +0.0997	+0.0797 -0.0233 -0.0200 0.0015 -0.0339 +0.1029 +0.0997
lab21 d=13 generator row	lab21		sentence with figures	+0.1818 -0.0393 -0.0334 0.0026 -0.0416 +0.2211 +0.2151	+0.1818 -0.0393 -0.0334 0.0026 -0.0416 +0.2211 +0.2151
lab21 d=21 generator row	lab21		sentence with figures	+0.2495 -0.0524 -0.0467 0.0038 -0.0497 +0.3019 +0.2962	+0.2495 -0.0524 -0.0467 0.0038 -0.0497 +0.3019 +0.2962
lab21 d=55 generator row	lab21		sentence with figures	+0.3657 -0.0674 -0.0667 0.0070 -0.0654 +0.4331 +0.4323	+0.3657 -0.0674 -0.0667 0.0070 -0.0654 +0.4331 +0.4323
lab21 largest gap	lab21		sentence with figures	largest gap is 0.0059 of R&sup2; at &delta; = 13	0.0059 2 13
lab21 closest call	lab21		sentence with figures	which is 0.64 of the tolerance there	0.64
lab21 test days lost per naive draw	lab21		sentence with figures	about 187 test days per draw	187
lab21 naive penalty at d=0	lab21		sentence with figures	sits 0.0199 of R&sup2; below the corrected estimate	0.0199 2
lab21 naive penalty at d=55	lab21		sentence with figures	and 0.0013 below it at &delta; = 55	0.0013 55
lab21 near-identity draw	lab21		sentence with figures	scored +0.1818 on its own	+0.1818
lab21 near-identity spread	lab21		sentence with figures	standard deviation of 0.0680	0.0680
lab21 agreement claim	lab21		text	The two generators agree at every delay	
lab21 Fieller ordinary intervals	lab21		text	one day to eleven weeks the confidence set is an ordinary interval	
lab21 Fieller endpoint gap	lab21		sentence with figures	8.2 percentage points	8.2
lab21 Fieller d=55 pair	lab21		interval	[54%, 83%] against [59%, 82%]	54% 83% 59% 82%
lab28 d=0 split row	lab28		sentence with figures	0.5188 0.5200 0.5080 0.5089 +0.0012 -0.0108 2.77	0.5188 0.5200 0.5080 0.5089 +0.0012 -0.0108 2.77
lab28 d=3 split row	lab28		sentence with figures	0.4094 0.4609 0.3988 0.4492 +0.0515 -0.0106 4.43	0.4094 0.4609 0.3988 0.4492 +0.0515 -0.0106 4.43
lab28 d=5 split row	lab28		sentence with figures	0.3637 0.4551 0.3545 0.4434 +0.0914 -0.0093 4.89	0.3637 0.4551 0.3545 0.4434 +0.0914 -0.0093 4.89
lab28 d=13 split row	lab28		sentence with figures	0.2332 0.4269 0.2263 0.4150 +0.1937 -0.0069 4.73	0.2332 0.4269 0.2263 0.4150 +0.1937 -0.0069 4.73
lab28 d=21 split row	lab28		sentence with figures	0.1478 0.4117 0.1344 0.3973 +0.2638 -0.0134 4.08	0.1478 0.4117 0.1344 0.3973 +0.2638 -0.0134 4.08
lab28 d=55 split row	lab28		sentence with figures	0.0072 0.3918 -0.0190 0.3729 +0.3846 -0.0262 4.29	0.0072 0.3918 -0.0190 0.3729 +0.3846 -0.0262 4.29
lab28 verdict	lab28		text	is negative at every delay	
lab28 rotation check	lab28		sentence with figures	to within 0.0010 of R&sup2; at every delay	0.0010 2
Table S7 row 1 (VIX top 5%)			point+interval	VIX top 5% 367 18 63.1% [44.5, 74.2] 4.6	5% 367 18 63.1% 44.5 74.2 4.6
Table S7 row 2 (VIX top 10%)			point+interval	VIX top 10% 644 32 57.0% [35.9, 69.1] 5.0	10% 644 32 57.0% 35.9 69.1 5.0
Table S7 row 3 (VIX top 33%)			point+interval	VIX top 33% 1,729 86 43.2% [19.2, 56.5] 5.5	33% 1 729 86 43.2% 19.2 56.5 5.5
Table S7 row 4 (episodes, peak +/-20d)			point+interval	episodes, peak &plusmn;20 days 246 12 62.9% [40.2, 78.1] 4.5	20 246 12 62.9% 40.2 78.1 4.5
Table S7 row 5 (VIX bottom 67%)			point+interval	VIX bottom 67% 3,074 154 29.9% [17.7, 40.2] 11.2	67% 3 074 154 29.9% 17.7 40.2 11.2
Table S7 row 6 (outside every episode)			point+interval	outside every episode 3,996 200 23.8% [13.7, 32.4] 11.0	3 996 200 23.8% 13.7 32.4 11.0
Table S7 gap under fixed-b			sentence with figures	disjoint sets, 44.5 against 40.2	44.5 40.2
Table S7 gap against the bootstrap's			sentence with figures	narrower than the bootstrap gave it, 4.3 points where the bootstrap's was 8.2	4.3 8.2
S10 width range		S10	sentence with figures	all six are wider, by 1.9 to 6.4 points	1.9 6.4
S10 endpoints moved outward		S10	text	ten of the twelve endpoints moved outward	
S10 names the top-33% exception		S10	sentence with figures	the upper end of the top-33% rung, 56.5 against 57.4	-33% 56.5 57.4
S10 names the narrow-window exception		S10	sentence with figures	the lower end of the narrow calendar window, 40.2 against 40.1	40.2 40.1
S10 count of separated stress cells		S10	text	falls from twelve of sixteen to eleven of sixteen	
S10 names the cell that changes status		S10	interval	26.8%, which reads [6.4, 44.7] under the bootstrap and [-7.7, 46.1] under the inversion	26.8% 6.4 44.7 -7.7 46.1
S10 gives that cell's days and tau		S10	sentence with figures	246 days with a denominator t -statistic of 3.3	246 3.3
S10 gives the ladder's dimensions		S10	text	four delays by seven states, of which this table shows six	
4.6 gives the ladder's dimensions		4.6	text	four delays by seven market states	
S10 counts the ladder's cells		S10	text	all twenty-eight cells returned ordinary bounded intervals	
S10 tau range in Table S7		S10	sentence with figures	4.5 to 5.5 on the stress rungs and 11.0 to 11.2 on the calm ones	4.5 5.5 11.0 11.2
S10 tau range over the full ladder		S10	sentence with figures	it runs 3.3 to 13.5	3.3 13.5
4.6 tau range on Table S7's stress rungs		4.6	sentence with figures	from 4.5 to 5.5 on the stressed rungs of Table S7	4.5 5.5 7
4.6 tau on Table S7's calm rungs		4.6	sentence with figures	reach 11.0 and 11.2	11.0 11.2
4.6 full-ladder tau range		4.6	sentence with figures	&tau; runs from 3.3 to 13.5	3.3 13.5
S10 says every cell came back bounded		S10	text	all twenty-eight cells returned ordinary bounded intervals	
lab27 direction	lab27		text	it roughly doubles, and it rises monotonically	
lab27 redundancy in stress	lab27		text	the foreign block adds significantly in none	
lab27 severest rung size	lab27		sentence with figures	severest rung carries 324 days	324
S25 says the normalised rate is an exclusion set everywhere		S25	text	returns an exclusion set at all eight delays	
S25 gives the band the normalised set excludes		S25	sentence with figures	whose excluded middle begins no lower than 90 at any delay	90
S25 quotes the normalised set at eleven weeks		S25	interval	the set is everything outside [108, 182]	108 182
S25 counts the natural-scale whole-line sets		S25	text	returns the whole real line at six of the eight delays	
S25 gives the two bounded widths		S25	sentence with figures	sets 219 and 170 points wide at the other two	219 170
S25 quotes the two bounded sets		S25	point+interval	75% [39, 258] at &delta; = 34 and 80% [34, 204] at &delta; = 55	75% 39 258 34 80% 34 204 55
S25 counts the sets that are not ordinary intervals		S25	text	fourteen of thirty-two sets are not ordinary intervals	
S25 says all of them are in the two variance-scale columns		S25	text	every one of the fourteen is in these two columns	
S25 gives the tau range of the columns the paper leans on		S25	sentence with figures	denominator t -statistics of 5.3 to 6.4	5.3 6.4
Table S20 caption says why it carries no interval			text	This table carries no interval column, and the paragraph after it says why	
Table 15 row delta=3			sentence with figures	3 36% 9% -8% -15% -14% -9%	3 36% 9% -8% -15% -14% -9%
Table 15 row delta=5			sentence with figures	5 51% 29% 13% -0% -11% -8%	5 51% 29% 13% -0% -11% -8%
Table 15 row delta=13			sentence with figures	13 64% 51% 42% 34% 22% -1%	13 64% 51% 42% 34% 22% -1%
Table 15 row delta=21			sentence with figures	21 67% 57% 50% 44% 33% 16%	21 67% 57% 50% 44% 33% 16%
Table 15 row delta=55			sentence with figures	55 71% 64% 58% 53% 45% 30%	55 71% 64% 58% 53% 45% 30%
Table 18 row delta=3			sentence with figures	3 1.7d 2.7d 3.3d 3.7d 3.6d 3.4d	3 1.7 2.7 3.3 3.7 3.6 3.4
Table 18 row delta=5			sentence with figures	5 1.9d 3.0d 4.0d 5.0d 5.9d 5.6d	5 1.9 3.0 4.0 5.0 5.9 5.6
Table 18 row delta=13			sentence with figures	13 2.8d 4.2d 5.6d 6.8d 8.9d 13.2d	13 2.8 4.2 5.6 6.8 8.9 13.2
Table 18 row delta=21			sentence with figures	21 3.5d 5.2d 6.7d 8.1d 10.5d 14.9d	21 3.5 5.2 6.7 8.1 10.5 14.9
Table 18 row delta=55			sentence with figures	55 4.6d 6.8d 8.5d 10.0d 12.6d 19.4d	55 4.6 6.8 8.5 10.0 12.6 19.4
Table S8's caption gives both test-day counts			sentence with figures	ends with 4,852 test days against Table 2's 4,862	4 852 2 4 862
Table S8's caption gives both own-only figures			sentence with figures	at eleven weeks is 0.0066 where Table 2 has 0.0072	0.0066 2 0.0072
Table S8's caption contrasts the four rates			sentence with figures	it reads 67% at three weeks and 71% at eleven where Table 2 reads 67% and 71%	67% 71% 2 67% 71%
8.3 exchange rate		8.3	sentence with figures	0.12, 0.35, 1.03, 1.12 and 1.44 days	0.12 0.35 1.03 1.12 1.44
8.3 monotone exchange rate		8.3	text	rising at every step	
8.3 staleness cell count		8.3	sentence with figures	significantly in 25 of the 30 cells	25 30
8.3 one-day count		8.3	sentence with figures	in 5 of the 6 delays a single day is already enough	5 6
8.3 clock correlation		8.3	sentence with figures	with a correlation of +0.93	+0.93
8.3 clock row FTSE		8.3	sentence with figures	0.013 and 0.019 for the FTSE and the DAX	0.013 0.019
8.3 clock row DAX		8.3	text	four and a half hours ahead of New York	
8.3 clock row BVSP		8.3	sentence with figures	against 0.051 for Bovespa	0.051
8.3 direction of the raw asymmetry		8.3	text	all seven peers appear to LAG the target	
8.3 factor lag count		8.3	sentence with figures	beats every lagged version in 25 of 30 cells	25 30
8.3 factor history delays		8.3	sentence with figures	does add to today's at &delta; = 3 and &delta; = 5, and at no longer delay	3 5
Table S3 row delta=5			sentence with figures	5 0.3637 0.3768	5 0.3637 0.3768
Table S3 rates and interval delta=5			sentence with figures	51% 47% −4.1% [−11.9, +1.7]	51% 47% 4.1% 11.9 +1.7
Table S3 row delta=13			sentence with figures	13 0.2332 0.2542	13 0.2332 0.2542
Table S3 rates and interval delta=13			sentence with figures	64% 60% −3.6% [−10.0, +0.5]	64% 60% 3.6% 10.0 +0.5
Table S3 row delta=21			sentence with figures	21 0.1478 0.1797	21 0.1478 0.1797
Table S3 rates and interval delta=21			sentence with figures	67% 64% −3.4% [−9.2, +0.1]	67% 64% 3.4% 9.2 +0.1
Table S3 row delta=55			sentence with figures	55 0.0072 0.0573	55 0.0072 0.0573
Table S3 rates and interval delta=55			sentence with figures	71% 67% −4.1% [−9.8, −0.7]	71% 67% 4.1% 9.8 0.7
9.1 cells improved		9.1	sentence with figures	beats the paper's in 11 of 45 cells	11 45
9.1 level does the work		9.1	text	at nine delays out of nine	
9.1 rate moves		9.1	sentence with figures	significantly at &delta; = 34 and 55	34 55
9.1 level split		9.1	sentence with figures	the paper's block scores +0.0072, adding the second realised measure scores -0.0007, which is worse, and adding the level alone scores +0.0708	+0.0072 -0.0007 +0.0708
9.1 level grows with delay		9.1	sentence with figures	+0.0012 of R&sup2; at zero delay against +0.0715 at eleven weeks	+0.0012 2 +0.0715
9.2 halves overlap		9.2	sentence with figures	77% against 67% at eleven weeks, with overlapping intervals	77% 67%
9.2 within-tercile null		9.2	text	not one of twelve cells differs significantly	
9.2 path range		9.2	sentence with figures	22% in the window ending April 2019 to 91% in the window ending April 2015	22% 2019 91% 2015
9.2 trend		9.2	sentence with figures	22 points a decade at five days and 12 at eleven weeks	22 12
tercile calm d=5 is lab41's Fieller set	lab41		point+interval	42% [-2, 121]	42% -2 121
tercile middle d=5 is lab41's Fieller set	lab41		point+interval	32% [1, 58]	32% 1 58
tercile stressed d=5 is lab41's Fieller set	lab41		point+interval	65% [43, 82]	65% 43 82
tercile calm d=13 is lab41's Fieller set	lab41		point+interval	43% [-30, 109]	43% -30 109
tercile middle d=13 is lab41's Fieller set	lab41		point+interval	47% [26, 70]	47% 26 70
tercile stressed d=13 is lab41's Fieller set	lab41		point+interval	74% [59, 85]	74% 59 85
tercile calm d=21 is lab41's Fieller set	lab41		point+interval	40% [-21, 92]	40% -21 92
tercile middle d=21 is lab41's Fieller set	lab41		point+interval	53% [32, 77]	53% 32 77
tercile stressed d=21 is lab41's Fieller set	lab41		point+interval	77% [59, 87]	77% 59 87
tercile calm d=55 is lab41's Fieller set	lab41		point+interval	47% [-22, 94]	47% -22 94
tercile middle d=55 is lab41's Fieller set	lab41		point+interval	53% [28, 76]	53% 28 76
tercile stressed d=55 is lab41's Fieller set	lab41		point+interval	81% [67, 90]	81% 67 90
S2 calm pair, Fieller against bootstrap		S2	interval	by 15 points, [-22, 94] against the bootstrap&rsquo;s [-23, 79]	15 -22 94 -23 79
S2 stressed pair, Fieller against bootstrap		S2	interval	they differ by 6, [67, 90] against [73, 91]	6 67 90 73 91
Table S4 caption counts where the Fieller set is wider			text	at least as wide in twelve of the twelve	
Table S4 caption states the largest disagreement			sentence with figures	at one endpoint by as much as 15 points	15
claim table counts the calm exclusions			text	excludes zero at none of the four delays	
S2 counts the calm exclusions		S2	text	at none of the four delays does it exclude zero	
claim table grades the state claim on the share, not the rate			text	share of domestic error the cross-section removes is larger in stressed markets	
claim table quotes the full-sample contrast			point+interval	+42.0 points [25.2, 55.8], estimated as one parameter on the full sample	+42.0 25.2 55.8
claim table prices the rung selection			sentence with figures	&le; 0.0002 under the maximum standardised contrast	0.0002
claim table records why the earlier reading was withdrawn			text	non-overlap is not a test of a difference	
claim table grades the rate's own contrast as not claimed			sentence with figures	computed on the rate is +15.0 points	+15.0
S10 quotes the max standardised contrast		S10	sentence with figures	is +5.48, which no replication of four thousand reached, so its p -value is at most 0.0002	+5.48 0.0002
S10 quotes the share contrast and BOTH its sets		S10	sentence with figures	contrast is +42.0 points. Two sets are available for it and both are reported	+42.0
S10 names the fixed-b set		S10	interval	the delta-method fixed- b set is [25.0, 59.0] and the moving-block percentile is [25.2, 55.8]	25.0 59.0 25.2 55.8
S10 states how closely the two sets agree		S10	text	They agree to within a fifth of a point at the lower end and three points at the upper	
S10 quotes the rate contrast as spanning zero		S10	interval	computed on R(55) is +15.0 points with a fixed- b set of [-7.4, 37.5], which spans zero	55 +15.0 -7.4 37.5
S6 both simulated sizes		S6	sentence with figures	a nominal 5% test rejects 5.5% and 6.5% of the time respectively	5% 5.5% 6.5%
9.3 survives		9.3	sentence with figures	survives both tests at &delta; = 3, 5, 13, 21 and 55 with p below 0.0005	3 5 13 21 55 0.0005
5 the share of current-data skill the cross-section keeps		5	sentence with figures	still holds 0.3729, which is 72% of the 0.5188 a fully current domestic mark delivered	0.3729 72% 0.5188
5 names the other denominator it is not using		5	sentence with figures	Against the cross-sectional model's own zero-delay figure of 0.5089 the same ratio reads 73%	0.5089 73%
S the exponential-control gap			sentence with figures	higher at all five delays, by up to 4.0 points, reading 74.2% at eleven weeks where the paper's control reads 71.3%	4.0 74.2% 71.3%
Table S28 rate d=1 (65.2%)			statistic	65.2%	65.2%
Table S28 rate d=2 (69.0%)			statistic	69.0%	69.0%
Table S28 rate d=3 (73.0%)			statistic	73.0%	73.0%
Table S28 rate d=6 (70.7%)			statistic	70.7%	70.7%
Table S28 rate d=1 (-2.3%)			statistic	-2.3%	-2.3%
Table S28 rate d=2 (0.9%)			statistic	0.9%	0.9%
Table S28 rate d=3 (4.2%)			statistic	4.2%	4.2%
Table S28 rate d=6 (6.9%)			statistic	6.9%	6.9%
Table S29 d=5 row			sentence with figures	0.5188 0.3643 0.3637 0.1551 0.1545 0.0006 0.4%	0.5188 0.3643 0.3637 0.1551 0.1545 0.0006 0.4%
Table S29 d=13 row			sentence with figures	0.5188 0.2343 0.2332 0.2856 0.2845 0.0011 0.4%	0.5188 0.2343 0.2332 0.2856 0.2845 0.0011 0.4%
Table S29 d=21 row			sentence with figures	0.5188 0.1512 0.1478 0.3710 0.3676 0.0034 0.9%	0.5188 0.1512 0.1478 0.3710 0.3676 0.0034 0.9%
Table S29 d=55 row			sentence with figures	0.5188 0.0209 0.0072 0.5116 0.4979 0.0137 2.7%	0.5188 0.0209 0.0072 0.5116 0.4979 0.0137 2.7%
lab54 clean rate at 3 months	lab54		point+interval	52% [37, 79]	52% 37 79
lab54 clean rate at 6 months	lab54		point+interval	58% [48, 79]	58% 48 79
lab54 appraised rate at 3 months	lab54		point+interval	46% [31, 76]	46% 31 76
lab54 appraised rate at 6 months	lab54		point+interval	56% [46, 80]	56% 46 80
Table S12 d=3 target-dated			point+interval	36% [16, 56]	36% 16 56
Table S12 d=3 origin-dated			point+interval	35% [16, 55]	35% 16 55
Table S12 d=5 target-dated			point+interval	51% [33, 68]	51% 33 68
Table S12 d=5 origin-dated			point+interval	50% [33, 67]	50% 33 67
Table S12 d=13 target-dated			point+interval	64% [48, 77]	64% 48 77
Table S12 d=13 origin-dated			point+interval	63% [48, 76]	63% 48 76
Table S12 d=21 target-dated			point+interval	67% [50, 79]	67% 50 79
Table S12 d=21 origin-dated			point+interval	67% [50, 79]	67% 50 79
Table S12 d=55 target-dated			point+interval	71% [54, 83]	71% 54 83
Table S12 d=55 origin-dated			point+interval	71% [54, 83]	71% 54 83
Table S12 caption names the construction its cells use			text	Intervals are the fixed-b Fieller sets of Section	
phase table Jan/Apr/Jul/Oct d=1 mean rate			point+interval	18.4% [-349, 331]	18.4% -349 331
phase table Jan/Apr/Jul/Oct d=1 pooled rate			point+interval	49.1% [19, 75]	49.1% 19 75
phase table Jan/Apr/Jul/Oct d=2 mean rate			point+interval	98.7% [-258, 342]	98.7% -258 342
phase table Jan/Apr/Jul/Oct d=2 pooled rate			point+interval	64.3% [34, 86]	64.3% 34 86
phase table Feb/May/Aug/Nov d=1 mean rate			point+interval	52.1% [2, 90]	52.1% 2 90
phase table Feb/May/Aug/Nov d=1 pooled rate			point+interval	58.3% [35, 79]	58.3% 35 79
phase table Feb/May/Aug/Nov d=2 mean rate			point+interval	64.0% [-7, 134]	64.0% -7 134
phase table Feb/May/Aug/Nov d=2 pooled rate			point+interval	63.7% [39, 82]	63.7% 39 82
phase table Mar/Jun/Sep/Dec d=1 mean rate			point+interval	60.4% [-5, 139]	60.4% -5 139
phase table Mar/Jun/Sep/Dec d=1 pooled rate			point+interval	63.5% [38, 81]	63.5% 38 81
phase table Mar/Jun/Sep/Dec d=2 mean rate			point+interval	57.6% [-42, 131]	57.6% -42 131
phase table Mar/Jun/Sep/Dec d=2 pooled rate			point+interval	62.2% [34, 83]	62.2% 34 83
the quarterly housing rate			sentence with figures	the rate is 57% at one quarter of staleness and positive in 35 of 42 metro-phases	57% 35 42
the QLIKE horizon series			sentence with figures	83%, 81%, 73%, 65%	83% 81% 73% 65%
the horizon band called flat			sentence with figures	flat at 70%, 71% and 66%	70% 71% 66%
5 the peer-count line's explained fraction		5	sentence with figures	accounts for 98% of the variation	98%
5 what estimation consumes		5	sentence with figures	estimation consumes 17% of what the cross-section	17%
6 the real-time first component's share		6	sentence with figures	component explains 66.7% of the block	66.7%
S the inadmissible same-day rate			sentence with figures	a substitution rate of 119%	119%
S the carry-forward frequency			sentence with figures	carried forward most often is N225, on 5.8% of the target's days	225 5.8%
S the identity's two figures			sentence with figures	gap between 71.88% and 71.48%	71.88% 71.48%
claim table's specification band			sentence with figures	67.4% to 75.4% across four specifications	67.4% 75.4%
1 states the same band		1	sentence with figures	all landing between 67.4% and 75.4%	67.4% 75.4%
claim table's stressed-and-middle pair, reported as description			point+interval	81% [67, 90] and 53% [28, 76] are reported as description rather than as a difference	81% 67 90 53% 28 76
claim table's worst leave-one-out rank correlation			sentence with figures	worst leave-one-out +0.964	+0.964
claim table's de-smoothed count			sentence with figures	still adds at three quarters on 14 of 14 metros	14 14
8 the control coordinate holds under the purge		8	sentence with figures	67.8% to 65.1% with 14 of 14 still positive	67.8% 65.1% 14 14
8 the variance coordinate's magnitude does not		8	sentence with figures	falls to 8.1% with nine of fourteen positive	8.1%
S18 the comparable estimator against the band		S18	sentence with figures	mean of ratios, 43.6%, which is 1.4 points below the band	43.6% 1.4
S18 the pooled estimator against the band		S18	sentence with figures	On the pooled estimator it is, at 56.9%	56.9%
claim table's ruled-out gross gain			sentence with figures	gross gain above 0.019 of R&sup2; ruled out	0.019 2
Table 2 d=1 R2 rate is the inverted set			point+interval	-1% [-28, 30]	-1% -28 30
Table 2 d=1 QLIKE rate is the inverted set			point+interval	-4% [-48, 47]	-4% -48 47
Table 2 d=3 R2 rate is the inverted set			point+interval	36% [16, 56]	36% 16 56
Table 2 d=3 QLIKE rate is the inverted set			point+interval	40% [8, 69]	40% 8 69
Table 2 d=5 R2 rate is the inverted set			point+interval	51% [33, 68]	51% 33 68
Table 2 d=5 QLIKE rate is the inverted set			point+interval	56% [28, 79]	56% 28 79
Table 2 d=8 R2 rate is the inverted set			point+interval	59% [43, 74]	59% 43 74
Table 2 d=8 QLIKE rate is the inverted set			point+interval	66% [40, 84]	66% 40 84
Table 2 d=13 R2 rate is the inverted set			point+interval	64% [48, 77]	64% 48 77
Table 2 d=13 QLIKE rate is the inverted set			point+interval	73% [42, 87]	73% 42 87
Table 2 d=21 R2 rate is the inverted set			point+interval	67% [50, 79]	67% 50 79
Table 2 d=21 QLIKE rate is the inverted set			point+interval	77% [45, 90]	77% 45 90
Table 2 d=34 R2 rate is the inverted set			point+interval	70% [53, 81]	70% 53 81
Table 2 d=34 QLIKE rate is the inverted set			point+interval	80% [51, 91]	80% 51 91
Table 2 d=55 R2 rate is the inverted set			point+interval	71% [54, 83]	71% 54 83
Table 2 d=55 QLIKE rate is the inverted set			point+interval	80% [52, 93]	80% 52 93
5 the QLIKE range across the grid		5	sentence with figures	larger numbers, 40% to 80%	40% 80%
S the widest block's monthly rates			sentence with figures	at -88.7%, -30.6% and -1.7%	-88.7% -30.6% -1.7%
6 the first component's share		6	sentence with figures	first principal component accounting for 66.6% of the variation and its first two for 77.0%	66.6% 77.0%
S the filtered headline and its paired difference			point+interval	becomes 75.3% against the published 71.5%, a paired difference of +3.8% [+0.4%, +8.5%]	75.3% 71.5% +3.8% +0.4% +8.5%
S the control-envelope rate and its paired difference			sentence with figures	the rate inside it is 67.4%, a paired difference of -4.1%	67.4% -4.1%
9.3 delta-0 absence		9.3	sentence with figures	the best margin across all nine models is +0.0014	+0.0014
availability names the restricted-input count			text	three of the seventy-three read the twenty-metro	
availability names what a reader without it can run			text	runs seventy and is told which three were	
9.4 purge load-bearing		9.4	point+interval	+0.0024 [+0.00062, +0.00387] at zero delay and +0.0021 [+0.00017, +0.00382] at three days	+0.0024 +0.00062 +0.00387 +0.0021 +0.00017 +0.00382
9.4 embargo		9.4	text	costs nothing detectable in any of eighteen cells	
Table 21 row SPX			point+interval	51% [33, 68] 64% [48, 77] 67% [50, 79] 71% [54, 83]	51% 33 68 64% 48 77 67% 50 79 71% 54 83
Table 21 row FTSE			point+interval	74% [53, 89] 82% [67, 92] 84% [67, 93] 88% [74, 95]	74% 53 89 82% 67 92 84% 67 93 88% 74 95
Table 21 row DAX			point+interval	55% [36, 70] 69% [53, 78] 71% [56, 80] 74% [62, 82]	55% 36 70 69% 53 78 71% 56 80 74% 62 82
Table 21 row HSI			point+interval	56% [28, 79] 64% [40, 84] 65% [44, 84] 68% [48, 85]	56% 28 79 64% 40 84 65% 44 84 68% 48 85
Table 21 row N225			point+interval	45% [-3, 79] 54% [17, 79] 55% [14, 79] 59% [20, 80]	45% -3 79 54% 17 79 55% 14 79 59% 20 80
4.6 names the three families that keep the bootstrap		4.6	text	Three families keep it, each for a stated reason	
4.6 gives the reason Table S3 keeps it		4.6	text	which is a difference of two ratios and not itself a ratio of two means	
4.6 gives the reason the monthly tables keep it		4.6	sentence with figures	Tables S14, S24 and S25 are run at a different frequency on fewer than five hundred observations	14 24 25
4.6 says everything else is inverted		4.6	sentence with figures	including the market-state ladder of Table S7, is a fixed-b Fieller set	7
Table S6 caption names the construction its cells use			text	Intervals are the fixed-b Fieller sets of Section	
Table S18 caption names the construction its cells use			text	Intervals are the fixed-b Fieller sets of Section	
Table S18 states why the five-day row reproduces the headline			text	reproduces the headline&rsquo;s endpoints and not merely its point estimate	
9.1 normaliser test		9.1	sentence with figures	retains between 86% and 103% of the gain	86% 103%
9.1 normaliser numbers		9.1	sentence with figures	+0.0657 against +0.0640 at eleven weeks	+0.0657 +0.0640
9.1 correction survives		9.1	sentence with figures	moves R(55) from 73% to 69%	55 73% 69%
12 conditional limitation		12	text	The unconditional estimate pools three market states in which the mechanism behaves differently	
13 conditional recommendation		13	sentence with figures	about 80% of the delay-induced loss recovered in stressed markets, where the interval is the narrowest of the three states	80%
9.2 calm span		9.2	text	spans more than a hundred points	
tercile sets overlap			text	overlap at every delay	
13 names both unconditional figures		13	sentence with figures	71% against the paper's own control and 67% against the stronger control	71% 67%
4.5 states the identification problem		4.5	sentence with figures	approaches zero and the ratio is weakly identified, so a uniformly valid confidence procedure must be free to return an unbounded set (Dufour 1997)	1997
4.5 names one construction for every reported rate		4.5	sentence with figures	Every interval this paper reports for the rate inverts a HAC t-test after Fieller (1954)	1954
4.5 says where the bootstrap still appears and why		4.5	text	it is reported in the tables only where the quantity is not a ratio of two means	
Table 2 caption names the construction its cells use			text	Intervals are the fixed-b Fieller sets of Section	
Table 2 caption names the construction, singular			text	the same construction the abstract and every other table here use	
9.2 Fieller applied		9.2	text	Every one comes back an ordinary interval	
9.2 VIX tension		9.2	text	can see it whether or not any option trades on the thing they own	
14 compression is the model to run		14	sentence with figures	a single real-time factor beating all seven series at every delay and raising R(55) to 75.2%	55 75.2%
14 seven regressors not recommended		14	text	compress the cross-section first and treat the seven-regressor figures as the conservative benchmark	
8 horizon mismatch		8	text	measured over a horizon about four times the length of the thing it is forecasting, not six	
8 matched instrument named		8	sentence with figures	a nine-day index, VIX9D, formerly VXST	9
Table 20 row delta=5			sentence with figures	5 0.0279 0.1571 5.6&times; 0.0669 0.2435 3.6&times;	5 0.0279 0.1571 5.6 0.0669 0.2435 3.6
Table 20 row delta=13			sentence with figures	13 0.0336 0.3789 11.3&times; 0.0790 0.5108 6.5&times;	13 0.0336 0.3789 11.3 0.0790 0.5108 6.5
Table 20 row delta=21			sentence with figures	21 0.0402 0.5218 13.0&times; 0.0994 0.6750 6.8&times;	21 0.0402 0.5218 13.0 0.0994 0.6750 6.8
Table 20 row delta=55			sentence with figures	55 0.0570 0.8021 14.1&times; 0.1222 0.9914 8.1&times;	55 0.0570 0.8021 14.1 0.1222 0.9914 8.1
9.2 numerator moves		9.2	sentence with figures	stress multiplies N by 11.0 and D by 6.3	11.0 6.3
9.2 absolute reading		9.2	sentence with figures	removes 0.8021 of squared error in stressed markets against 0.0570 in calm	0.8021 0.0570
6 decay fit		6	sentence with figures	R&sup2; = 0.9980	2 0.9980
6 decay slope		6	sentence with figures	slope -0.05424 per day	-0.05424
6 implied persistence		6	sentence with figures	implying &phi; = 0.9732	0.9732
6 measured persistence		6	sentence with figures	is 0.9678	0.9678
6 predicted ceiling		6	sentence with figures	giving a ceiling of 71.9%	71.9%
6 agreement		6	sentence with figures	The two agree to 0.0054	0.0054
6 flatness		6	sentence with figures	it falls 27%, against 99% for the domestic model	27% 99%
6 ceiling met		6	sentence with figures	giving a ceiling of 71.9%, against a measured 69.7% at &delta; = 34 and 71.5% at &delta; = 55	71.9% 69.7% 34 71.5% 55
6 ceiling is interpretation		6	text	a factor-model interpretation of the observed plateau rather than a prediction of it	
6 ceiling identity shown		6	sentence with figures	this collapses to S cross (55) &divide; S own (0), which is equation (16)	55 0 16
6 what it cannot do		6	text	What the model does not explain is why the mechanism is stronger in stress	
abstract effective age			point+interval	forecasts as well as a mark 4.6 days old [2.6, 8.2]	4.6 2.6 8.2
abstract exchange rate			point+interval	costs 2.1 days [1.4, 3.2] of domestic freshness	2.1 1.4 3.2
abstract conditional rate			point+interval	81% [67, 90] in	81% 67 90
10 quotes the stronger control beside its own		10	sentence with figures	67% against the strongest control alongside its own	67%
the paper names the envelope's section			sentence with figures	against the stronger control of Section S4	4
Table 1 stronger-control difference			sentence with figures	is 4.1 points below the paper's own	4.1
Table 1 stronger-control interval			interval	[-9.8, -0.7]	-9.8 -0.7
abstract normalisation finding			text	Restoring that level is worth more at long delays than the entire cross-section	
compression advice			text	one real-time factor	
12 foreign-feed condition		12	sentence with figures	36% into 9% at three days and its 51% into 29% at five	36% 9% 51% 29%
13 prediction from 5.3		13	text	the remainder is negative at every delay and beats the stale domestic model at none	
13 cross-asset test		13	text	Breadth ACROSS asset classes is	
13 FX first		13	text	current by construction, not by luck of the clock	
12 unverified seam		12	sentence with figures	eight overlap by 120 to 251 days and agree exactly on every overlapping row, while the S&P's two files abut without overlapping	120 251
3 headline-loss defence		3	text	the headline number in this paper is the one loss of the three that is NOT proxy-robust	
3 headline-loss reason		3	text	a ratio needs a denominator a reader can hold	
lab57 Jan/Apr/Jul/Oct d=1 S_own	lab57		statistic	0.3092	0.3092
lab57 Jan/Apr/Jul/Oct d=1 S_cross	lab57		statistic	0.4279	0.4279
lab57 Jan/Apr/Jul/Oct d=1 pooled	lab57		statistic	49.1%	49.1%
lab57 Jan/Apr/Jul/Oct d=1 pooled interval	lab57		interval	[19, 75]	19 75
lab57 Jan/Apr/Jul/Oct d=2 S_own	lab57		statistic	0.2479	0.2479
lab57 Jan/Apr/Jul/Oct d=2 S_cross	lab57		statistic	0.4429	0.4429
lab57 Jan/Apr/Jul/Oct d=2 pooled	lab57		statistic	64.3%	64.3%
lab57 Jan/Apr/Jul/Oct d=2 pooled interval	lab57		interval	[34, 86]	34 86
lab57 Feb/May/Aug/Nov d=1 S_own	lab57		statistic	0.3206	0.3206
lab57 Feb/May/Aug/Nov d=1 S_cross	lab57		statistic	0.4704	0.4704
lab57 Feb/May/Aug/Nov d=1 pooled	lab57		statistic	58.3%	58.3%
lab57 Feb/May/Aug/Nov d=1 pooled interval	lab57		interval	[35, 79]	35 79
lab57 Feb/May/Aug/Nov d=2 S_own	lab57		statistic	0.2693	0.2693
lab57 Feb/May/Aug/Nov d=2 S_cross	lab57		statistic	0.4657	0.4657
lab57 Feb/May/Aug/Nov d=2 pooled	lab57		statistic	63.7%	63.7%
lab57 Feb/May/Aug/Nov d=2 pooled interval	lab57		interval	[39, 82]	39 82
lab57 Mar/Jun/Sep/Dec d=1 S_own	lab57		statistic	0.3115	0.3115
lab57 Mar/Jun/Sep/Dec d=1 S_cross	lab57		statistic	0.4677	0.4677
lab57 Mar/Jun/Sep/Dec d=1 pooled	lab57		statistic	63.5%	63.5%
lab57 Mar/Jun/Sep/Dec d=1 pooled interval	lab57		interval	[38, 81]	38 81
lab57 Mar/Jun/Sep/Dec d=2 S_own	lab57		statistic	0.2599	0.2599
lab57 Mar/Jun/Sep/Dec d=2 S_cross	lab57		statistic	0.4450	0.4450
lab57 Mar/Jun/Sep/Dec d=2 pooled	lab57		statistic	62.2%	62.2%
lab57 Mar/Jun/Sep/Dec d=2 pooled interval	lab57		interval	[34, 83]	34 83
9.2 quarterly rate		9.2	sentence with figures	the rate is 57% at one quarter of staleness	57%
9.2 quarterly span		9.2	sentence with figures	spanning 49% to 63% across phases	49% 63%
9.2 quarterly breadth		9.2	sentence with figures	positive in 35 of 42 metro-phases	35 42
9.2 de-smoothed cost		9.2	sentence with figures	one month of staleness costs −0.0012 of R	0.0012
9.2 de-smoothed increment		9.2	sentence with figures	still adds +0.1352 of R	+0.1352
S18 mean rho		S18	sentence with figures	averages 0.567 across metros	0.567
9.2 reports the gap rather than the agreement		9.2	sentence with figures	57% is visibly below 67.8%	57% 67.8%
S17 Pearson		S17	sentence with figures	The correlation is +0.983	+0.983
S17 Fisher interval		S17	interval	Fisher interval of [+0.908, +0.997]	+0.908 +0.997
S17 Spearman		S17	sentence with figures	the Spearman rank correlation, which is what the ordering claim actually needs, is +0.976	+0.976
S17 leave-one-out floor		S17	sentence with figures	never falls below +0.981 and the Spearman never below +0.964	+0.981 +0.964
S17 single cluster		S17	sentence with figures	the correlation is +0.923 and the Spearman +0.943	+0.923 +0.943
S17 leverage		S17	sentence with figures	leverage of 0.729 against a mean of 0.250	0.729 0.250
S17 slope shift		S17	sentence with figures	from +1.175 to +1.448	+1.175 +1.448
S17 crossing shift		S17	sentence with figures	from +0.225 to +0.309	+0.225 +0.309
S17 shift in points		S17	text	a shift of eight points of coupling	
11 coupling caution		11	text	the ordering is robust and the crossing is not	
3 export overlap		3	sentence with figures	overlap by 120 to 251	120 251
12 export overlap		12	sentence with figures	overlap by 120 to 251	120 251
3 joins counted		3	text	which leaves nine joins to be checked	
3 joins overlapping		3	text	Eight of the nine overlap	
4.3 points at the timeline		4.3	sentence with figures	Figure 1 draws the arrangement	1
4.4 zero-delay direction		4.4	text	both point in the same negative direction but the natural-scale MSE is too imprecise to establish an effect	
4.4 rests no claim on that row		4.4	text	no economic claim in this paper rests on that row	
1 scopes the housing test		1	text	narrow that extrapolation as far as public data allows	
1 states the index-is-not-a-book limit		1	text	a published index is not a book	
4.2 states the convention once		4.2	text	the equity-result tables in this paper report the target-dated rate and every headline sentence reports the implementable origin-dated one	
Table 2 repeats the convention where it is met			sentence with figures	it reads 71% as the abstract&rsquo;s implementable figure does	71%
Table 2 says where the two conventions still separate			text	differ by at most a point at any delay	
S0 states the section count		S0	sentence with figures	Forty-two substantive sections, S1 through S42, plus this claim map, is enough	1 42
abstract envelope range			sentence with figures	60.7% to 74.3%	60.7% 74.3%
S3 names the common-penalty remedy		S3	text	imposes a single ridge penalty on both arms, selected on the restricted one	
Table 1 main sample			sentence with figures	same 4,862 test days as Section	4 862
Table 1 stressed sample			sentence with figures	the 1,618 of those days	1 618
Table 1 disclaims the options window			sentence with figures	No row here uses the 4,525-day window of Section	4 525
4.3 window length		4.3	sentence with figures	the window holds 1,500 days	1 500
4.3 window end		4.3	text	c t = t - &delta; - h	
4.3 window set		4.3	sentence with figures	T &delta; (t) = {c t - 1499, &hellip;, c t }	1499
4.3 two-step penalty		4.3	sentence with figures	candidate penalties are fitted on the first 1,250 days	1 250
4.3 final refit		4.3	sentence with figures	refitted on all 1,500	1 500
4.3 says what the tail is held out of		4.3	text	held out of the candidate fits, which is what lets it choose between them, and is not held out of the final model	
Figure 1 caption states the refit			sentence with figures	refitted on all 1,500, so the tail is held out of the selection	1 500
availability names the restriction			text	Every vendor behind the inputs prohibits redistributing their files	
availability names the one exception			text	the FHFA index that FRED places in the public domain	
availability names the three commands			text	python verify_data.py	
availability file count			text	thirty-five input files exactly one	
the appendix reconciles its two script counts			text	smaller than the seventy-three the replication reproduces: fifteen scripts earn their place by being run and agreeing without a number of theirs being quoted	
Table 3 delta=0			sentence with figures	0 0.4502 64.87 64.66 64.99 67.87 68.59 104.4	0 0.4502 64.87 64.66 64.99 67.87 68.59 104.4
Table 3 delta=1			sentence with figures	1 0.4039 63.23 63.05 63.37 66.71 67.44 105.3	1 0.4039 63.23 63.05 63.37 66.71 67.44 105.3
Table 3 delta=2			sentence with figures	2 0.3595 61.71 61.53 61.86 65.56 66.57 106.0	2 0.3595 61.71 61.53 61.86 65.56 66.57 106.0
Table 3 delta=3			sentence with figures	3 0.3179 60.30 60.14 60.48 63.26 64.84 104.6	3 0.3179 60.30 60.14 60.48 63.26 64.84 104.6
Table 3 delta=5			sentence with figures	5 0.2539 58.17 58.02 58.40 60.95 60.95 104.4	5 0.2539 58.17 58.02 58.40 60.95 60.95 104.4
Table 3 delta=8			sentence with figures	8 0.1879 56.02 55.86 56.33 57.20 57.20 101.5	8 0.1879 56.02 55.86 56.33 57.20 57.20 101.5
Table 3 delta=13			sentence with figures	13 0.1712 55.48 55.32 55.82 54.90 53.75 98.3	13 0.1712 55.48 55.32 55.82 54.90 53.75 98.3
Table 3 delta=21			sentence with figures	21 0.1741 55.57 55.39 55.91 50.00 51.87 89.4	21 0.1741 55.57 55.39 55.91 50.00 51.87 89.4
Table 3 delta=34			sentence with figures	34 −0.0418 48.67 48.54 52.38 49.86 47.84 95.2	34 0.0418 48.67 48.54 52.38 49.86 47.84 95.2
Table 3 delta=55			sentence with figures	55 −0.1202 46.17 46.09 52.27 44.24 46.25 84.6	55 0.1202 46.17 46.09 52.27 44.24 46.25 84.6
Table 3 caption explains the same-sign columns			sentence with figures	Both fall below one half where &rho; &lt; 0, which means the rule is beaten by its own negation there and neither column can bound anything	0
benchmark is defined by its model			text	the Bayes accuracy implied by the fitted non-centred Gaussian model, maximised over thresholds on the delayed state	
attainable is qualified			text	attainable by the Bayes classifier under that fitted approximation	
attainable is not a bound			text	not a bound on what any forecaster could achieve in the data-generating process	
the column heading names the model			text	Gaussian benchmark, best cut (fitted model)	
headroom is an estimate			text	The estimated headroom is small relative to sampling uncertainty in this sample	
abstract benchmark range			sentence with figures	sit at 85-106% of that restricted-information Gaussian benchmark	85 -106%
abstract exceed count			text	exceeding it at six of ten delays	
Section 5 exceed count			text	exceeds the benchmark at six of the ten delays below	
abstract names the negative-correlation problem			text	the correlation turns negative at the two longest delays, where a same-sign rule is beaten by its own negation	
lab24 d=0 persist-YZ row	lab24		sentence with figures	67.87% 0.735 0.681 n/a n/a	67.87% 0.735 0.681
lab24 d=0 har-YZ row	lab24		sentence with figures	68.59% 0.705 0.674 0.2195 0.6357	68.59% 0.705 0.674 0.2195 0.6357
lab24 d=5 persist-YZ row	lab24		sentence with figures	60.95% 0.660 0.611 n/a n/a	60.95% 0.660 0.611
lab24 d=5 har-YZ row	lab24		sentence with figures	60.95% 0.628 0.598 0.2470 0.6997	60.95% 0.628 0.598 0.2470 0.6997
lab24 d=21 base rate row	lab24		sentence with figures	42.94% 0.336 0.409 0.2513 0.6958	42.94% 0.336 0.409 0.2513 0.6958
lab24 d=21 persist-YZ row	lab24		sentence with figures	50.00% 0.535 0.501 n/a n/a	50.00% 0.535 0.501
lab24 d=21 har-YZ row	lab24		sentence with figures	51.87% 0.508 0.507 0.2849 0.7890	51.87% 0.508 0.507 0.2849 0.7890
lab24 AUC gap at d=0	lab24		interval	the gap is -0.0299 with a block-bootstrap interval of [-0.0590, -0.0026]	-0.0299 -0.0590 -0.0026
lab24 discretising cost	lab24		sentence with figures	by as much as 0.055 of AUC at &delta; = 0	0.055 0
lab24 separation count	lab24		text	they separate at five of ten delays	
lab24 separation list	lab24		sentence with figures	&delta; = 0, 1, 2, 3 and 5	0 1 2 3 5
Table 1 delta=0			point+interval	0 46.83 65.85 [57.3, 73.1] 67.87 [59.1, 73.6] 61.82 [53.0, 68.7] 68.59 [61.5, 73.3]	0 46.83 65.85 57.3 73.1 67.87 59.1 73.6 61.82 53.0 68.7 68.59 61.5 73.3
Table 1 delta=1			point+interval	1 46.83 65.56 [57.8, 72.6] 66.71 [58.9, 72.0] 61.53 [53.0, 68.4] 67.44 [59.9, 72.2]	1 46.83 65.56 57.8 72.6 66.71 58.9 72.0 61.53 53.0 68.4 67.44 59.9 72.2
Table 1 delta=2			point+interval	2 46.83 64.41 [56.5, 70.6] 65.56 [57.8, 71.0] 61.24 [52.7, 68.3] 66.57 [59.5, 71.5]	2 46.83 64.41 56.5 70.6 65.56 57.8 71.0 61.24 52.7 68.3 66.57 59.5 71.5
Table 1 delta=3			point+interval	3 46.83 62.10 [54.8, 68.2] 63.26 [55.3, 68.9] 60.81 [52.6, 68.0] 64.84 [57.1, 69.9]	3 46.83 62.10 54.8 68.2 63.26 55.3 68.9 60.81 52.6 68.0 64.84 57.1 69.9
Table 1 delta=5			point+interval	5 46.83 60.23 [52.9, 67.2] 60.95 [52.9, 66.7] 58.50 [49.6, 66.6] 60.95 [52.7, 66.9]	5 46.83 60.23 52.9 67.2 60.95 52.9 66.7 58.50 49.6 66.6 60.95 52.7 66.9
Table 1 delta=8			point+interval	8 46.83 56.34 [49.3, 63.8] 57.20 [48.8, 63.8] 54.76 [45.5, 62.8] 57.20 [47.8, 64.0]	8 46.83 56.34 49.3 63.8 57.20 48.8 63.8 54.76 45.5 62.8 57.20 47.8 64.0
Table 1 delta=13			point+interval	13 46.83 52.88 [46.3, 60.4] 54.90 [47.0, 62.1] 52.74 [43.2, 61.7] 53.75 [45.5, 61.1]	13 46.83 52.88 46.3 60.4 54.90 47.0 62.1 52.74 43.2 61.7 53.75 45.5 61.1
Table 1 delta=21			point+interval	21 46.83 49.86 [40.8, 57.2] 50.00 [41.2, 57.9] 54.03 [44.5, 61.5] 51.87 [44.5, 57.9]	21 46.83 49.86 40.8 57.2 50.00 41.2 57.9 54.03 44.5 61.5 51.87 44.5 57.9
Table 1 delta=34			point+interval	34 46.83 50.43 [43.5, 56.9] 49.86 [42.5, 57.8] 50.43 [42.2, 55.9] 47.84 [40.9, 53.0]	34 46.83 50.43 43.5 56.9 49.86 42.5 57.8 50.43 42.2 55.9 47.84 40.9 53.0
Table 1 delta=55			point+interval	55 46.83 48.27 [41.1, 53.9] 44.24 [37.9, 49.7] 46.54 [35.4, 53.0] 46.25 [36.7, 52.6]	55 46.83 48.27 41.1 53.9 44.24 37.9 49.7 46.54 35.4 53.0 46.25 36.7 52.6
abstract YZ cell			interval	(+2.0 points at zero delay, 95% CI [-5.0, +7.9])	+2.0 95% -5.0 +7.9
abstract HAR cell			interval	(-4.0 points, [-11.8, +2.6])	-4.0 -11.8 +2.6
4.2 equivalence bound		4.2	sentence with figures	at &delta; = 21, leaves a HAR advantage of up to 12.7 accuracy points unexcluded	21 12.7
4.1 conservative hurdle named		4.1	text	a conservative constant-class hurdle	
4.1 higher hurdle		4.1	sentence with figures	the conservative 53.2% hurdle	53.2%
4.1 threshold rule both hurdles		4.1	sentence with figures	entirely above it through &delta; = 3; against the 46.8% expanding-window rule it does so through &delta; = 8	3 46.8% 8
4.1 crossing is the all-seed one		4.1	text	stated at the last delay that clears in every bootstrap seed	
4.1 knife-edge delays		4.1	sentence with figures	At &delta; = 5 the lower endpoint sits within a quarter of a point of the higher hurdle and clears it in 1 of 20 seeds; at &delta; = 13 it clears the lower hurdle in 18 of 20	5 1 20 13 18 20
4.1 other forecasters		4.1	sentence with figures	persist-CC and har-YZ run through &delta; = 3 against the higher hurdle and &delta; = 8 against the lower	3 8
4.1 har-CC never clears		4.1	sentence with figures	har-CC clears the higher one at no delay firmly, clearing even &delta; = 0 in only 5 of 20 seeds, while clearing the lower through &delta; = 5	0 5 20 5
4.1 all four move		4.1	text	changes the answer for all four	
3 note states its own block		3	sentence with figures	running 8h = 40 at &delta; = 0 to 16h = 80 at eleven weeks	8 40 0 16 80
6.4 caption states the block the tables use		6.4	sentence with figures	the delay-dependent block, 40 at &delta; = 0 rising to 80 at eleven weeks	40 0 80
3 says the length is shown to be worth what it is worth		3	text	the length here is defended the only way it can be: by showing what it is worth	
note Table 2 d=0 col1			point+interval	-4.03 [-11.8, +2.6]	-4.03 -11.8 +2.6
note Table 2 d=0 col2			point+interval	+0.72 [-4.6, +6.2]	+0.72 -4.6 +6.2
note Table 2 d=0 col3			point+interval	+2.02 [-5.0, +7.9]	+2.02 -5.0 +7.9
note Table 2 d=3 col1			point+interval	-1.30 [-8.1, +4.6]	-1.30 -8.1 +4.6
note Table 2 d=3 col2			point+interval	+1.59 [-3.0, +6.2]	+1.59 -3.0 +6.2
note Table 2 d=3 col3			point+interval	+1.15 [-4.9, +6.1]	+1.15 -4.9 +6.1
note Table 2 d=5 col1			point+interval	-1.73 [-8.2, +3.9]	-1.73 -8.2 +3.9
note Table 2 d=5 col2			point+interval	+0.00 [-4.8, +4.9]	+0.00 -4.8 +4.9
note Table 2 d=5 col3			point+interval	+0.72 [-4.9, +4.9]	+0.72 -4.9 +4.9
note Table 2 d=8 col1			point+interval	-1.59 [-8.9, +3.3]	-1.59 -8.9 +3.3
note Table 2 d=8 col2			point+interval	+0.00 [-5.3, +5.6]	+0.00 -5.3 +5.6
note Table 2 d=8 col3			point+interval	+0.86 [-5.8, +5.3]	+0.86 -5.8 +5.3
note Table 2 d=13 col1			point+interval	-0.14 [-8.6, +5.9]	-0.14 -8.6 +5.9
note Table 2 d=13 col2			point+interval	-1.15 [-8.1, +4.9]	-1.15 -8.1 +4.9
note Table 2 d=13 col3			point+interval	+2.02 [-3.9, +6.2]	+2.02 -3.9 +6.2
note Table 2 d=21 col1			point+interval	+4.18 [-4.5, +12.7]	+4.18 -4.5 +12.7
note Table 2 d=21 col2			point+interval	+1.87 [-4.0, +6.1]	+1.87 -4.0 +6.1
note Table 2 d=21 col3			point+interval	+0.14 [-4.0, +5.2]	+0.14 -4.0 +5.2
note Table 2 caption's assertion			text	No interval excludes zero	
note Table 6 q=0.50 row			sentence with figures	0.50 0.000 0.00 50.0% 67.45% 67.43%	0.50 0.000 0.00 50.0% 67.45% 67.43%
note Table 6 q=0.65 row			sentence with figures	0.65 0.385 0.74 65.0% 71.06% 65.37%	0.65 0.385 0.74 65.0% 71.06% 65.37%
note Table 6 q=0.75 row			sentence with figures	0.75 0.674 1.29 75.0% 77.13% 62.42%	0.75 0.674 1.29 75.0% 77.13% 62.42%
note Table 6 q=0.90 row			sentence with figures	0.90 1.282 2.46 90.0% 90.11% 55.33%	0.90 1.282 2.46 90.0% 90.11% 55.33%
4.1 the majority rule's level		4.1	sentence with figures	the majority column is a constant 46.83% at every delay by construction	46.83%
4.1 the two columns that rise		4.1	sentence with figures	har-CC from 52.74 to 54.03 between thirteen and twenty-one days and persist-CC from 49.86 to 50.43 between twenty-one and thirty-four	52.74 54.03 49.86 50.43
4.1 the zero-delay range, and the column outside it		4.1	sentence with figures	start between 65.85% and 68.59% at zero delay, har-CC lower at 61.82%	65.85% 68.59% 61.82%
4.1 where the four actually converge		4.1	text	by eleven weeks all four sit within three points of the majority rule	
4.1 and where they do not		4.1	text	har-CC is seven above it	
the tail result's two levels			sentence with figures	attains only 90.1% against a majority-class 90.0%	90.1% 90.0%
3 the retained-variance range the note withdraws		3	sentence with figures	runs from 89% to 68% depending on a reference truncation	89% 68%
4.1 the decay starts where lab02 says it does	lab02	4.1	sentence with figures	Accuracy falls from about 68% at zero delay	68%
Table 6 mb10			sentence with figures	mb 10 0 of 10 7 of 10 0, 1, 2, 3, 5, 8, 13 yes	10 0 10 7 10 0 1 2 3 5 8 13
Table 6 sb10			sentence with figures	sb 10 0 of 10 6 of 10 0, 1, 2, 3, 5, 13 yes	10 0 10 6 10 0 1 2 3 5 13
Table 6 mb20			sentence with figures	mb 20 0 of 10 5 of 10 0, 1, 2, 3, 5 yes	20 0 10 5 10 0 1 2 3 5
Table 6 sb20			sentence with figures	sb 20 0 of 10 5 of 10 0, 1, 2, 3, 5 yes	20 0 10 5 10 0 1 2 3 5
Table 6 mb40			sentence with figures	mb 40 0 of 10 5 of 10 0, 1, 2, 3, 5 yes	40 0 10 5 10 0 1 2 3 5
Table 6 sb40			sentence with figures	sb 40 0 of 10 5 of 10 0, 1, 2, 3, 5 yes	40 0 10 5 10 0 1 2 3 5
6.4 count falls with the block		6.4	sentence with figures	It stands at seven of ten delays with a block of 10	10
6.4 reported count		6.4	text	We therefore report five, the count at the block this note uses	
6.4 names the number of schemes		6.4	text	Across the eight schemes	
6.4 direction tally		6.4	text	there are forty-four significant AUC cells and all forty-four favour the threshold rule	
abstract scopes the non-separation to accuracy			text	is distinguishable from it at any delay on accuracy	
abstract carries the AUC asymmetry			text	the threshold rule is ahead at five of ten delays and behind at none, and across eight resampling schemes all forty-four significant AUC cells favour it	
3.4 block length		3.4	sentence with figures	running 8h = 40 at &delta; = 0 to 16h = 80 at eleven weeks	8 40 0 16 80
lab24 contrast orientation	lab24		text	the HAR classifier minus the threshold rule, so a negative number is the threshold rule ahead	
lab24 direction	lab24		text	in the threshold rule's favour every time	
lab24 Brier deterioration	lab24		sentence with figures	significantly so at &delta; = 34 and 55	34 55
lab25 headline	lab25		text	the HAR classifier significantly beats the threshold rule in none, and the threshold rule significantly beats the HAR classifier in sixteen	
lab25 power caveat	lab25		text	It is not a loss of power, and an earlier version of this note said it was	
lab25 power caveat keeps the boundary where lab25 puts it	lab25		text	leaves the boundary at zero	
the note's abstract HAR bound			sentence with figures	a HAR advantage of up to 12.7 accuracy points unexcluded	12.7
4.2 does not claim the proxy margin falls after zero delay		4.2	sentence with figures	worth about two accuracy points at zero delay and the same 2.02 at thirteen	2.02
6.3 quotes lab26's balanced-accuracy interval	lab26	6.3	interval	balanced accuracy is 0.678 with an interval of [0.593, 0.750]	0.678 0.593 0.750
6.3 quotes lab26's episode count	lab26	6.3	sentence with figures	104 positive days which, with five-day overlap, resolve into two independent episodes	104
6.2 names the window at which the rule never beats a constant		6.2	sentence with figures	and no delay at all at 504	504
lab26 q=0.50 row	lab26		sentence with figures	67.45% 67.43%	67.45% 67.43%
lab26 q=0.65 row	lab26		sentence with figures	71.06% 65.37%	71.06% 65.37%
lab26 q=0.75 row	lab26		sentence with figures	77.13% 62.42%	77.13% 62.42%
lab26 q=0.90 row	lab26		sentence with figures	90.11% 55.33%	90.11% 55.33%
lab26 tail ceiling	lab26		sentence with figures	the Bayes rule itself attains 90.11% against a majority-class 90.00%	90.11% 90.00%
lab26 quadrature check	lab26		sentence with figures	largest absolute difference of 1.41e-07	1.41 -07
lab26 objective clash	lab26		text	At fifteen of twenty quantile-delay cells	
S29 quotes lab54's interval widths	lab54	S29	text	Forty-one to forty-six points of width	
S29's narrowing arithmetic starts from the width it measured			text	from the forty-one observed here	
4.1 the return across the seam		4.1	sentence with figures	the return across it is −0.0013, or 0.11 standard deviations	0.0013 0.11
6 the penalty as a slope		6	sentence with figures	a straight line through the origin at −0.00137 of R&sup2; per market	0.00137 2
6 gross against net		6	sentence with figures	+0.3019 gross against +0.2495 net	+0.3019 +0.2495
6 the share estimation consumes		6	sentence with figures	estimation consumes 17% of what the cross-section knows	17%
S3 the three bandwidths		S3	sentence with figures	the automatic bandwidth returns 0.0494 against 0.0751 at forty lags and 0.0809 at eighty	0.0494 0.0751 0.0809
S3 the bootstrap standard error		S3	sentence with figures	assumes no kernel at all, returns 0.0763	0.0763
S3 convergence at thirteen days		S3	interval	the difference is +0.078 with an interval of [+0.030, +0.134]	+0.078 +0.030 +0.134
S3 convergence at three weeks		S3	interval	it is +0.042 with [+0.009, +0.084]	+0.042 +0.009 +0.084
S3 convergence at thirty-four days		S3	sentence with figures	it is +0.018 with [−0.004, +0.041]	+0.018 0.004 +0.041
S10 caption's DAX row		S10	sentence with figures	−0.0114 with z = −1.97	0.0114 1.97
S10 caption counts the significant cells		S10	text	Three of the eight own-options cells are significantly negative	
S6 counts both random-feature arms		S6	sentence with figures	six of six delays for RFF(60) and five of six for RFF(20)	60 20
S6 the cell that misses the threshold		S6	p-value	reads z = −1.95 and p = 0.051	1.95 0.051
S10 names the one significant cell		S10	sentence with figures	that cell is the Nifty at &delta; = 21, at +2.29	21 +2.29
S10 names the three largest statistics at eleven weeks		S10	sentence with figures	the three largest statistics are the Nifty's +1.83, the FTSE's +1.57 and the ASX's +1.50	+1.83 +1.57 +1.50
S6 the capacity comparison		S6	sentence with figures	below RFF(20) at every delay, by 0.0059 to 0.0150 of R&sup2;	20 0.0059 0.0150 2
S23 both tenors against one		S23	sentence with figures	the nine-day one alone, 0.5497 against 0.5528 at zero delay	0.5497 0.5528
S28 the same-day reading it declines		S28	sentence with figures	rises from 0.5243 to 0.5837, a substitution rate of 119%	0.5243 0.5837 119%
S31 the metro where breadth subtracts		S31	sentence with figures	taking 0.4224 down to 0.3643	0.4224 0.3643
S31 names the second-lowest coupling		S31	sentence with figures	the equity range as 0.227 to 0.808	0.227 0.808
6 the coupling range		6	sentence with figures	running from 0.81 down to −0.11	0.81 0.11
6 the Pearson floor across leave-one-out		6	sentence with figures	moves the Pearson figure below +0.981	+0.981
6 the six-target cluster		6	sentence with figures	cluster of six still gives +0.92	+0.92
6 names the lowest-coupled target's coupling		6	sentence with figures	coupling of −0.11 with every other target above	0.11
6 the slope shift at two decimals		6	sentence with figures	moves the slope from +1.18 to +1.45	+1.18 +1.45
3 caption names the two negative-rate couplings		3	sentence with figures	sit at 0.23 and −0.11	0.23 0.11
S36 the two Pearson readings		S36	sentence with figures	Pearson goes from +0.986 to +0.984	+0.986 +0.984
S36 the two leave-one-out floors		S36	sentence with figures	its worst leave-one-out from +0.981 to +0.982	+0.981 +0.982
note Table 5 row 63/1250			sentence with figures	63 1250 −5.25 −5.88 −7.14 −0.63 +3.36	63 1250 5.25 5.88 7.14 0.63 +3.36
note Table 5 row 126/1250			sentence with figures	126 1250 −7.35 −6.93 −8.19 −2.94 −2.31	126 1250 7.35 6.93 8.19 2.94 2.31
note Table 5 row 252/500			sentence with figures	252 500 −4.41 −6.09 −5.46 −6.30 −2.94	252 500 4.41 6.09 5.46 6.30 2.94
note Table 5 row 252/1250			sentence with figures	252 1250 −1.89 −2.52 −2.94 −5.46 −1.47	252 1250 1.89 2.52 2.94 5.46 1.47
note Table 5 row 504/1250			sentence with figures	504 1250 +0.63 −0.84 −2.31 −2.10 −2.31	504 1250 +0.63 0.84 2.31 2.10 2.31
note places the crossing away from zero			sentence with figures	crosses one half at a = +0.27 instead of at zero	+0.27
note states the non-monotonicity			text	gives a function that is not monotone	
note states the base rate			sentence with figures	The base rate in the test window is 0.468	0.468
