"Date","Price","Open","High","Low","Vol.","Change %"
"04/04/2019","6,232.80","6,285.00","6,285.00","6,221.10","638.83M","-0.83%"
"04/05/2019","6,181.30","6,232.80","6,232.80","6,169.80","494.45M","-0.83%"
"04/08/2019","6,221.40","6,181.30","6,221.40","6,181.30","502.37M","0.65%"
"04/09/2019","6,221.80","6,221.40","6,228.90","6,203.70","539.39M","0.01%"
"04/10/2019","6,223.50","6,221.80","6,235.40","6,199.30","452.94M","0.03%"
"04/11/2019","6,198.70","6,223.50","6,223.50","6,184.00","499.27M","-0.40%"
"04/12/2019","6,251.30","6,198.70","6,251.30","6,198.70","518.93M","0.85%"
"04/15/2019","6,251.40","6,251.30","6,259.40","6,238.90","468.75M","0.00%"
"04/16/2019","6,277.40","6,251.40","6,282.80","6,237.60","536.85M","0.42%"
"04/17/2019","6,256.40","6,277.40","6,286.00","6,249.60","569.59M","-0.33%"
"04/18/2019","6,259.80","6,256.40","6,280.40","6,248.20","564.41M","0.05%"
"04/23/2019","6,319.40","6,259.80","6,321.70","6,259.80","539.30M","0.95%"
"04/24/2019","6,382.10","6,319.40","6,390.50","6,319.40","660.66M","0.99%"
"04/26/2019","6,385.60","6,382.10","6,388.20","6,362.30","553.48M","0.05%"
"04/29/2019","6,359.50","6,385.60","6,385.60","6,348.00","469.43M","-0.41%"
"04/30/2019","6,325.50","6,359.50","6,359.50","6,316.30","613.73M","-0.53%"
"05/01/2019","6,375.90","6,325.50","6,380.20","6,325.50","567.49M","0.80%"
"05/02/2019","6,338.40","6,375.90","6,375.90","6,323.50","670.59M","-0.59%"
"05/03/2019","6,335.80","6,338.40","6,355.00","6,327.20","520.29M","-0.04%"
"05/06/2019","6,283.70","6,335.80","6,335.80","6,248.40","552.00M","-0.82%"
"05/07/2019","6,295.70","6,283.70","6,341.90","6,283.70","511.04M","0.19%"
"05/08/2019","6,269.10","6,295.70","6,295.70","6,241.50","562.29M","-0.42%"
"05/09/2019","6,295.30","6,269.10","6,300.20","6,258.80","550.54M","0.42%"
"05/10/2019","6,310.90","6,295.30","6,317.40","6,283.60","516.08M","0.25%"
"05/13/2019","6,297.60","6,310.90","6,310.90","6,277.90","512.58M","-0.21%"
"05/14/2019","6,239.90","6,297.60","6,297.60","6,203.10","685.23M","-0.92%"
"05/15/2019","6,284.20","6,239.90","6,291.30","6,239.90","528.79M","0.71%"
"05/16/2019","6,327.80","6,284.20","6,327.80","6,272.80","668.89M","0.69%"
"05/17/2019","6,365.30","6,327.80","6,398.30","6,327.80","590.23M","0.59%"
"05/20/2019","6,476.10","6,365.30","6,476.10","6,365.30","659.70M","1.74%"
"05/21/2019","6,500.10","6,476.10","6,500.10","6,444.40","669.32M","0.37%"
"05/22/2019","6,510.70","6,500.10","6,510.90","6,478.60","628.77M","0.16%"
"05/23/2019","6,491.80","6,510.70","6,510.70","6,480.20","637.70M","-0.29%"
"05/24/2019","6,456.00","6,491.80","6,491.80","6,437.30","585.62M","-0.55%"
"05/27/2019","6,451.90","6,455.80","6,464.60","6,447.60","436.67M","-0.06%"
"05/28/2019","6,484.80","6,451.90","6,491.70","6,451.90","811.67M","0.51%"
"05/29/2019","6,440.00","6,484.80","6,484.80","6,419.30","544.65M","-0.69%"
"05/30/2019","6,392.10","6,440.00","6,440.00","6,379.70","719.28M","-0.74%"
"05/31/2019","6,396.90","6,392.10","6,398.80","6,362.20","742.87M","0.08%"
"06/03/2019","6,320.60","6,396.90","6,396.90","6,320.50","628.72M","-1.19%"
"06/04/2019","6,332.40","6,320.50","6,343.00","6,315.60","739.81M","0.19%"
"06/05/2019","6,358.50","6,332.40","6,387.60","6,332.40","624.94M","0.41%"
"06/06/2019","6,383.00","6,358.50","6,403.20","6,358.50","618.62M","0.39%"
"06/07/2019","6,443.90","6,383.00","6,443.90","6,383.00","600.02M","0.95%"
"06/11/2019","6,546.30","6,443.90","6,546.30","6,443.90","737.51M","1.59%"
"06/12/2019","6,543.70","6,546.30","6,587.30","6,543.70","684.41M","-0.04%"
"06/13/2019","6,542.40","6,543.70","6,563.20","6,534.30","625.69M","-0.02%"
"06/14/2019","6,554.00","6,542.40","6,559.50","6,533.00","585.18M","0.18%"
"06/17/2019","6,530.90","6,554.00","6,555.40","6,527.00","571.90M","-0.35%"
"06/18/2019","6,570.00","6,530.90","6,572.50","6,529.30","859.94M","0.60%"
"06/19/2019","6,648.10","6,570.00","6,648.10","6,570.00","739.42M","1.19%"
"06/20/2019","6,687.40","6,648.10","6,687.40","6,638.80","1.00B","0.59%"
"06/21/2019","6,650.80","6,687.40","6,691.50","6,641.10","1.16B","-0.55%"
"06/24/2019","6,665.40","6,650.80","6,665.40","6,617.00","558.76M","0.22%"
"06/25/2019","6,658.00","6,665.40","6,680.30","6,647.30","663.40M","-0.11%"
"06/26/2019","6,640.50","6,658.00","6,658.00","6,637.40","746.12M","-0.26%"
"06/27/2019","6,666.30","6,640.50","6,666.30","6,606.30","676.69M","0.39%"
"06/28/2019","6,618.80","6,666.30","6,670.10","6,618.80","754.15M","-0.71%"
"07/01/2019","6,648.10","6,618.80","6,664.00","6,618.80","555.61M","0.44%"
"07/02/2019","6,653.20","6,648.40","6,686.50","6,642.50","596.69M","0.08%"
"07/03/2019","6,685.50","6,653.20","6,692.40","6,641.70","642.49M","0.49%"
"07/04/2019","6,718.00","6,685.50","6,731.90","6,685.50","570.46M","0.49%"
"07/05/2019","6,751.30","6,718.00","6,769.60","6,714.80","579.05M","0.50%"
"07/08/2019","6,672.30","6,740.00","6,751.30","6,672.20","457.99M","-1.17%"
"07/09/2019","6,665.70","6,672.20","6,679.00","6,641.40","550.09M","-0.10%"
"07/10/2019","6,689.80","6,665.70","6,718.20","6,665.70","631.14M","0.36%"
"07/11/2019","6,716.10","6,689.80","6,729.40","6,686.10","645.73M","0.39%"
"07/12/2019","6,696.50","6,716.10","6,717.10","6,687.70","565.57M","-0.29%"
"07/15/2019","6,653.00","6,694.90","6,694.90","6,638.50","456.07M","-0.65%"
"07/16/2019","6,641.00","6,653.00","6,665.30","6,641.00","549.37M","-0.18%"
"07/17/2019","6,673.30","6,641.00","6,675.40","6,626.60","523.02M","0.49%"
"07/18/2019","6,649.10","6,673.30","6,673.30","6,630.70","531.30M","-0.36%"
"07/19/2019","6,700.30","6,649.10","6,705.40","6,646.60","491.23M","0.77%"
"07/22/2019","6,691.20","6,700.30","6,710.70","6,673.20","521.33M","-0.14%"
"07/23/2019","6,724.60","6,691.20","6,730.70","6,688.80","643.34M","0.50%"
"07/24/2019","6,776.70","6,724.60","6,783.30","6,724.60","629.99M","0.77%"
"07/25/2019","6,818.00","6,776.70","6,818.00","6,771.10","681.66M","0.61%"
"07/26/2019","6,793.40","6,818.00","6,818.00","6,779.50","664.36M","-0.36%"
"07/29/2019","6,825.80","6,793.40","6,834.40","6,793.40","532.54M","0.48%"
"07/30/2019","6,845.10","6,825.80","6,875.50","6,825.80","601.53M","0.28%"
"07/31/2019","6,812.60","6,845.10","6,845.10","6,812.60","760.14M","-0.47%"
"08/01/2019","6,788.90","6,812.60","6,812.60","6,780.60","583.99M","-0.35%"
"08/02/2019","6,768.60","6,788.90","6,788.90","6,747.80","609.52M","-0.30%"
"08/05/2019","6,640.30","6,768.60","6,768.60","6,639.40","594.67M","-1.90%"
"08/06/2019","6,478.10","6,640.30","6,640.30","6,444.40","877.70M","-2.44%"
"08/07/2019","6,519.50","6,478.10","6,530.20","6,467.50","648.54M","0.64%"
"08/08/2019","6,568.10","6,519.50","6,568.10","6,462.30","690.77M","0.75%"
"08/09/2019","6,584.40","6,568.10","6,592.50","6,562.50","664.70M","0.25%"
"08/12/2019","6,590.30","6,584.40","6,590.30","6,555.10","493.34M","0.09%"
"08/13/2019","6,568.50","6,590.30","6,593.30","6,558.50","695.31M","-0.33%"
"08/14/2019","6,595.90","6,568.50","6,600.70","6,555.90","754.73M","0.42%"
"08/15/2019","6,408.10","6,595.90","6,595.90","6,405.60","893.23M","-2.85%"
"08/16/2019","6,405.50","6,408.10","6,425.30","6,396.00","758.26M","-0.04%"
"08/19/2019","6,467.40","6,405.50","6,468.40","6,405.50","599.77M","0.97%"
"08/20/2019","6,545.00","6,467.40","6,545.00","6,467.40","702.63M","1.20%"
"08/21/2019","6,483.30","6,545.00","6,545.00","6,466.60","675.77M","-0.94%"
"08/22/2019","6,501.80","6,483.30","6,521.30","6,483.30","631.10M","0.29%"
"08/23/2019","6,523.10","6,501.80","6,529.20","6,495.30","643.57M","0.33%"
"08/26/2019","6,440.10","6,523.10","6,523.10","6,409.80","703.24M","-1.27%"
"08/27/2019","6,471.20","6,440.10","6,483.10","6,439.20","908.28M","0.48%"
"08/28/2019","6,500.60","6,471.20","6,502.00","6,462.00","712.55M","0.45%"
"08/29/2019","6,507.40","6,500.60","6,510.90","6,475.50","730.05M","0.10%"
"08/30/2019","6,604.20","6,507.40","6,612.10","6,507.40","905.42M","1.49%"
"09/02/2019","6,579.40","6,604.20","6,604.80","6,558.30","524.96M","-0.38%"
"09/03/2019","6,573.40","6,579.40","6,591.30","6,554.30","479.38M","-0.09%"
"09/04/2019","6,553.00","6,573.40","6,573.40","6,503.90","695.59M","-0.31%"
"09/05/2019","6,613.20","6,553.00","6,622.80","6,551.00","796.29M","0.92%"
"09/06/2019","6,647.30","6,613.20","6,656.10","6,613.20","702.57M","0.52%"
"09/09/2019","6,648.00","6,647.30","6,659.70","6,631.20","542.93M","0.01%"
"09/10/2019","6,614.10","6,648.00","6,654.80","6,595.70","746.33M","-0.51%"
"09/11/2019","6,638.00","6,614.10","6,638.40","6,614.10","811.43M","0.36%"
"09/12/2019","6,654.90","6,638.00","6,687.40","6,638.00","662.65M","0.25%"
"09/13/2019","6,669.20","6,654.90","6,676.50","6,653.70","673.88M","0.21%"
"09/16/2019","6,673.50","6,669.20","6,688.50","6,646.60","750.73M","0.06%"
"09/17/2019","6,695.30","6,673.50","6,695.30","6,649.10","745.94M","0.33%"
"09/18/2019","6,681.60","6,695.30","6,703.30","6,673.80","758.36M","-0.20%"
"09/19/2019","6,717.50","6,681.60","6,742.90","6,681.60","997.44M","0.54%"
"09/20/2019","6,730.80","6,717.50","6,775.60","6,717.50","1.25B","0.20%"
"09/23/2019","6,749.70","6,730.80","6,770.00","6,730.80","506.70M","0.28%"
"09/24/2019","6,748.90","6,749.70","6,764.00","6,745.30","596.96M","-0.01%"
"09/25/2019","6,710.20","6,748.90","6,748.90","6,696.30","650.52M","-0.57%"
"09/26/2019","6,677.60","6,710.20","6,720.80","6,667.10","594.82M","-0.49%"
"09/27/2019","6,716.10","6,677.60","6,721.20","6,677.60","606.27M","0.58%"
"09/30/2019","6,688.30","6,715.90","6,734.70","6,688.30","611.59M","-0.41%"
"10/01/2019","6,742.80","6,688.30","6,743.70","6,687.80","612.74M","0.81%"
"10/02/2019","6,639.90","6,742.80","6,742.80","6,639.80","618.75M","-1.53%"
"10/03/2019","6,493.00","6,639.90","6,639.90","6,475.40","702.53M","-2.21%"
"10/04/2019","6,517.10","6,493.00","6,532.70","6,489.90","473.32M","0.37%"
"10/07/2019","6,563.60","6,517.10","6,564.90","6,517.10","272.77M","0.71%"
"10/08/2019","6,593.40","6,563.60","6,601.20","6,563.60","476.48M","0.45%"
"10/09/2019","6,546.70","6,593.40","6,593.40","6,520.30","504.31M","-0.71%"
"10/10/2019","6,547.10","6,546.70","6,570.90","6,529.30","549.84M","0.01%"
"10/11/2019","6,606.80","6,547.10","6,614.60","6,547.10","526.91M","0.91%"
"10/14/2019","6,642.60","6,606.80","6,676.20","6,606.80","489.30M","0.54%"
"10/15/2019","6,652.00","6,642.60","6,657.40","6,621.90","504.85M","0.14%"
"10/16/2019","6,736.50","6,652.00","6,737.80","6,652.00","626.54M","1.27%"
"10/17/2019","6,684.70","6,736.50","6,737.40","6,681.40","921.00M","-0.77%"
"10/18/2019","6,649.70","6,684.70","6,684.70","6,633.90","633.43M","-0.52%"
"10/21/2019","6,652.50","6,649.70","6,652.50","6,612.40","506.49M","0.04%"
"10/22/2019","6,672.20","6,652.50","6,680.40","6,648.30","577.41M","0.30%"
"10/23/2019","6,673.10","6,672.20","6,673.20","6,635.70","557.23M","0.01%"
"10/24/2019","6,693.60","6,673.10","6,715.20","6,673.10","559.64M","0.31%"
"10/25/2019","6,739.20","6,693.60","6,741.50","6,693.60","626.99M","0.68%"
"10/28/2019","6,740.70","6,739.90","6,766.20","6,739.80","486.25M","0.02%"
"10/29/2019","6,745.40","6,740.70","6,761.50","6,735.70","581.96M","0.07%"
"10/30/2019","6,689.50","6,745.40","6,745.40","6,680.20","598.22M","-0.83%"
"10/31/2019","6,663.40","6,689.50","6,689.50","6,639.80","636.03M","-0.39%"
"11/01/2019","6,669.10","6,663.40","6,671.70","6,634.70","555.30M","0.09%"
"11/04/2019","6,686.90","6,669.10","6,713.50","6,669.10","516.82M","0.27%"
"11/05/2019","6,697.10","6,686.90","6,725.90","6,678.90","481.99M","0.15%"
"11/06/2019","6,660.20","6,697.10","6,715.20","6,658.20","639.74M","-0.55%"
"11/07/2019","6,726.60","6,660.20","6,727.70","6,659.70","613.24M","1.00%"
"11/08/2019","6,724.10","6,726.60","6,742.20","6,706.10","666.79M","-0.04%"
"11/11/2019","6,772.50","6,724.10","6,772.50","6,717.30","550.68M","0.72%"
"11/12/2019","6,753.00","6,772.50","6,779.30","6,730.90","635.88M","-0.29%"
"11/13/2019","6,698.40","6,753.00","6,766.20","6,698.30","613.36M","-0.81%"
"11/14/2019","6,735.10","6,698.40","6,744.80","6,687.70","671.03M","0.55%"
"11/15/2019","6,793.70","6,735.10","6,798.70","6,735.10","552.23M","0.87%"
"11/18/2019","6,766.80","6,793.70","6,799.20","6,749.10","429.23M","-0.40%"
"11/19/2019","6,814.20","6,766.80","6,814.20","6,755.00","562.17M","0.70%"
"11/20/2019","6,722.40","6,814.20","6,814.20","6,714.90","663.71M","-1.35%"
"11/21/2019","6,672.90","6,722.40","6,722.40","6,637.30","710.32M","-0.74%"
"11/22/2019","6,709.80","6,672.90","6,725.10","6,672.90","522.53M","0.55%"
"11/25/2019","6,731.40","6,712.00","6,758.00","6,712.00","520.99M","0.32%"
"11/26/2019","6,787.50","6,731.40","6,797.60","6,731.40","1.08B","0.83%"
"11/27/2019","6,850.60","6,787.50","6,852.10","6,787.50","618.47M","0.93%"
"11/28/2019","6,864.00","6,850.60","6,879.50","6,850.60","509.66M","0.20%"
"11/29/2019","6,846.00","6,864.00","6,893.70","6,846.00","543.50M","-0.26%"
"12/02/2019","6,862.30","6,846.00","6,890.00","6,840.60","494.43M","0.24%"
"12/03/2019","6,712.30","6,862.30","6,862.30","6,703.70","700.73M","-2.19%"
"12/04/2019","6,606.50","6,712.30","6,712.30","6,590.10","779.90M","-1.58%"
"12/05/2019","6,683.00","6,606.50","6,684.60","6,606.50","572.13M","1.16%"
"12/06/2019","6,707.00","6,683.00","6,712.30","6,681.80","477.90M","0.36%"
"12/09/2019","6,730.00","6,707.00","6,740.00","6,707.00","505.30M","0.34%"
"12/10/2019","6,706.90","6,730.00","6,734.30","6,702.90","473.10M","-0.34%"
"12/11/2019","6,752.60","6,706.90","6,752.60","6,706.90","638.30M","0.68%"
"12/12/2019","6,708.80","6,752.60","6,753.00","6,701.20","630.71M","-0.65%"
"12/13/2019","6,739.70","6,708.80","6,753.10","6,708.80","646.00M","0.46%"
"12/16/2019","6,849.70","6,741.60","6,866.10","6,741.60","650.90M","1.63%"
"12/17/2019","6,847.30","6,849.70","6,871.30","6,839.10","631.59M","-0.04%"
"12/18/2019","6,851.40","6,847.30","6,863.80","6,833.40","650.97M","0.06%"
"12/19/2019","6,833.10","6,851.40","6,872.80","6,819.90","805.70M","-0.27%"
"12/20/2019","6,816.30","6,833.10","6,842.80","6,808.40","966.41M","-0.25%"
"12/23/2019","6,785.10","6,816.30","6,816.30","6,785.10","364.66M","-0.46%"
"12/24/2019","6,794.20","6,785.10","6,794.90","6,776.20","201.84M","0.13%"
"12/27/2019","6,821.70","6,794.20","6,822.10","6,794.20","290.12M","0.40%"
"12/30/2019","6,804.90","6,821.70","6,824.70","6,764.60","294.80M","-0.25%"
"12/31/2019","6,684.10","6,804.90","6,804.90","6,684.10","314.21M","-1.78%"
"01/02/2020","6,690.60","6,684.10","6,709.20","6,669.20","304.87M","0.10%"
"01/03/2020","6,733.50","6,690.60","6,788.20","6,690.60","365.16M","0.64%"
"01/06/2020","6,735.70","6,733.10","6,738.60","6,671.70","469.75M","0.03%"
"01/07/2020","6,826.40","6,735.70","6,834.30","6,735.70","447.41M","1.35%"
"01/08/2020","6,817.60","6,826.40","6,831.70","6,749.60","570.66M","-0.13%"
"01/09/2020","6,874.20","6,817.60","6,889.20","6,817.60","502.14M","0.83%"
"01/10/2020","6,929.00","6,874.20","6,933.20","6,874.20","516.00M","0.80%"
"01/13/2020","6,903.70","6,929.00","6,929.00","6,880.70","358.10M","-0.37%"
"01/14/2020","6,962.20","6,903.70","6,962.80","6,903.70","549.74M","0.85%"
"01/15/2020","6,994.80","6,962.20","6,996.80","6,960.40","573.38M","0.47%"
"01/16/2020","7,041.80","6,994.80","7,041.80","6,994.80","548.16M","0.67%"
"01/17/2020","7,064.10","7,041.80","7,088.10","7,041.80","500.32M","0.32%"
"01/20/2020","7,079.50","7,064.10","7,092.50","7,064.10","423.43M","0.22%"
"01/21/2020","7,066.30","7,079.50","7,079.50","7,040.70","480.90M","-0.19%"
"01/22/2020","7,132.70","7,066.30","7,144.90","7,062.20","601.97M","0.94%"
"01/23/2020","7,088.00","7,132.70","7,132.70","7,068.80","539.66M","-0.63%"
"01/24/2020","7,090.50","7,088.00","7,122.70","7,085.70","477.56M","0.04%"
"01/28/2020","6,994.50","7,051.20","7,090.50","6,964.70","619.67M","-1.35%"
"01/29/2020","7,031.50","6,994.50","7,046.80","6,994.50","590.50M","0.53%"
"01/30/2020","7,008.40","7,031.50","7,038.20","6,993.00","685.47M","-0.33%"
"01/31/2020","7,017.20","7,008.40","7,046.70","7,008.40","756.35M","0.13%"
"02/03/2020","6,923.30","7,017.20","7,017.20","6,897.00","617.57M","-1.34%"
"02/04/2020","6,948.70","6,923.30","6,963.30","6,915.00","599.36M","0.37%"
"02/05/2020","6,976.10","6,948.70","7,009.30","6,948.70","654.14M","0.39%"
"02/06/2020","7,049.20","6,976.10","7,050.00","6,976.10","687.99M","1.05%"
"02/07/2020","7,022.60","7,049.20","7,051.60","7,002.00","639.84M","-0.38%"
"02/10/2020","7,012.50","7,022.60","7,024.40","6,982.60","589.67M","-0.14%"
"02/11/2020","7,055.30","7,012.50","7,070.20","7,012.50","618.73M","0.61%"
"02/12/2020","7,088.20","7,055.30","7,098.60","7,055.10","692.66M","0.47%"
"02/13/2020","7,103.20","7,088.20","7,145.80","7,086.80","737.68M","0.21%"
"02/14/2020","7,130.20","7,103.20","7,138.40","7,101.10","691.32M","0.38%"
"02/17/2020","7,125.10","7,130.20","7,137.40","7,104.40","501.87M","-0.07%"
"02/18/2020","7,113.70","7,125.10","7,125.10","7,096.80","627.53M","-0.16%"
"02/19/2020","7,144.60","7,113.70","7,144.60","7,102.90","866.41M","0.43%"
"02/20/2020","7,162.50","7,144.60","7,197.20","7,144.60","832.83M","0.25%"
"02/21/2020","7,139.00","7,162.50","7,162.60","7,135.70","1.07B","-0.33%"
"02/24/2020","6,978.30","7,139.00","7,139.00","6,967.90","812.83M","-2.25%"
"02/25/2020","6,866.60","6,978.30","6,978.30","6,800.00","1.04B","-1.60%"
"02/26/2020","6,708.10","6,866.60","6,866.60","6,690.10","1.01B","-2.31%"
"02/27/2020","6,657.90","6,708.10","6,728.20","6,630.50","1.02B","-0.75%"
"02/28/2020","6,441.20","6,657.90","6,657.90","6,426.80","1.52B","-3.25%"
"03/02/2020","6,391.50","6,438.90","6,438.90","6,245.20","1.47B","-0.77%"
"03/03/2020","6,435.70","6,391.50","6,524.30","6,391.50","1.05B","0.69%"
"03/04/2020","6,325.40","6,435.70","6,435.70","6,310.20","1.02B","-1.71%"
"03/05/2020","6,395.70","6,325.40","6,447.10","6,325.40","989.85M","1.11%"
"03/06/2020","6,216.20","6,395.70","6,395.70","6,216.20","959.37M","-2.81%"
"03/09/2020","5,760.60","6,216.20","6,216.20","5,760.60","1.44B","-7.33%"
"03/10/2020","5,939.60","5,760.60","5,939.60","5,538.90","1.80B","3.11%"
"03/11/2020","5,725.90","5,939.60","5,972.50","5,725.90","1.41B","-3.60%"
"03/12/2020","5,304.60","5,725.90","5,725.90","5,290.00","1.82B","-7.36%"
"03/13/2020","5,539.30","5,304.60","5,539.30","4,873.70","2.26B","4.42%"
"03/16/2020","5,002.00","5,539.30","5,539.30","5,002.00","1.64B","-9.70%"
"03/17/2020","5,293.40","5,002.00","5,303.70","4,997.30","2.00B","5.83%"
"03/18/2020","4,953.20","5,293.40","5,293.40","4,888.10","1.77B","-6.43%"
"03/19/2020","4,782.90","4,953.20","5,102.50","4,741.00","1.88B","-3.44%"
"03/20/2020","4,816.60","4,782.90","5,016.10","4,782.90","1.87B","0.70%"
"03/23/2020","4,546.00","4,816.60","4,816.60","4,402.50","1.49B","-5.62%"
"03/24/2020","4,735.70","4,546.00","4,735.70","4,546.00","1.40B","4.17%"
"03/25/2020","4,998.10","4,735.70","5,024.50","4,735.70","1.36B","5.54%"
"03/26/2020","5,113.30","4,998.10","5,174.40","4,998.10","1.22B","2.30%"
"03/27/2020","4,842.40","5,113.30","5,236.70","4,842.40","1.46B","-5.30%"
"03/30/2020","5,181.40","4,842.40","5,181.40","4,833.10","1.03B","7.00%"
"03/31/2020","5,076.80","5,181.40","5,366.40","5,005.80","1.52B","-2.02%"
"04/01/2020","5,258.60","5,076.80","5,272.30","5,076.80","1.06B","3.58%"
"04/02/2020","5,154.30","5,258.60","5,258.60","5,065.20","1.02B","-1.98%"
"04/03/2020","5,067.50","5,154.30","5,246.80","5,022.40","1.07B","-1.68%"
"04/06/2020","5,286.80","5,067.50","5,302.20","5,067.50","912.70M","4.33%"
"04/07/2020","5,252.30","5,286.80","5,423.10","5,187.00","1.11B","-0.65%"
"04/08/2020","5,206.90","5,252.30","5,321.00","5,121.90","1.16B","-0.86%"
"04/09/2020","5,387.30","5,206.90","5,387.30","5,206.90","914.16M","3.46%"
"04/14/2020","5,488.10","5,387.30","5,490.70","5,360.00","1.16B","1.87%"
"04/15/2020","5,466.70","5,488.10","5,533.00","5,416.40","1.02B","-0.39%"
"04/16/2020","5,416.30","5,466.70","5,466.70","5,345.00","1.12B","-0.92%"
"04/17/2020","5,487.50","5,416.30","5,563.60","5,416.30","1.13B","1.31%"
"04/20/2020","5,353.00","5,486.30","5,490.60","5,353.00","855.42M","-2.45%"
"04/21/2020","5,221.30","5,353.00","5,353.00","5,214.50","960.54M","-2.46%"
"04/22/2020","5,221.20","5,221.30","5,251.70","5,100.70","996.73M","0.00%"
"04/23/2020","5,217.10","5,221.20","5,282.60","5,181.70","876.97M","-0.08%"
"04/24/2020","5,242.60","5,217.10","5,263.80","5,207.50","773.94M","0.49%"
"04/27/2020","5,321.40","5,242.60","5,329.40","5,214.80","691.72M","1.50%"
"04/28/2020","5,313.10","5,321.40","5,373.80","5,272.80","851.84M","-0.16%"
"04/29/2020","5,393.40","5,313.10","5,393.40","5,312.70","882.57M","1.51%"
"04/30/2020","5,522.40","5,393.40","5,549.10","5,393.40","1.20B","2.39%"
"05/01/2020","5,245.90","5,522.40","5,522.40","5,245.90","1.01B","-5.01%"
"05/04/2020","5,319.80","5,245.90","5,328.40","5,169.60","853.42M","1.41%"
"05/05/2020","5,407.10","5,319.80","5,407.10","5,319.80","721.92M","1.64%"
"05/06/2020","5,384.60","5,407.10","5,408.60","5,345.00","694.84M","-0.42%"
"05/07/2020","5,364.20","5,384.60","5,388.30","5,347.30","779.96M","-0.38%"
"05/08/2020","5,391.10","5,364.20","5,428.00","5,364.20","851.25M","0.50%"
"05/11/2020","5,461.20","5,391.10","5,489.50","5,391.10","795.78M","1.30%"
"05/12/2020","5,403.00","5,461.20","5,461.40","5,374.00","866.37M","-1.07%"
"05/13/2020","5,421.90","5,403.00","5,421.90","5,301.90","895.39M","0.35%"
"05/14/2020","5,328.70","5,421.70","5,421.70","5,328.70","829.84M","-1.72%"
"05/15/2020","5,404.80","5,328.70","5,412.40","5,328.70","750.21M","1.43%"
"05/18/2020","5,460.50","5,404.80","5,486.30","5,404.80","799.09M","1.03%"
"05/19/2020","5,559.50","5,460.50","5,606.80","5,460.50","922.40M","1.81%"
"05/20/2020","5,573.00","5,559.50","5,587.10","5,507.00","753.24M","0.24%"
"05/21/2020","5,550.40","5,573.00","5,610.80","5,545.20","853.13M","-0.41%"
"05/22/2020","5,497.00","5,550.40","5,569.70","5,494.80","759.09M","-0.96%"
"05/25/2020","5,615.60","5,497.00","5,615.60","5,497.00","679.16M","2.16%"
"05/26/2020","5,780.00","5,615.60","5,780.00","5,615.60","1.02B","2.93%"
"05/27/2020","5,775.00","5,780.00","5,835.90","5,713.90","1.35B","-0.09%"
"05/28/2020","5,851.10","5,775.00","5,922.00","5,775.00","1.23B","1.32%"
"05/29/2020","5,755.70","5,851.10","5,851.10","5,755.70","2.45B","-1.63%"
"06/01/2020","5,819.20","5,755.70","5,819.20","5,705.40","841.78M","1.10%"
"06/02/2020","5,835.10","5,819.20","5,859.00","5,800.00","957.45M","0.27%"
"06/03/2020","5,941.60","5,835.10","5,943.70","5,835.10","1.03B","1.83%"
"06/04/2020","5,991.80","5,941.60","6,040.20","5,941.60","1.33B","0.84%"
"06/05/2020","5,998.70","5,991.80","6,017.80","5,963.00","946.42M","0.12%"
"06/09/2020","6,144.90","5,998.70","6,198.60","5,998.70","1.41B","2.44%"
"06/10/2020","6,148.40","6,144.90","6,182.30","6,089.70","1.03B","0.06%"
"06/11/2020","5,960.60","6,148.40","6,148.40","5,949.60","1.15B","-3.05%"
"06/12/2020","5,847.80","5,960.60","5,960.60","5,756.50","1.32B","-1.89%"
"06/15/2020","5,719.80","5,847.80","5,857.70","5,719.80","1.05B","-2.19%"
"06/16/2020","5,942.30","5,719.80","5,975.80","5,719.80","1.09B","3.89%"
"06/17/2020","5,991.80","5,942.30","5,991.80","5,931.50","919.88M","0.83%"
"06/18/2020","5,936.50","5,991.80","5,991.80","5,888.70","1.17B","-0.92%"
"06/19/2020","5,942.60","5,936.50","6,006.30","5,929.90","1.96B","0.10%"
"06/22/2020","5,944.50","5,942.60","5,972.60","5,881.10","761.32M","0.03%"
"06/23/2020","5,954.40","5,944.50","5,999.20","5,882.80","916.28M","0.17%"
"06/24/2020","5,965.70","5,954.40","5,992.80","5,942.30","817.68M","0.19%"
"06/25/2020","5,817.70","5,965.70","5,965.70","5,817.70","883.19M","-2.48%"
"06/26/2020","5,904.10","5,817.70","5,913.60","5,817.70","901.34M","1.49%"
"06/29/2020","5,815.00","5,904.10","5,904.10","5,773.20","708.88M","-1.51%"
"06/30/2020","5,897.90","5,815.00","5,955.20","5,815.00","1.01B","1.43%"
"07/01/2020","5,934.40","5,897.90","5,953.90","5,892.80","728.97M","0.62%"
"07/02/2020","6,032.70","5,934.40","6,034.90","5,934.40","832.67M","1.66%"
"07/03/2020","6,057.90","6,032.70","6,101.40","6,021.70","645.94M","0.42%"
"07/06/2020","6,014.60","6,057.90","6,078.30","6,014.60","568.32M","-0.71%"
"07/07/2020","6,012.90","6,014.60","6,077.30","6,004.20","772.69M","-0.03%"
"07/08/2020","5,920.30","6,012.90","6,018.40","5,920.30","777.77M","-1.54%"
"07/09/2020","5,955.50","5,920.30","5,998.80","5,920.30","681.27M","0.59%"
"07/10/2020","5,919.20","5,955.50","5,956.20","5,899.50","565.37M","-0.61%"
"07/13/2020","5,977.50","5,998.40","6,007.40","5,919.20","666.67M","0.98%"
"07/14/2020","5,941.10","5,977.50","5,977.50","5,918.80","652.79M","-0.61%"
"07/15/2020","6,052.90","5,941.10","6,052.90","5,941.10","656.10M","1.88%"
"07/16/2020","6,010.90","6,052.90","6,078.00","5,989.90","676.69M","-0.69%"
"07/17/2020","6,033.60","6,010.90","6,042.40","5,999.40","583.24M","0.38%"
"07/20/2020","6,001.60","6,033.60","6,038.80","5,991.90","482.25M","-0.53%"
"07/21/2020","6,156.30","6,001.60","6,160.60","6,001.60","695.40M","2.58%"
"07/22/2020","6,075.10","6,156.30","6,156.30","6,055.50","614.65M","-1.32%"
"07/23/2020","6,094.50","6,075.10","6,102.70","6,052.10","623.05M","0.32%"
"07/24/2020","6,024.00","6,094.50","6,094.50","6,010.70","547.03M","-1.16%"
"07/27/2020","6,044.20","6,024.00","6,044.50","6,013.10","577.07M","0.34%"
"07/28/2020","6,020.50","6,044.20","6,113.80","6,019.80","732.40M","-0.39%"
"07/29/2020","6,006.40","6,020.50","6,051.10","6,000.70","675.81M","-0.23%"
"07/30/2020","6,051.10","6,006.40","6,067.00","6,006.40","668.69M","0.74%"
"07/31/2020","5,927.80","6,051.10","6,051.10","5,893.20","879.06M","-2.04%"
"08/03/2020","5,926.10","5,927.80","5,947.10","5,860.70","738.98M","-0.03%"
"08/04/2020","6,037.60","5,926.10","6,059.50","5,926.10","692.28M","1.88%"
"08/05/2020","6,001.30","6,037.60","6,037.60","5,964.90","672.55M","-0.60%"
"08/06/2020","6,042.20","6,001.30","6,049.30","6,001.30","698.36M","0.68%"
"08/07/2020","6,004.80","6,042.20","6,042.20","5,993.40","612.54M","-0.62%"
"08/10/2020","6,110.20","6,004.80","6,125.30","6,004.80","644.76M","1.76%"
"08/11/2020","6,138.70","6,110.20","6,186.10","6,110.20","726.82M","0.47%"
"08/12/2020","6,132.00","6,138.70","6,154.50","6,101.10","771.91M","-0.11%"
"08/13/2020","6,091.00","6,132.00","6,157.30","6,075.80","874.61M","-0.67%"
"08/14/2020","6,126.20","6,091.00","6,139.10","6,091.00","734.64M","0.58%"
"08/17/2020","6,076.40","6,126.20","6,126.20","6,059.30","694.41M","-0.81%"
"08/18/2020","6,123.40","6,076.40","6,139.30","6,075.60","832.54M","0.77%"
"08/19/2020","6,167.60","6,123.40","6,196.60","6,122.50","883.02M","0.72%"
"08/20/2020","6,120.00","6,167.60","6,167.60","6,096.70","867.11M","-0.77%"
"08/21/2020","6,111.20","6,120.00","6,166.40","6,104.80","812.22M","-0.14%"
"08/24/2020","6,129.60","6,111.20","6,134.80","6,094.70","793.84M","0.30%"
"08/25/2020","6,161.40","6,129.60","6,199.20","6,129.60","901.04M","0.52%"
"08/26/2020","6,116.40","6,160.40","6,160.40","6,079.80","886.37M","-0.73%"
"08/27/2020","6,126.20","6,116.40","6,159.80","6,116.40","869.75M","0.16%"
"08/28/2020","6,073.80","6,126.20","6,126.20","6,056.00","785.26M","-0.86%"
"08/31/2020","6,060.50","6,073.80","6,093.90","6,060.50","811.41M","-0.22%"
"09/01/2020","5,953.40","6,060.50","6,060.50","5,908.90","885.06M","-1.77%"
"09/02/2020","6,063.20","5,953.40","6,075.70","5,953.40","786.43M","1.84%"
"09/03/2020","6,112.60","6,063.20","6,130.80","6,063.20","753.56M","0.81%"
"09/04/2020","5,925.50","6,112.60","6,112.60","5,918.80","761.76M","-3.06%"
"09/07/2020","5,944.80","5,925.50","5,958.90","5,869.90","586.58M","0.33%"
"09/08/2020","6,007.80","5,944.80","6,025.50","5,944.80","617.22M","1.06%"
"09/09/2020","5,878.60","6,007.80","6,007.80","5,849.40","818.53M","-2.15%"
"09/10/2020","5,908.50","5,878.60","5,955.70","5,874.80","747.53M","0.51%"
"09/11/2020","5,859.40","5,908.50","5,908.50","5,836.20","620.67M","-0.83%"
"09/14/2020","5,899.50","5,859.40","5,903.20","5,859.40","619.62M","0.68%"
"09/15/2020","5,894.80","5,899.50","5,919.20","5,883.90","800.57M","-0.08%"
"09/16/2020","5,956.10","5,894.80","5,958.50","5,894.80","842.19M","1.04%"
"09/17/2020","5,883.20","5,956.10","5,956.50","5,883.20","916.04M","-1.22%"
"09/18/2020","5,864.50","5,883.20","5,921.40","5,864.50","1.51B","-0.32%"
"09/21/2020","5,822.60","5,864.50","5,868.50","5,808.20","690.90M","-0.71%"
"09/22/2020","5,784.10","5,822.60","5,822.60","5,763.20","793.14M","-0.66%"
"09/23/2020","5,923.90","5,784.10","5,933.30","5,784.10","831.42M","2.42%"
"09/24/2020","5,875.90","5,923.90","5,923.90","5,824.80","712.97M","-0.81%"
"09/25/2020","5,964.90","5,875.90","5,973.70","5,875.90","673.48M","1.51%"
"09/28/2020","5,952.30","5,964.90","5,977.30","5,941.00","579.88M","-0.21%"
"09/29/2020","5,952.10","5,952.30","5,995.40","5,935.10","625.98M","0.00%"
"09/30/2020","5,815.90","5,952.00","5,952.00","5,815.90","930.97M","-2.29%"
"10/01/2020","5,872.90","5,815.90","5,916.50","5,815.90","610.93M","0.98%"
"10/02/2020","5,791.50","5,872.90","5,872.90","5,779.60","776.28M","-1.39%"
"10/05/2020","5,941.60","5,791.50","5,942.80","5,791.50","430.91M","2.59%"
"10/06/2020","5,962.10","5,941.60","5,963.90","5,912.70","626.24M","0.35%"
"10/07/2020","6,036.40","5,962.10","6,043.80","5,944.70","631.23M","1.25%"
"10/08/2020","6,102.00","6,036.40","6,123.40","6,036.40","631.61M","1.09%"
"10/09/2020","6,102.20","6,102.00","6,127.40","6,087.60","564.44M","0.00%"
"10/12/2020","6,132.00","6,102.20","6,132.00","6,093.10","509.79M","0.49%"
"10/13/2020","6,195.70","6,132.00","6,214.70","6,132.00","650.16M","1.04%"
"10/14/2020","6,179.20","6,195.70","6,198.40","6,174.70","651.60M","-0.27%"
"10/15/2020","6,210.30","6,179.20","6,233.40","6,179.20","661.42M","0.50%"
"10/16/2020","6,176.80","6,210.30","6,216.20","6,165.00","619.00M","-0.54%"
"10/19/2020","6,229.40","6,176.80","6,248.30","6,176.80","498.27M","0.85%"
"10/20/2020","6,184.60","6,229.40","6,241.10","6,181.10","586.54M","-0.72%"
"10/21/2020","6,191.80","6,184.60","6,206.30","6,181.20","614.60M","0.12%"
"10/22/2020","6,173.80","6,191.80","6,191.80","6,100.60","720.34M","-0.29%"
"10/23/2020","6,167.00","6,173.80","6,184.20","6,148.40","562.63M","-0.11%"
"10/26/2020","6,155.60","6,167.00","6,206.50","6,154.80","610.69M","-0.18%"
"10/27/2020","6,051.00","6,155.60","6,155.60","6,033.80","712.99M","-1.70%"
"10/28/2020","6,057.70","6,051.00","6,075.60","6,020.20","627.05M","0.11%"
"10/29/2020","5,960.30","6,057.70","6,057.70","5,940.00","700.20M","-1.61%"
"10/30/2020","5,927.60","5,960.30","5,986.60","5,927.60","871.37M","-0.55%"
"11/02/2020","5,951.30","5,927.60","5,960.60","5,904.10","595.02M","0.40%"
"11/03/2020","6,066.40","5,951.30","6,090.80","5,951.30","633.82M","1.93%"
"11/04/2020","6,062.10","6,066.40","6,096.40","5,986.00","677.80M","-0.07%"
"11/05/2020","6,139.60","6,062.10","6,143.70","6,062.10","679.19M","1.28%"
"11/06/2020","6,190.20","6,139.60","6,202.30","6,139.60","665.17M","0.82%"
"11/09/2020","6,298.80","6,190.20","6,303.10","6,190.20","600.28M","1.75%"
"11/10/2020","6,340.50","6,298.80","6,438.20","6,298.80","1.25B","0.66%"
"11/11/2020","6,449.70","6,340.50","6,451.00","6,340.50","1.03B","1.72%"
"11/12/2020","6,418.20","6,449.70","6,470.90","6,399.60","834.43M","-0.49%"
"11/13/2020","6,405.20","6,418.40","6,418.40","6,377.60","688.64M","-0.20%"
"11/16/2020","6,484.30","6,405.20","6,487.30","6,405.20","40.17M","1.23%"
"11/17/2020","6,498.20","6,484.30","6,530.40","6,484.30","984.74M","0.21%"
"11/18/2020","6,531.10","6,498.20","6,541.20","6,494.70","824.16M","0.51%"
"11/19/2020","6,547.20","6,531.10","6,547.20","6,498.00","701.27M","0.25%"
"11/20/2020","6,539.20","6,547.20","6,562.10","6,535.60","636.68M","-0.12%"
"11/23/2020","6,561.60","6,539.20","6,594.00","6,539.20","554.45M","0.34%"
"11/24/2020","6,644.10","6,561.60","6,661.40","6,561.60","811.49M","1.26%"
"11/25/2020","6,683.30","6,644.10","6,713.30","6,644.10","969.70M","0.59%"
"11/26/2020","6,636.40","6,683.30","6,686.40","6,636.40","621.78M","-0.70%"
"11/27/2020","6,601.10","6,636.40","6,636.40","6,587.90","491.45M","-0.53%"
"11/30/2020","6,517.80","6,601.10","6,641.10","6,517.80","1.12B","-1.26%"
"12/01/2020","6,588.50","6,517.80","6,613.50","6,511.40","702.87M","1.08%"
"12/02/2020","6,590.20","6,588.50","6,616.00","6,561.50","749.03M","0.03%"
"12/03/2020","6,615.30","6,590.20","6,628.20","6,590.20","699.40M","0.38%"
"12/04/2020","6,634.10","6,615.30","6,650.10","6,613.90","612.05M","0.28%"
"12/07/2020","6,675.00","6,634.30","6,714.70","6,634.30","604.32M","0.62%"
"12/08/2020","6,687.70","6,675.00","6,699.40","6,658.90","656.78M","0.19%"
"12/09/2020","6,728.50","6,687.70","6,745.30","6,687.70","578.63M","0.61%"
"12/10/2020","6,683.10","6,728.50","6,728.50","6,678.30","705.91M","-0.67%"
"12/11/2020","6,642.60","6,683.10","6,688.20","6,632.30","687.99M","-0.61%"
"12/14/2020","6,660.20","6,642.60","6,693.70","6,642.60","575.60M","0.26%"
"12/15/2020","6,631.30","6,660.20","6,660.20","6,625.70","626.21M","-0.43%"
"12/16/2020","6,679.20","6,631.30","6,719.60","6,631.30","652.54M","0.72%"
"12/17/2020","6,756.70","6,679.20","6,756.70","6,679.20","801.29M","1.16%"
"12/18/2020","6,675.50","6,756.70","6,765.70","6,675.50","1.44B","-1.20%"
"12/21/2020","6,669.90","6,675.50","6,678.50","6,635.80","570.92M","-0.08%"
"12/22/2020","6,599.60","6,669.90","6,669.90","6,585.00","536.56M","-1.05%"
"12/23/2020","6,643.10","6,599.60","6,661.20","6,599.60","462.45M","0.66%"
"12/24/2020","6,664.80","6,643.10","6,704.90","6,643.10","230.27M","0.33%"
"12/29/2020","6,700.30","6,664.80","6,725.10","6,664.80","330.38M","0.53%"
"12/30/2020","6,682.40","6,700.30","6,700.30","6,630.50","354.18M","-0.27%"
"12/31/2020","6,587.10","6,682.40","6,682.40","6,587.10","272.86M","-1.43%"
"01/04/2021","6,684.20","6,587.10","6,684.20","6,587.10","381.36M","1.47%"
"01/05/2021","6,681.90","6,684.20","6,684.50","6,635.10","527.23M","-0.03%"
"01/06/2021","6,607.10","6,681.90","6,685.70","6,588.90","565.39M","-1.12%"
"01/07/2021","6,712.00","6,607.10","6,733.40","6,607.10","621.50M","1.59%"
"01/08/2021","6,757.90","6,712.00","6,757.90","6,712.00","457.17M","0.68%"
"01/11/2021","6,697.20","6,757.90","6,761.00","6,689.40","502.17M","-0.90%"
"01/12/2021","6,679.10","6,697.20","6,733.50","6,679.10","503.61M","-0.27%"
"01/13/2021","6,686.60","6,679.10","6,691.60","6,657.10","550.26M","0.11%"
"01/14/2021","6,715.30","6,686.60","6,724.80","6,669.30","562.38M","0.43%"
"01/15/2021","6,715.40","6,715.30","6,752.40","6,715.30","592.99M","0.00%"
"01/18/2021","6,663.00","6,715.40","6,715.40","6,651.60","448.18M","-0.78%"
"01/19/2021","6,742.60","6,663.00","6,748.90","6,663.00","502.19M","1.19%"
"01/20/2021","6,770.40","6,742.60","6,788.10","6,742.60","529.71M","0.41%"
"01/21/2021","6,823.70","6,770.40","6,829.30","6,770.40","642.30M","0.79%"
"01/22/2021","6,800.40","6,823.70","6,823.90","6,794.10","619.20M","-0.34%"
"01/25/2021","6,824.70","6,800.40","6,832.60","6,800.40","381.08M","0.36%"
"01/27/2021","6,780.60","6,824.70","6,824.70","6,764.30","659.66M","-0.65%"
"01/28/2021","6,649.70","6,780.60","6,780.60","6,597.60","715.27M","-1.93%"
"01/29/2021","6,607.40","6,649.70","6,730.20","6,585.30","728.63M","-0.64%"
"02/01/2021","6,663.00","6,607.40","6,675.10","6,517.20","623.70M","0.84%"
"02/02/2021","6,762.60","6,663.00","6,774.70","6,663.00","629.38M","1.49%"
"02/03/2021","6,824.60","6,762.60","6,852.90","6,762.60","706.79M","0.92%"
"02/04/2021","6,765.50","6,824.60","6,828.70","6,757.20","545.52M","-0.87%"
"02/05/2021","6,840.50","6,765.50","6,846.70","6,765.50","552.83M","1.11%"
"02/08/2021","6,880.70","6,840.50","6,901.00","6,840.50","492.35M","0.59%"
"02/09/2021","6,821.20","6,880.70","6,899.70","6,821.20","578.38M","-0.86%"
"02/10/2021","6,856.90","6,821.20","6,869.20","6,821.20","515.65M","0.52%"
"02/11/2021","6,850.10","6,856.90","6,875.80","6,837.50","528.84M","-0.10%"
"02/12/2021","6,806.70","6,850.10","6,852.80","6,802.40","431.83M","-0.63%"
"02/15/2021","6,868.90","6,806.70","6,883.10","6,806.70","499.00M","0.91%"
"02/16/2021","6,917.30","6,868.90","6,917.30","6,868.90","616.26M","0.70%"
"02/17/2021","6,885.20","6,917.30","6,938.00","6,863.00","776.50M","-0.46%"
"02/18/2021","6,885.90","6,885.20","6,915.80","6,875.30","753.37M","0.01%"
"02/19/2021","6,793.80","6,885.90","6,886.70","6,769.90","701.38M","-1.34%"
"02/22/2021","6,780.90","6,793.80","6,824.80","6,774.30","653.24M","-0.19%"
"02/23/2021","6,839.20","6,780.90","6,839.20","6,765.30","806.33M","0.86%"
"02/24/2021","6,777.80","6,839.20","6,839.20","6,762.60","677.31M","-0.90%"
"02/25/2021","6,834.00","6,777.80","6,857.30","6,777.80","806.72M","0.83%"
"02/26/2021","6,673.30","6,834.00","6,834.00","6,658.90","1.03B","-2.35%"
"03/01/2021","6,789.60","6,673.30","6,790.10","6,672.20","734.33M","1.74%"
"03/02/2021","6,762.30","6,789.60","6,860.70","6,762.30","739.31M","-0.40%"
"03/03/2021","6,818.00","6,762.30","6,818.80","6,762.30","591.22M","0.82%"
"03/04/2021","6,760.70","6,818.00","6,818.00","6,709.00","737.49M","-0.84%"
"03/05/2021","6,710.80","6,760.70","6,760.70","6,660.50","702.40M","-0.74%"
"03/08/2021","6,739.60","6,710.80","6,835.60","6,710.80","609.64M","0.43%"
"03/09/2021","6,771.20","6,739.60","6,810.00","6,739.60","733.62M","0.47%"
"03/10/2021","6,714.10","6,771.20","6,806.50","6,714.10","619.77M","-0.84%"
"03/11/2021","6,713.90","6,714.10","6,756.70","6,648.60","665.89M","0.00%"
"03/12/2021","6,766.80","6,713.90","6,783.00","6,713.90","468.30M","0.79%"
"03/15/2021","6,773.00","6,766.80","6,793.50","6,727.50","484.55M","0.09%"
"03/16/2021","6,827.10","6,773.00","6,858.90","6,767.80","587.15M","0.80%"
"03/17/2021","6,795.20","6,827.10","6,827.10","6,761.40","603.82M","-0.47%"
"03/18/2021","6,745.90","6,795.20","6,806.20","6,744.50","715.60M","-0.73%"
"03/19/2021","6,708.20","6,745.90","6,745.90","6,673.70","1.25B","-0.56%"
"03/22/2021","6,752.50","6,708.20","6,763.40","6,688.20","472.04M","0.66%"
"03/23/2021","6,745.40","6,752.50","6,786.20","6,741.30","518.77M","-0.11%"
"03/24/2021","6,778.80","6,745.40","6,799.10","6,735.60","503.00M","0.50%"
"03/25/2021","6,790.60","6,778.80","6,806.00","6,769.90","558.91M","0.17%"
"03/26/2021","6,824.20","6,790.60","6,835.00","6,790.60","571.46M","0.49%"
"03/29/2021","6,799.50","6,824.20","6,860.60","6,794.10","502.07M","-0.36%"
"03/30/2021","6,738.40","6,799.50","6,836.30","6,738.40","513.84M","-0.90%"
"03/31/2021","6,790.70","6,738.40","6,862.60","6,738.40","717.60M","0.78%"
"04/01/2021","6,828.70","6,790.70","6,830.40","6,783.30","473.19M","0.56%"
"04/06/2021","6,885.90","6,828.70","6,915.70","6,828.70","517.51M","0.84%"
"04/07/2021","6,928.00","6,885.90","6,933.90","6,885.90","612.67M","0.61%"
"04/08/2021","6,998.80","6,928.00","7,012.40","6,928.00","544.99M","1.02%"
"04/09/2021","6,995.20","6,998.80","6,998.80","6,965.50","425.91M","-0.05%"
"04/12/2021","6,974.00","6,996.70","6,996.70","6,957.40","405.10M","-0.30%"
"04/13/2021","6,976.90","6,974.00","6,998.00","6,962.90","507.31M","0.04%"
"04/14/2021","7,023.10","6,976.90","7,027.40","6,976.90","576.45M","0.66%"
"04/15/2021","7,058.60","7,023.10","7,071.50","6,988.60","686.79M","0.51%"
"04/16/2021","7,063.50","7,058.60","7,066.40","7,030.10","627.01M","0.07%"
"04/19/2021","7,065.60","7,063.50","7,094.80","7,063.50","473.52M","0.03%"
"04/20/2021","7,017.80","7,065.60","7,067.20","7,008.80","554.64M","-0.68%"
"04/21/2021","6,997.50","7,017.80","7,017.80","6,905.40","689.08M","-0.29%"
"04/22/2021","7,055.40","6,997.50","7,055.40","6,993.70","663.98M","0.83%"
"04/23/2021","7,060.70","7,055.40","7,060.70","7,036.80","485.41M","0.08%"
"04/26/2021","7,045.60","7,060.70","7,075.20","7,045.60","427.51M","-0.21%"
"04/27/2021","7,033.80","7,045.60","7,053.30","7,005.90","596.35M","-0.17%"
"04/28/2021","7,064.70","7,033.80","7,077.50","7,028.60","620.72M","0.44%"
"04/29/2021","7,082.30","7,064.70","7,096.90","7,064.70","634.86M","0.25%"
"04/30/2021","7,025.80","7,082.30","7,082.30","7,012.80","615.51M","-0.80%"
"05/03/2021","7,028.80","7,025.80","7,068.40","7,022.00","468.23M","0.04%"
"05/04/2021","7,067.90","7,028.80","7,069.50","7,028.80","484.50M","0.56%"
"05/05/2021","7,095.80","7,067.90","7,122.00","7,054.00","510.16M","0.39%"
"05/06/2021","7,061.70","7,095.80","7,112.50","7,042.70","625.15M","-0.48%"
"05/07/2021","7,080.80","7,061.70","7,101.20","7,054.10","532.25M","0.27%"
"05/10/2021","7,172.80","7,080.80","7,172.80","7,076.10","588.42M","1.30%"
"05/11/2021","7,097.00","7,172.80","7,172.80","7,078.00","558.92M","-1.06%"
"05/12/2021","7,044.90","7,097.00","7,097.00","7,006.60","644.65M","-0.73%"
"05/13/2021","6,982.70","7,044.90","7,044.90","6,966.50","617.00M","-0.88%"
"05/14/2021","7,014.20","6,982.70","7,055.70","6,982.70","520.96M","0.45%"
"05/17/2021","7,023.60","7,014.20","7,065.70","7,014.20","453.25M","0.13%"
"05/18/2021","7,066.00","7,023.60","7,083.60","7,023.60","524.94M","0.60%"
"05/19/2021","6,931.70","7,066.00","7,066.00","6,917.30","702.25M","-1.90%"
"05/20/2021","7,019.60","6,931.70","7,025.40","6,919.40","664.42M","1.27%"
"05/21/2021","7,030.30","7,019.60","7,056.40","6,999.60","589.75M","0.15%"
"05/24/2021","7,045.90","7,030.30","7,061.90","7,015.50","455.99M","0.22%"
"05/25/2021","7,115.20","7,045.90","7,115.20","7,045.90","483.42M","0.98%"
"05/26/2021","7,092.50","7,115.20","7,136.40","7,090.10","517.99M","-0.32%"
"05/27/2021","7,094.90","7,092.50","7,118.90","7,082.40","1.40B","0.03%"
"05/28/2021","7,179.50","7,094.90","7,186.80","7,094.90","606.89M","1.19%"
"05/31/2021","7,161.60","7,179.50","7,203.30","7,157.20","499.77M","-0.25%"
"06/01/2021","7,142.60","7,161.60","7,163.00","7,117.50","414.77M","-0.27%"
"06/02/2021","7,217.80","7,142.60","7,218.90","7,142.60","574.83M","1.05%"
"06/03/2021","7,260.10","7,217.80","7,281.80","7,217.80","592.84M","0.59%"
"06/04/2021","7,295.40","7,260.10","7,300.50","7,244.30","645.70M","0.49%"
"06/07/2021","7,281.90","7,295.40","7,309.40","7,269.40","471.21M","-0.19%"
"06/08/2021","7,292.60","7,281.90","7,315.60","7,267.60","504.73M","0.15%"
"06/09/2021","7,270.20","7,292.60","7,334.90","7,270.20","567.09M","-0.31%"
"06/10/2021","7,302.50","7,270.20","7,314.60","7,265.60","630.69M","0.44%"
"06/11/2021","7,312.30","7,302.50","7,329.70","7,274.80","556.87M","0.13%"
"06/15/2021","7,379.50","7,312.30","7,398.60","7,312.30","613.74M","0.92%"
"06/16/2021","7,386.20","7,379.50","7,406.20","7,372.40","663.03M","0.09%"
"06/17/2021","7,359.00","7,386.20","7,386.20","7,341.90","772.07M","-0.37%"
"06/18/2021","7,368.90","7,359.00","7,403.20","7,334.90","1.23B","0.13%"
"06/21/2021","7,235.30","7,368.90","7,368.90","7,216.60","607.37M","-1.81%"
"06/22/2021","7,342.20","7,235.30","7,365.90","7,235.30","761.07M","1.48%"
"06/23/2021","7,298.50","7,342.20","7,344.00","7,292.90","587.63M","-0.60%"
"06/24/2021","7,275.30","7,298.50","7,303.80","7,256.30","583.50M","-0.32%"
"06/25/2021","7,308.00","7,275.30","7,325.60","7,275.30","589.93M","0.45%"
"06/28/2021","7,307.30","7,308.00","7,310.60","7,273.70","515.55M","-0.01%"
"06/29/2021","7,301.20","7,308.00","7,308.00","7,241.50","514.75M","-0.08%"
"06/30/2021","7,313.00","7,301.20","7,370.10","7,301.20","675.23M","0.16%"
"07/01/2021","7,265.60","7,313.00","7,317.20","7,265.60","573.31M","-0.65%"
"07/02/2021","7,308.60","7,265.60","7,312.30","7,265.60","501.02M","0.59%"
"07/05/2021","7,315.00","7,308.60","7,343.70","7,306.70","548.27M","0.09%"
"07/06/2021","7,261.80","7,315.00","7,346.20","7,261.80","552.71M","-0.73%"
"07/07/2021","7,326.90","7,261.80","7,332.40","7,255.50","706.86M","0.90%"
"07/08/2021","7,341.40","7,326.90","7,381.90","7,326.90","573.96M","0.20%"
"07/09/2021","7,273.30","7,341.40","7,341.40","7,226.00","621.91M","-0.93%"
"07/12/2021","7,333.50","7,273.30","7,353.40","7,273.30","471.35M","0.83%"
"07/13/2021","7,332.10","7,333.50","7,382.20","7,332.10","616.75M","-0.02%"
"07/14/2021","7,354.70","7,332.10","7,368.50","7,326.50","561.31M","0.31%"
"07/15/2021","7,335.90","7,354.70","7,365.70","7,322.90","643.69M","-0.26%"
"07/16/2021","7,348.10","7,335.90","7,348.10","7,316.30","592.38M","0.17%"
"07/19/2021","7,286.00","7,348.10","7,348.10","7,249.20","496.36M","-0.85%"
"07/20/2021","7,252.20","7,286.00","7,286.00","7,205.00","644.64M","-0.46%"
"07/21/2021","7,308.70","7,252.20","7,354.80","7,252.20","581.30M","0.78%"
"07/22/2021","7,386.40","7,308.70","7,386.40","7,308.70","582.73M","1.06%"
"07/23/2021","7,394.40","7,386.40","7,398.70","7,357.00","493.58M","0.11%"
"07/26/2021","7,394.30","7,394.40","7,417.60","7,389.30","548.09M","0.00%"
"07/27/2021","7,431.40","7,394.30","7,447.90","7,394.30","559.35M","0.50%"
"07/28/2021","7,379.30","7,431.40","7,432.40","7,368.30","585.95M","-0.70%"
"07/29/2021","7,417.40","7,379.30","7,418.70","7,379.30","514.88M","0.52%"
"07/30/2021","7,392.60","7,417.40","7,437.70","7,387.90","632.53M","-0.33%"
"08/02/2021","7,491.40","7,415.90","7,506.30","7,414.90","576.29M","1.34%"
"08/03/2021","7,474.50","7,491.40","7,495.90","7,455.50","623.33M","-0.23%"
"08/04/2021","7,503.20","7,474.50","7,509.20","7,474.50","499.67M","0.38%"
"08/05/2021","7,511.10","7,503.20","7,526.40","7,493.00","510.28M","0.11%"
"08/06/2021","7,538.40","7,511.10","7,538.40","7,497.30","539.38M","0.36%"
"08/09/2021","7,538.40","7,538.40","7,567.00","7,532.80","526.82M","0.00%"
"08/10/2021","7,562.60","7,538.40","7,576.30","7,537.10","525.15M","0.32%"
"08/11/2021","7,584.30","7,562.60","7,615.10","7,562.60","643.15M","0.29%"
"08/12/2021","7,588.20","7,584.30","7,608.60","7,571.50","627.84M","0.05%"
"08/13/2021","7,628.90","7,588.20","7,632.80","7,585.90","605.05M","0.54%"
"08/16/2021","7,582.50","7,628.90","7,629.00","7,582.50","647.00M","-0.61%"
"08/17/2021","7,511.00","7,582.50","7,582.50","7,494.40","559.15M","-0.94%"
"08/18/2021","7,502.10","7,511.00","7,532.90","7,470.50","653.54M","-0.12%"
"08/19/2021","7,464.60","7,502.10","7,502.10","7,429.20","747.63M","-0.50%"
"08/20/2021","7,460.90","7,464.60","7,512.00","7,453.60","712.73M","-0.05%"
"08/23/2021","7,489.90","7,460.90","7,496.30","7,460.90","622.95M","0.39%"
"08/24/2021","7,503.00","7,489.90","7,524.40","7,489.90","685.47M","0.17%"
"08/25/2021","7,531.90","7,503.00","7,542.40","7,503.00","710.52M","0.39%"
"08/26/2021","7,491.20","7,531.90","7,531.90","7,477.80","771.81M","-0.54%"
"08/27/2021","7,488.30","7,491.20","7,494.50","7,465.00","756.50M","-0.04%"
"08/30/2021","7,504.50","7,488.30","7,528.30","7,476.00","648.07M","0.22%"
"08/31/2021","7,534.90","7,504.50","7,555.90","7,504.50","806.31M","0.41%"
"09/01/2021","7,527.10","7,534.90","7,534.90","7,462.20","618.48M","-0.10%"
"09/02/2021","7,485.70","7,527.10","7,527.10","7,437.20","631.41M","-0.55%"
"09/03/2021","7,522.90","7,485.70","7,539.00","7,485.70","586.72M","0.50%"
"09/06/2021","7,528.50","7,522.90","7,528.50","7,440.10","807.64M","0.07%"
"09/07/2021","7,530.30","7,528.50","7,536.90","7,487.80","591.48M","0.02%"
"09/08/2021","7,512.00","7,530.30","7,530.30","7,476.30","688.88M","-0.24%"
"09/09/2021","7,369.50","7,512.00","7,512.00","7,344.30","740.25M","-1.90%"
"09/10/2021","7,406.60","7,369.50","7,430.00","7,369.50","599.12M","0.50%"
"09/13/2021","7,425.20","7,406.60","7,436.80","7,389.40","591.65M","0.25%"
"09/14/2021","7,437.30","7,425.20","7,446.00","7,388.90","810.67M","0.16%"
"09/15/2021","7,417.00","7,437.30","7,437.30","7,378.90","783.02M","-0.27%"
"09/16/2021","7,460.20","7,417.00","7,487.60","7,417.00","908.93M","0.58%"
"09/17/2021","7,403.70","7,460.20","7,460.20","7,376.10","1.61B","-0.76%"
"09/20/2021","7,248.20","7,390.40","7,390.40","7,233.60","721.06M","-2.10%"
"09/21/2021","7,273.80","7,248.20","7,285.90","7,191.70","740.27M","0.35%"
"09/22/2021","7,296.90","7,273.80","7,338.60","7,241.80","663.95M","0.32%"
"09/23/2021","7,370.20","7,296.90","7,387.00","7,296.90","696.69M","1.00%"
"09/24/2021","7,342.60","7,370.20","7,377.00","7,334.20","666.26M","-0.37%"
"09/27/2021","7,384.20","7,342.60","7,416.40","7,342.60","630.60M","0.57%"
"09/28/2021","7,275.60","7,384.20","7,384.20","7,275.60","753.73M","-1.47%"
"09/29/2021","7,196.70","7,275.60","7,275.60","7,145.70","850.92M","-1.08%"
"09/30/2021","7,332.20","7,196.70","7,332.20","7,196.70","801.81M","1.88%"
"10/01/2021","7,185.50","7,332.20","7,332.20","7,157.90","785.10M","-2.00%"
"10/04/2021","7,278.50","7,185.50","7,305.90","7,185.50","464.15M","1.29%"
"10/05/2021","7,248.40","7,278.50","7,278.50","7,202.70","735.94M","-0.41%"
"10/06/2021","7,206.50","7,248.40","7,279.40","7,183.50","726.94M","-0.58%"
"10/07/2021","7,256.70","7,206.50","7,265.20","7,206.50","718.86M","0.70%"
"10/08/2021","7,320.10","7,256.70","7,322.00","7,256.70","630.30M","0.87%"
"10/11/2021","7,299.80","7,320.10","7,320.10","7,250.00","613.01M","-0.28%"
"10/12/2021","7,280.70","7,299.80","7,330.40","7,260.40","669.14M","-0.26%"
"10/13/2021","7,272.50","7,280.70","7,294.00","7,256.30","589.78M","-0.11%"
"10/14/2021","7,311.70","7,272.50","7,358.60","7,272.50","648.07M","0.54%"
"10/15/2021","7,362.00","7,311.70","7,373.20","7,311.70","565.80M","0.69%"
"10/18/2021","7,381.10","7,362.00","7,393.80","7,354.10","562.54M","0.26%"
"10/19/2021","7,374.90","7,381.10","7,406.90","7,373.80","581.73M","-0.08%"
"10/20/2021","7,413.70","7,374.90","7,449.50","7,374.90","746.76M","0.53%"
"10/21/2021","7,415.40","7,413.70","7,446.70","7,403.70","751.88M","0.02%"
"10/22/2021","7,415.50","7,415.40","7,431.40","7,391.30","638.59M","0.00%"
"10/25/2021","7,441.00","7,415.50","7,471.70","7,415.50","464.11M","0.34%"
"10/26/2021","7,443.40","7,441.00","7,471.30","7,439.20","517.77M","0.03%"
"10/27/2021","7,448.70","7,443.40","7,473.90","7,419.70","596.69M","0.07%"
"10/28/2021","7,430.40","7,448.70","7,448.70","7,404.60","578.21M","-0.25%"
"10/29/2021","7,323.70","7,430.40","7,447.00","7,318.80","695.89M","-1.44%"
"11/01/2021","7,370.80","7,323.70","7,388.30","7,323.70","612.05M","0.64%"
"11/02/2021","7,324.30","7,370.80","7,395.90","7,311.60","491.50M","-0.63%"
"11/03/2021","7,392.70","7,324.30","7,431.60","7,324.30","587.77M","0.93%"
"11/04/2021","7,428.00","7,392.70","7,428.00","7,392.70","658.11M","0.48%"
"11/05/2021","7,456.90","7,428.00","7,477.20","7,424.40","568.02M","0.39%"
"11/08/2021","7,452.20","7,456.90","7,474.30","7,433.40","581.05M","-0.06%"
"11/09/2021","7,434.20","7,452.20","7,468.60","7,434.20","609.74M","-0.24%"
"11/10/2021","7,423.90","7,434.20","7,460.50","7,411.90","549.06M","-0.14%"
"11/11/2021","7,381.90","7,423.90","7,423.90","7,329.50","601.08M","-0.57%"
"11/12/2021","7,443.00","7,381.90","7,465.80","7,381.90","572.67M","0.83%"
"11/15/2021","7,470.10","7,443.00","7,479.10","7,437.90","499.12M","0.36%"
"11/16/2021","7,420.40","7,470.10","7,470.10","7,403.50","626.13M","-0.67%"
"11/17/2021","7,369.90","7,420.40","7,431.10","7,342.90","626.09M","-0.68%"
"11/18/2021","7,379.20","7,369.90","7,398.20","7,343.80","634.51M","0.13%"
"11/19/2021","7,396.50","7,379.20","7,404.90","7,376.00","525.25M","0.23%"
"11/22/2021","7,353.10","7,396.50","7,396.50","7,337.00","486.26M","-0.59%"
"11/23/2021","7,410.60","7,353.10","7,416.60","7,353.10","606.30M","0.78%"
"11/24/2021","7,399.40","7,410.60","7,425.00","7,381.80","595.33M","-0.15%"
"11/25/2021","7,407.30","7,399.40","7,412.70","7,373.70","597.77M","0.11%"
"11/26/2021","7,279.30","7,407.30","7,407.30","7,260.30","577.17M","-1.73%"
"11/29/2021","7,239.80","7,279.30","7,279.30","7,180.30","817.95M","-0.54%"
"11/30/2021","7,256.00","7,239.80","7,332.60","7,239.80","1.12B","0.22%"
"12/01/2021","7,235.90","7,256.00","7,262.30","7,183.40","654.05M","-0.28%"
"12/02/2021","7,225.20","7,235.90","7,239.70","7,168.90","652.44M","-0.15%"
"12/03/2021","7,241.20","7,225.20","7,288.20","7,211.50","631.36M","0.22%"
"12/06/2021","7,245.10","7,241.20","7,257.90","7,207.80","650.43M","0.05%"
"12/07/2021","7,313.90","7,245.10","7,326.10","7,245.10","601.67M","0.95%"
"12/08/2021","7,405.40","7,313.90","7,443.40","7,313.90","675.57M","1.25%"
"12/09/2021","7,384.50","7,405.40","7,418.30","7,377.70","542.21M","-0.28%"
"12/10/2021","7,353.50","7,384.50","7,384.50","7,336.70","599.53M","-0.42%"
"12/13/2021","7,379.30","7,353.50","7,417.70","7,353.50","452.15M","0.35%"
"12/14/2021","7,378.40","7,379.30","7,393.50","7,341.30","581.39M","-0.01%"
"12/15/2021","7,327.10","7,378.40","7,378.40","7,325.70","514.72M","-0.70%"
"12/16/2021","7,295.70","7,327.10","7,334.50","7,277.10","787.43M","-0.43%"
"12/17/2021","7,304.00","7,295.70","7,350.30","7,295.70","1.22B","0.11%"
"12/20/2021","7,292.20","7,304.00","7,304.00","7,257.80","543.60M","-0.16%"
"12/21/2021","7,355.00","7,292.20","7,358.30","7,287.30","571.41M","0.86%"
"12/22/2021","7,364.80","7,355.00","7,374.50","7,333.00","539.85M","0.13%"
"12/23/2021","7,387.60","7,364.80","7,404.20","7,363.60","390.03M","0.31%"
"12/24/2021","7,420.30","7,387.60","7,435.90","7,387.60","230.00M","0.44%"
"12/29/2021","7,509.80","7,420.30","7,518.40","7,420.30","428.61M","1.21%"
"12/30/2021","7,513.40","7,509.80","7,520.60","7,499.50","365.35M","0.05%"
"12/31/2021","7,444.60","7,513.40","7,515.30","7,444.60","272.41M","-0.92%"
"01/04/2022","7,589.80","7,444.60","7,594.70","7,444.60","503.96M","1.95%"
"01/05/2022","7,565.80","7,589.80","7,620.20","7,563.40","472.27M","-0.32%"
"01/06/2022","7,358.30","7,565.80","7,565.80","7,340.40","623.92M","-2.74%"
"01/07/2022","7,453.30","7,358.30","7,484.60","7,358.30","469.08M","1.29%"
"01/10/2022","7,447.10","7,453.30","7,460.20","7,409.90","410.07M","-0.08%"
"01/11/2022","7,390.10","7,447.10","7,447.10","7,376.80","549.65M","-0.77%"
"01/12/2022","7,438.90","7,390.10","7,467.50","7,390.10","569.40M","0.66%"
"01/13/2022","7,474.40","7,438.90","7,487.30","7,438.90","605.24M","0.48%"
"01/14/2022","7,393.90","7,474.40","7,474.40","7,386.80","619.98M","-1.08%"
"01/17/2022","7,417.30","7,393.90","7,429.30","7,385.80","472.82M","0.32%"
"01/18/2022","7,408.80","7,417.30","7,445.10","7,398.20","549.27M","-0.11%"
"01/19/2022","7,332.50","7,408.80","7,408.80","7,325.70","697.49M","-1.03%"
"01/20/2022","7,342.40","7,332.50","7,354.60","7,298.50","684.95M","0.14%"
"01/21/2022","7,175.80","7,342.40","7,342.40","7,153.30","910.99M","-2.27%"
"01/24/2022","7,139.50","7,173.70","7,173.70","7,086.80","760.46M","-0.51%"
"01/25/2022","6,961.60","7,139.50","7,139.50","6,920.70","1.10B","-2.49%"
"01/27/2022","6,838.30","6,961.60","7,042.80","6,758.20","1.18B","-1.77%"
"01/28/2022","6,988.10","6,838.30","7,000.00","6,837.90","2.09B","2.19%"
"01/31/2022","6,971.60","6,988.10","7,004.40","6,932.70","759.09M","-0.24%"
"02/01/2022","7,006.00","6,971.60","7,043.60","6,945.70","685.79M","0.49%"
"02/02/2022","7,087.70","7,006.00","7,107.20","7,006.00","643.55M","1.17%"
"02/03/2022","7,078.00","7,087.70","7,095.10","7,045.80","628.83M","-0.14%"
"02/04/2022","7,120.20","7,078.00","7,120.20","7,045.90","833.72M","0.60%"
"02/07/2022","7,110.80","7,120.20","7,128.30","7,046.50","617.94M","-0.13%"
"02/08/2022","7,186.70","7,110.80","7,203.00","7,110.80","771.03M","1.07%"
"02/09/2022","7,268.30","7,186.70","7,268.30","7,183.00","978.75M","1.14%"
"02/10/2022","7,288.50","7,268.30","7,336.60","7,260.80","886.64M","0.28%"
"02/11/2022","7,217.30","7,288.50","7,294.40","7,191.80","629.39M","-0.98%"
"02/14/2022","7,243.90","7,217.30","7,263.60","7,181.70","749.35M","0.37%"
"02/15/2022","7,206.90","7,243.90","7,251.40","7,198.00","730.13M","-0.51%"
"02/16/2022","7,284.90","7,206.90","7,284.90","7,201.00","796.13M","1.08%"
"02/17/2022","7,296.20","7,284.90","7,356.80","7,282.30","846.62M","0.16%"
"02/18/2022","7,221.70","7,296.20","7,296.20","7,201.90","764.00M","-1.02%"
"02/21/2022","7,233.60","7,220.40","7,248.80","7,156.30","712.02M","0.16%"
"02/22/2022","7,161.30","7,233.60","7,233.60","7,108.80","863.79M","-1.00%"
"02/23/2022","7,205.70","7,161.30","7,205.70","7,145.40","788.38M","0.62%"
"02/24/2022","6,990.60","7,205.70","7,205.70","6,959.30","1.11B","-2.99%"
"02/25/2022","6,997.80","6,990.60","7,045.60","6,974.90","888.81M","0.10%"
"02/28/2022","7,049.10","6,997.80","7,049.60","6,979.40","1.01B","0.73%"
"03/01/2022","7,096.50","7,049.10","7,159.90","7,049.10","812.87M","0.67%"
"03/02/2022","7,116.70","7,096.50","7,121.50","7,041.90","941.03M","0.28%"
"03/03/2022","7,151.40","7,116.70","7,198.10","7,116.70","856.24M","0.49%"
"03/04/2022","7,110.80","7,151.40","7,151.40","7,025.20","972.29M","-0.57%"
"03/07/2022","7,038.60","7,110.80","7,133.70","7,010.50","1.02B","-1.02%"
"03/08/2022","6,980.30","7,038.60","7,053.50","6,980.30","973.85M","-0.83%"
"03/09/2022","7,053.00","6,980.30","7,072.00","6,968.90","1.04B","1.04%"
"03/10/2022","7,130.80","7,053.00","7,161.00","7,039.70","1.01B","1.10%"
"03/11/2022","7,063.60","7,130.80","7,151.40","7,051.20","816.85M","-0.94%"
"03/14/2022","7,149.40","7,063.60","7,149.40","7,063.60","610.15M","1.21%"
"03/15/2022","7,097.40","7,149.40","7,149.40","7,080.70","788.99M","-0.73%"
"03/16/2022","7,175.20","7,097.40","7,180.20","7,097.40","704.77M","1.10%"
"03/17/2022","7,250.80","7,175.20","7,296.80","7,175.20","840.84M","1.05%"
"03/18/2022","7,294.40","7,250.80","7,294.40","7,245.90","1.54B","0.60%"
"03/21/2022","7,278.50","7,294.40","7,350.40","7,278.50","563.68M","-0.22%"
"03/22/2022","7,341.10","7,278.50","7,377.30","7,278.50","661.00M","0.86%"
"03/23/2022","7,377.90","7,341.10","7,386.90","7,329.80","579.43M","0.50%"
"03/24/2022","7,387.10","7,377.90","7,399.40","7,356.20","648.88M","0.12%"
"03/25/2022","7,406.20","7,387.10","7,431.30","7,387.10","679.65M","0.26%"
"03/28/2022","7,412.40","7,406.20","7,446.70","7,406.20","566.97M","0.08%"
"03/29/2022","7,464.30","7,412.40","7,480.90","7,409.90","651.30M","0.70%"
"03/30/2022","7,514.50","7,464.30","7,533.10","7,464.30","713.39M","0.67%"
"03/31/2022","7,499.60","7,514.50","7,556.60","7,499.60","825.64M","-0.20%"
"04/01/2022","7,493.80","7,499.60","7,514.00","7,476.70","653.75M","-0.08%"
"04/04/2022","7,513.70","7,493.80","7,536.80","7,493.80","572.31M","0.27%"
"04/05/2022","7,527.90","7,513.70","7,573.40","7,509.30","634.41M","0.19%"
"04/06/2022","7,490.10","7,527.90","7,527.90","7,437.50","713.80M","-0.50%"
"04/07/2022","7,442.80","7,490.10","7,490.10","7,437.60","644.37M","-0.63%"
"04/08/2022","7,478.00","7,442.80","7,492.30","7,442.80","610.11M","0.47%"
"04/11/2022","7,485.20","7,478.00","7,524.90","7,471.30","552.39M","0.10%"
"04/12/2022","7,454.00","7,485.20","7,485.20","7,430.80","578.97M","-0.42%"
"04/13/2022","7,479.00","7,454.00","7,489.00","7,454.00","646.95M","0.34%"
"04/14/2022","7,523.40","7,479.00","7,529.20","7,479.00","683.77M","0.59%"
"04/19/2022","7,565.20","7,523.50","7,584.90","7,523.50","585.87M","0.56%"
"04/20/2022","7,569.20","7,565.20","7,624.80","7,564.10","640.29M","0.05%"
"04/21/2022","7,592.80","7,569.20","7,604.70","7,560.60","602.21M","0.31%"
"04/22/2022","7,473.30","7,592.80","7,592.80","7,455.00","749.70M","-1.57%"
"04/26/2022","7,318.00","7,473.30","7,473.30","7,290.80","847.12M","-2.08%"
"04/27/2022","7,261.20","7,318.00","7,318.00","7,233.30","827.39M","-0.78%"
"04/28/2022","7,356.90","7,261.20","7,356.90","7,261.20","729.41M","1.32%"
"04/29/2022","7,435.00","7,356.90","7,435.00","7,356.90","748.50M","1.06%"
"05/02/2022","7,347.00","7,435.00","7,435.00","7,301.60","565.05M","-1.18%"
"05/03/2022","7,316.20","7,347.00","7,355.20","7,299.30","580.71M","-0.42%"
"05/04/2022","7,304.70","7,316.20","7,366.80","7,299.90","726.55M","-0.16%"
"05/05/2022","7,364.70","7,304.70","7,369.10","7,304.70","808.19M","0.82%"
"05/06/2022","7,205.60","7,364.70","7,364.70","7,161.40","861.01M","-2.16%"
"05/09/2022","7,120.70","7,205.60","7,205.60","7,092.30","692.26M","-1.18%"
"05/10/2022","7,051.20","7,120.70","7,120.70","6,939.50","939.44M","-0.98%"
"05/11/2022","7,064.70","7,051.20","7,064.70","6,991.80","702.38M","0.19%"
"05/12/2022","6,941.00","7,064.70","7,064.70","6,930.20","801.68M","-1.75%"
"05/13/2022","7,075.10","6,941.00","7,075.10","6,941.00","725.15M","1.93%"
"05/16/2022","7,093.00","7,075.10","7,149.50","7,075.10","582.38M","0.25%"
"05/17/2022","7,112.50","7,093.00","7,129.50","7,093.00","630.91M","0.27%"
"05/18/2022","7,182.70","7,112.50","7,199.00","7,112.50","658.07M","0.99%"
"05/19/2022","7,064.50","7,182.70","7,182.70","7,037.60","771.90M","-1.65%"
"05/20/2022","7,145.60","7,064.50","7,154.60","7,064.50","698.13M","1.15%"
"05/23/2022","7,148.90","7,145.60","7,196.00","7,135.80","559.69M","0.05%"
"05/24/2022","7,128.80","7,148.90","7,165.80","7,114.00","925.34M","-0.28%"
"05/25/2022","7,155.20","7,218.60","7,218.60","7,134.60","654.39M","0.37%"
"05/26/2022","7,105.90","7,155.20","7,181.40","7,105.90","598.82M","-0.69%"
"05/27/2022","7,182.70","7,105.90","7,196.70","7,105.90","562.13M","1.08%"
"05/30/2022","7,286.60","7,182.70","7,286.60","7,182.70","636.97M","1.45%"
"05/31/2022","7,211.20","7,286.60","7,288.40","7,211.20","1.24B","-1.03%"
"06/01/2022","7,234.00","7,211.20","7,238.20","7,204.40","905.28M","0.32%"
"06/02/2022","7,175.90","7,234.00","7,234.00","7,150.50","740.28M","-0.80%"
"06/03/2022","7,238.80","7,175.90","7,254.60","7,175.90","639.35M","0.88%"
"06/06/2022","7,206.30","7,238.80","7,238.80","7,195.20","503.01M","-0.45%"
"06/07/2022","7,095.70","7,206.30","7,209.00","7,082.20","691.35M","-1.53%"
"06/08/2022","7,121.10","7,095.70","7,162.10","7,095.70","764.08M","0.36%"
"06/09/2022","7,019.70","7,121.10","7,121.10","7,019.70","677.26M","-1.42%"
"06/10/2022","6,932.00","7,019.70","7,019.70","6,926.90","747.78M","-1.25%"
"06/14/2022","6,686.00","6,932.00","6,932.00","6,566.10","1.28B","-3.55%"
"06/15/2022","6,601.00","6,686.00","6,686.00","6,589.70","942.01M","-1.27%"
"06/16/2022","6,591.10","6,601.00","6,671.60","6,583.90","948.24M","-0.15%"
"06/17/2022","6,474.80","6,591.10","6,591.10","6,410.40","1.73B","-1.76%"
"06/20/2022","6,433.40","6,474.80","6,493.40","6,407.00","857.63M","-0.64%"
"06/21/2022","6,523.80","6,433.40","6,537.70","6,433.40","884.89M","1.41%"
"06/22/2022","6,508.50","6,523.80","6,557.80","6,493.20","914.87M","-0.23%"
"06/23/2022","6,528.40","6,508.50","6,551.80","6,495.00","906.15M","0.31%"
"06/24/2022","6,578.70","6,528.40","6,585.10","6,501.60","829.30M","0.77%"
"06/27/2022","6,706.00","6,578.70","6,716.10","6,578.70","897.16M","1.94%"
"06/28/2022","6,763.60","6,706.00","6,763.60","6,706.00","754.45M","0.86%"
"06/29/2022","6,700.20","6,763.60","6,763.60","6,666.40","789.05M","-0.94%"
"06/30/2022","6,568.10","6,700.20","6,700.20","6,568.10","880.81M","-1.97%"
"07/01/2022","6,539.90","6,568.10","6,623.90","6,539.90","638.96M","-0.43%"
"07/04/2022","6,612.60","6,539.90","6,659.00","6,539.90","574.59M","1.11%"
"07/05/2022","6,629.30","6,612.60","6,657.00","6,596.80","532.85M","0.25%"
"07/06/2022","6,594.50","6,629.30","6,651.60","6,587.90","752.35M","-0.52%"
"07/07/2022","6,648.00","6,594.50","6,648.00","6,594.50","700.45M","0.81%"
"07/08/2022","6,678.00","6,648.00","6,715.00","6,648.00","586.43M","0.45%"
"07/11/2022","6,602.20","6,678.00","6,678.00","6,602.20","551.96M","-1.14%"
"07/12/2022","6,606.30","6,602.20","6,649.70","6,601.90","618.65M","0.06%"
"07/13/2022","6,621.60","6,606.30","6,621.60","6,584.10","673.88M","0.23%"
"07/14/2022","6,650.60","6,621.60","6,659.30","6,611.70","735.50M","0.44%"
"07/15/2022","6,605.60","6,650.60","6,650.60","6,537.20","629.77M","-0.68%"
"07/18/2022","6,687.10","6,605.60","6,687.10","6,605.60","528.42M","1.23%"
"07/19/2022","6,649.60","6,687.10","6,696.10","6,639.60","659.23M","-0.56%"
"07/20/2022","6,759.20","6,649.60","6,775.40","6,649.60","745.99M","1.65%"
"07/21/2022","6,794.30","6,759.20","6,794.30","6,743.90","834.47M","0.52%"
"07/22/2022","6,791.50","6,794.30","6,816.10","6,758.50","822.11M","-0.04%"
"07/25/2022","6,789.90","6,791.50","6,803.00","6,775.70","594.06M","-0.02%"
"07/26/2022","6,807.30","6,789.90","6,815.00","6,783.20","619.01M","0.26%"
"07/27/2022","6,823.20","6,807.30","6,833.40","6,778.90","626.05M","0.23%"
"07/28/2022","6,889.70","6,823.20","6,892.10","6,823.20","721.20M","0.97%"
"07/29/2022","6,945.20","6,889.70","6,973.60","6,889.70","919.21M","0.81%"
"08/01/2022","6,993.00","6,945.20","6,994.10","6,945.20","668.03M","0.69%"
"08/02/2022","6,998.10","6,993.00","7,003.80","6,944.90","625.57M","0.07%"
"08/03/2022","6,975.90","6,998.10","6,998.10","6,918.20","672.46M","-0.32%"
"08/04/2022","6,974.90","6,975.90","7,021.10","6,974.90","704.91M","-0.01%"
"08/05/2022","7,015.60","6,974.90","7,016.60","6,969.60","589.29M","0.58%"
"08/08/2022","7,020.60","7,015.60","7,025.90","6,985.80","687.57M","0.07%"
"08/09/2022","7,029.80","7,020.60","7,034.30","7,012.80","762.57M","0.13%"
"08/10/2022","6,992.70","7,029.80","7,029.80","6,985.70","698.01M","-0.53%"
"08/11/2022","7,071.00","6,992.70","7,077.10","6,992.70","772.61M","1.12%"
"08/12/2022","7,032.50","7,071.00","7,071.00","7,012.10","647.02M","-0.54%"
"08/15/2022","7,064.30","7,032.50","7,076.00","7,032.50","585.91M","0.45%"
"08/16/2022","7,105.40","7,064.30","7,131.60","7,064.30","663.10M","0.58%"
"08/17/2022","7,127.70","7,105.40","7,130.50","7,082.90","764.00M","0.31%"
"08/18/2022","7,112.80","7,127.70","7,127.70","7,081.00","739.02M","-0.21%"
"08/19/2022","7,114.50","7,112.80","7,137.50","7,107.90","692.19M","0.02%"
"08/22/2022","7,046.90","7,114.50","7,114.50","7,031.70","658.22M","-0.95%"
"08/23/2022","6,961.80","7,046.90","7,049.50","6,961.80","731.43M","-1.21%"
"08/24/2022","6,998.10","6,961.80","7,013.70","6,961.80","754.47M","0.52%"
"08/25/2022","7,048.10","6,998.10","7,057.70","6,992.00","772.19M","0.71%"
"08/26/2022","7,104.10","7,048.10","7,130.00","7,048.10","658.25M","0.79%"
"08/29/2022","6,965.50","7,104.10","7,104.10","6,943.20","705.27M","-1.95%"
"08/30/2022","6,998.30","6,965.50","7,020.00","6,965.50","723.98M","0.47%"
"08/31/2022","6,986.80","6,998.30","6,998.30","6,937.50","956.95M","-0.16%"
"09/01/2022","6,845.60","6,986.80","6,986.80","6,836.50","825.35M","-2.02%"
"09/02/2022","6,828.70","6,845.60","6,854.90","6,820.50","632.29M","-0.25%"
"09/05/2022","6,852.20","6,828.70","6,858.00","6,822.80","563.37M","0.34%"
"09/06/2022","6,826.50","6,852.20","6,888.50","6,826.10","677.16M","-0.38%"
"09/07/2022","6,729.30","6,826.50","6,826.50","6,719.60","872.59M","-1.42%"
"09/08/2022","6,848.70","6,729.30","6,848.70","6,729.30","799.12M","1.77%"
"09/09/2022","6,894.20","6,848.70","6,898.50","6,848.70","809.50M","0.66%"
"09/12/2022","6,964.50","6,894.20","6,974.90","6,894.20","582.06M","1.02%"
"09/13/2022","7,009.70","6,964.50","7,015.20","6,964.50","784.53M","0.65%"
"09/14/2022","6,828.60","7,008.20","7,008.20","6,808.60","804.73M","-2.58%"
"09/15/2022","6,842.90","6,828.60","6,878.10","6,828.60","942.02M","0.21%"
"09/16/2022","6,739.10","6,842.90","6,842.90","6,736.30","1.74B","-1.52%"
"09/19/2022","6,719.90","6,739.10","6,753.90","6,714.70","767.54M","-0.28%"
"09/20/2022","6,806.40","6,719.90","6,808.30","6,719.90","667.56M","1.29%"
"09/21/2022","6,700.20","6,806.40","6,806.40","6,695.00","832.36M","-1.56%"
"09/23/2022","6,574.70","6,700.20","6,709.00","6,544.90","908.23M","-1.87%"
"09/26/2022","6,469.40","6,574.70","6,574.70","6,435.60","1.09B","-1.60%"
"09/27/2022","6,496.20","6,469.40","6,509.50","6,469.40","1.01B","0.41%"
"09/28/2022","6,462.00","6,496.20","6,516.50","6,433.10","973.10M","-0.53%"
"09/29/2022","6,555.00","6,462.00","6,594.70","6,462.00","846.90M","1.44%"
"09/30/2022","6,474.20","6,555.00","6,563.20","6,460.60","1.01B","-1.23%"
"10/03/2022","6,456.90","6,474.20","6,503.50","6,411.90","647.00M","-0.27%"
"10/04/2022","6,699.30","6,456.90","6,699.30","6,456.90","1.01B","3.75%"
"10/05/2022","6,815.70","6,699.30","6,819.70","6,699.30","1.06B","1.74%"
"10/06/2022","6,817.50","6,815.60","6,828.30","6,787.40","810.28M","0.03%"
"10/07/2022","6,762.80","6,817.50","6,817.50","6,762.70","688.95M","-0.80%"
"10/10/2022","6,667.80","6,762.80","6,762.80","6,646.80","604.23M","-1.40%"
"10/11/2022","6,645.00","6,667.80","6,712.50","6,645.00","747.48M","-0.34%"
"10/12/2022","6,647.50","6,645.00","6,672.00","6,633.00","723.74M","0.04%"
"10/13/2022","6,642.60","6,647.50","6,683.70","6,638.90","710.09M","-0.07%"
"10/14/2022","6,758.80","6,642.60","6,772.60","6,642.60","663.86M","1.75%"
"10/17/2022","6,664.40","6,758.90","6,758.90","6,645.20","712.25M","-1.40%"
"10/18/2022","6,779.20","6,664.40","6,790.70","6,664.40","834.30M","1.72%"
"10/19/2022","6,800.10","6,779.20","6,822.20","6,777.50","745.62M","0.31%"
"10/20/2022","6,730.70","6,800.10","6,800.10","6,702.10","900.99M","-1.02%"
"10/21/2022","6,676.80","6,730.70","6,730.70","6,667.60","741.69M","-0.80%"
"10/24/2022","6,779.40","6,676.80","6,823.30","6,676.80","683.00M","1.54%"
"10/25/2022","6,798.60","6,779.40","6,831.30","6,779.40","754.18M","0.28%"
"10/26/2022","6,810.90","6,798.60","6,843.20","6,798.60","820.96M","0.18%"
"10/27/2022","6,845.10","6,810.90","6,873.80","6,810.90","779.77M","0.50%"
"10/28/2022","6,785.70","6,845.10","6,845.10","6,776.00","784.05M","-0.87%"
"10/31/2022","6,863.50","6,785.70","6,869.20","6,785.70","1.02B","1.15%"
"11/01/2022","6,976.90","6,863.50","6,976.90","6,858.20","716.52M","1.65%"
"11/02/2022","6,986.70","6,976.90","7,011.70","6,976.90","819.43M","0.14%"
"11/03/2022","6,857.90","6,986.70","6,986.70","6,823.00","694.09M","-1.84%"
"11/04/2022","6,892.50","6,857.90","6,895.00","6,829.60","665.49M","0.50%"
"11/07/2022","6,933.70","6,892.50","6,943.40","6,892.50","688.84M","0.60%"
"11/08/2022","6,958.90","6,933.70","6,968.00","6,933.70","712.99M","0.36%"
"11/09/2022","6,999.30","6,958.90","7,012.40","6,958.90","775.52M","0.58%"
"11/10/2022","6,964.00","6,999.30","6,999.30","6,954.50","733.04M","-0.50%"
"11/11/2022","7,158.00","6,964.00","7,170.60","6,964.00","1.16B","2.79%"
"11/14/2022","7,146.30","7,158.00","7,196.50","7,146.30","978.19M","-0.16%"
"11/15/2022","7,141.60","7,146.30","7,146.30","7,114.20","937.49M","-0.07%"
"11/16/2022","7,122.20","7,141.60","7,142.50","7,102.90","742.79M","-0.27%"
"11/17/2022","7,135.70","7,122.20","7,146.90","7,107.00","744.87M","0.19%"
"11/18/2022","7,151.80","7,135.70","7,166.20","7,135.70","762.72M","0.23%"
"11/21/2022","7,139.30","7,151.80","7,174.40","7,131.70","598.63M","-0.17%"
"11/22/2022","7,181.30","7,139.30","7,194.10","7,139.30","677.04M","0.59%"
"11/23/2022","7,231.80","7,181.30","7,246.60","7,181.30","575.73M","0.70%"
"11/24/2022","7,241.80","7,231.80","7,264.60","7,231.80","593.78M","0.14%"
"11/25/2022","7,259.50","7,241.80","7,268.50","7,239.40","552.06M","0.24%"
"11/28/2022","7,229.10","7,259.50","7,259.50","7,216.00","700.99M","-0.42%"
"11/29/2022","7,253.30","7,229.10","7,253.60","7,200.90","679.98M","0.33%"
"11/30/2022","7,284.20","7,253.30","7,293.70","7,222.30","1.85B","0.43%"
"12/01/2022","7,354.40","7,284.20","7,375.20","7,284.20","715.00M","0.96%"
"12/02/2022","7,301.50","7,354.40","7,354.40","7,292.80","716.43M","-0.72%"
"12/05/2022","7,325.60","7,301.50","7,351.00","7,301.50","650.32M","0.33%"
"12/06/2022","7,291.30","7,325.60","7,325.60","7,283.00","700.93M","-0.47%"
"12/07/2022","7,229.40","7,291.30","7,291.30","7,220.60","813.38M","-0.85%"
"12/08/2022","7,175.50","7,229.40","7,229.40","7,170.00","833.78M","-0.75%"
"12/09/2022","7,213.20","7,175.50","7,217.80","7,175.50","719.10M","0.53%"
"12/12/2022","7,180.80","7,213.20","7,213.20","7,156.50","608.41M","-0.45%"
"12/13/2022","7,203.30","7,180.80","7,228.10","7,180.80","641.32M","0.31%"
"12/14/2022","7,251.30","7,203.30","7,253.50","7,203.30","731.00M","0.67%"
"12/15/2022","7,204.80","7,251.30","7,251.30","7,202.60","915.61M","-0.64%"
"12/16/2022","7,148.70","7,204.80","7,204.80","7,117.60","1.49B","-0.78%"
"12/19/2022","7,133.90","7,148.70","7,152.70","7,123.10","495.31M","-0.21%"
"12/20/2022","7,024.30","7,133.90","7,133.90","7,019.50","681.31M","-1.54%"
"12/21/2022","7,115.10","7,024.30","7,139.10","7,024.30","658.50M","1.29%"
"12/22/2022","7,152.50","7,115.10","7,167.20","7,115.10","593.89M","0.53%"
"12/23/2022","7,107.70","7,152.50","7,152.50","7,062.90","397.99M","-0.63%"
"12/28/2022","7,086.40","7,107.70","7,124.00","7,069.00","427.46M","-0.30%"
"12/29/2022","7,020.10","7,086.40","7,086.40","6,993.80","492.24M","-0.94%"
"12/30/2022","7,038.70","7,022.80","7,073.40","7,022.80","430.74M","0.26%"
"01/03/2023","6,946.20","7,038.70","7,071.30","6,905.30","420.31M","-1.31%"
"01/04/2023","7,059.20","6,946.20","7,059.20","6,946.20","549.91M","1.63%"
"01/05/2023","7,063.60","7,059.20","7,099.70","7,053.80","614.94M","0.06%"
"01/06/2023","7,109.60","7,063.60","7,116.80","7,062.00","528.60M","0.65%"
"01/09/2023","7,151.30","7,109.60","7,186.20","7,109.60","512.47M","0.59%"
"01/10/2023","7,131.00","7,151.30","7,151.90","7,124.90","519.89M","-0.28%"
"01/11/2023","7,195.30","7,131.00","7,204.00","7,131.00","518.43M","0.90%"
"01/12/2023","7,280.40","7,195.30","7,288.70","7,195.30","571.46M","1.18%"
"01/13/2023","7,328.10","7,280.40","7,357.80","7,280.40","522.91M","0.66%"
"01/16/2023","7,388.20","7,328.10","7,396.00","7,328.10","496.97M","0.82%"
"01/17/2023","7,386.30","7,388.20","7,399.50","7,364.20","574.82M","-0.03%"
"01/18/2023","7,393.40","7,386.30","7,410.80","7,376.20","642.63M","0.10%"
"01/19/2023","7,435.30","7,393.40","7,439.70","7,380.10","574.65M","0.57%"
"01/20/2023","7,452.20","7,435.30","7,457.80","7,427.30","777.29M","0.23%"
"01/23/2023","7,457.30","7,452.20","7,472.80","7,434.50","565.71M","0.07%"
"01/24/2023","7,490.40","7,457.30","7,497.80","7,453.80","624.95M","0.44%"
"01/25/2023","7,468.30","7,490.40","7,507.30","7,453.10","658.17M","-0.30%"
"01/27/2023","7,493.80","7,468.30","7,508.50","7,468.30","705.02M","0.34%"
"01/30/2023","7,481.70","7,493.80","7,505.60","7,474.30","657.15M","-0.16%"
"01/31/2023","7,476.70","7,481.70","7,516.80","7,463.70","888.13M","-0.07%"
"02/01/2023","7,501.70","7,476.70","7,537.70","7,476.70","692.79M","0.33%"
"02/02/2023","7,511.60","7,501.70","7,548.20","7,501.70","707.42M","0.13%"
"02/03/2023","7,558.10","7,511.60","7,565.00","7,496.10","981.47M","0.62%"
"02/06/2023","7,539.00","7,558.10","7,567.70","7,531.40","636.00M","-0.25%"
"02/07/2023","7,504.10","7,539.00","7,553.60","7,495.20","618.46M","-0.46%"
"02/08/2023","7,530.10","7,504.10","7,534.90","7,504.10","660.07M","0.35%"
"02/09/2023","7,490.30","7,530.10","7,530.10","7,482.00","579.92M","-0.53%"
"02/10/2023","7,433.70","7,490.30","7,490.30","7,428.80","556.65M","-0.76%"
"02/13/2023","7,417.80","7,433.70","7,433.70","7,406.00","673.46M","-0.21%"
"02/14/2023","7,430.90","7,417.80","7,476.60","7,417.80","654.89M","0.18%"
"02/15/2023","7,352.20","7,430.90","7,440.40","7,337.00","756.47M","-1.06%"
"02/16/2023","7,410.30","7,352.20","7,422.00","7,351.40","884.18M","0.79%"
"02/17/2023","7,346.80","7,410.30","7,413.60","7,346.80","801.75M","-0.86%"
"02/20/2023","7,351.50","7,346.80","7,357.50","7,331.30","606.70M","0.06%"
"02/21/2023","7,336.30","7,351.50","7,351.50","7,297.00","636.01M","-0.21%"
"02/22/2023","7,314.50","7,336.30","7,338.60","7,267.80","703.35M","-0.30%"
"02/23/2023","7,285.40","7,314.50","7,314.50","7,283.40","721.16M","-0.40%"
"02/24/2023","7,307.00","7,285.40","7,315.50","7,278.70","708.94M","0.30%"
"02/27/2023","7,224.80","7,307.00","7,307.00","7,193.40","667.14M","-1.12%"
"02/28/2023","7,258.40","7,224.80","7,273.60","7,224.80","1.00B","0.47%"
"03/01/2023","7,251.60","7,258.40","7,271.40","7,216.30","668.23M","-0.09%"
"03/02/2023","7,255.40","7,251.60","7,282.40","7,242.20","987.08M","0.05%"
"03/03/2023","7,283.60","7,255.40","7,292.50","7,255.40","565.41M","0.39%"
"03/06/2023","7,328.60","7,291.20","7,343.90","7,291.20","591.02M","0.62%"
"03/07/2023","7,364.70","7,328.60","7,370.30","7,302.90","771.10M","0.49%"
"03/08/2023","7,307.80","7,364.70","7,364.70","7,288.70","713.30M","-0.77%"
"03/09/2023","7,311.10","7,307.80","7,328.50","7,289.90","618.95M","0.05%"
"03/10/2023","7,144.70","7,311.10","7,311.10","7,134.50","721.08M","-2.28%"
"03/13/2023","7,108.80","7,144.70","7,151.40","7,071.90","673.76M","-0.50%"
"03/14/2023","7,008.90","7,108.80","7,108.80","6,950.60","1.07B","-1.41%"
"03/15/2023","7,068.90","7,008.90","7,068.90","7,008.90","851.09M","0.86%"
"03/16/2023","6,965.50","7,068.90","7,068.90","6,911.10","1.22B","-1.46%"
"03/17/2023","6,994.80","6,965.50","6,996.50","6,954.20","1.42B","0.42%"
"03/20/2023","6,898.50","6,994.30","6,994.30","6,895.00","669.85M","-1.38%"
"03/21/2023","6,955.40","6,898.50","6,991.90","6,898.50","638.85M","0.82%"
"03/22/2023","7,015.60","6,955.40","7,032.00","6,955.40","749.08M","0.87%"
"03/23/2023","6,968.60","7,015.60","7,015.60","6,950.30","710.02M","-0.67%"
"03/24/2023","6,955.20","6,968.60","6,968.60","6,923.20","580.97M","-0.19%"
"03/27/2023","6,962.00","6,955.20","6,989.30","6,955.20","523.96M","0.10%"
"03/28/2023","7,034.10","6,962.00","7,047.40","6,962.00","969.91M","1.04%"
"03/29/2023","7,050.30","7,034.10","7,052.30","7,011.30","761.64M","0.23%"
"03/30/2023","7,122.30","7,050.30","7,127.20","7,050.30","792.49M","1.02%"
"03/31/2023","7,177.80","7,122.30","7,183.10","7,122.30","835.79M","0.78%"
"04/03/2023","7,223.00","7,177.80","7,246.10","7,177.80","691.83M","0.63%"
"04/04/2023","7,236.00","7,223.00","7,239.00","7,211.50","724.62M","0.18%"
"04/05/2023","7,237.20","7,236.00","7,262.10","7,218.30","723.34M","0.02%"
"04/06/2023","7,219.00","7,237.20","7,245.30","7,199.70","666.32M","-0.25%"
"04/11/2023","7,309.90","7,219.00","7,322.40","7,219.00","674.95M","1.26%"
"04/12/2023","7,343.90","7,309.90","7,370.10","7,309.90","716.99M","0.47%"
"04/13/2023","7,324.10","7,343.90","7,345.90","7,312.80","653.26M","-0.27%"
"04/14/2023","7,361.60","7,324.10","7,363.50","7,313.70","562.04M","0.51%"
"04/17/2023","7,381.50","7,361.60","7,391.20","7,361.60","650.14M","0.27%"
"04/18/2023","7,360.20","7,381.50","7,381.50","7,341.80","780.30M","-0.29%"
"04/19/2023","7,365.50","7,360.20","7,374.40","7,356.00","604.86M","0.07%"
"04/20/2023","7,362.20","7,365.50","7,377.10","7,347.00","676.09M","-0.04%"
"04/21/2023","7,330.40","7,362.20","7,362.20","7,314.90","689.14M","-0.43%"
"04/24/2023","7,322.00","7,330.40","7,332.60","7,307.70","539.60M","-0.11%"
"04/26/2023","7,316.30","7,322.00","7,324.40","7,285.30","794.49M","-0.08%"
"04/27/2023","7,292.70","7,316.30","7,324.70","7,275.30","539.17M","-0.32%"
"04/28/2023","7,309.20","7,292.70","7,329.60","7,292.70","744.64M","0.23%"
"05/01/2023","7,334.60","7,309.20","7,368.00","7,309.20","595.49M","0.35%"
"05/02/2023","7,267.40","7,334.20","7,334.90","7,248.10","687.54M","-0.92%"
"05/03/2023","7,197.40","7,267.40","7,267.40","7,160.70","738.40M","-0.96%"
"05/04/2023","7,193.10","7,197.40","7,201.70","7,141.80","598.52M","-0.06%"
"05/05/2023","7,220.00","7,193.10","7,220.20","7,168.40","624.18M","0.37%"
"05/08/2023","7,276.50","7,220.20","7,292.40","7,220.20","645.46M","0.78%"
"05/09/2023","7,264.10","7,276.50","7,276.50","7,239.40","649.94M","-0.17%"
"05/10/2023","7,255.70","7,264.10","7,267.10","7,236.20","583.60M","-0.12%"
"05/11/2023","7,251.90","7,255.70","7,266.50","7,230.80","713.41M","-0.05%"
"05/12/2023","7,256.70","7,251.90","7,257.30","7,233.80","647.78M","0.07%"
"05/15/2023","7,267.10","7,256.70","7,267.10","7,235.10","535.69M","0.14%"
"05/16/2023","7,234.70","7,267.10","7,278.70","7,234.70","629.42M","-0.45%"
"05/17/2023","7,199.20","7,234.70","7,234.70","7,159.80","615.80M","-0.49%"
"05/18/2023","7,236.80","7,199.20","7,258.60","7,199.20","723.51M","0.52%"
"05/19/2023","7,279.50","7,236.80","7,292.60","7,236.80","643.78M","0.59%"
"05/22/2023","7,263.30","7,279.50","7,285.00","7,249.60","486.75M","-0.22%"
"05/23/2023","7,259.90","7,263.30","7,288.10","7,259.90","578.11M","-0.05%"
"05/24/2023","7,213.80","7,259.90","7,259.90","7,208.60","583.46M","-0.63%"
"05/25/2023","7,138.20","7,213.80","7,213.80","7,130.30","737.99M","-1.05%"
"05/26/2023","7,154.80","7,138.20","7,156.00","7,129.00","526.12M","0.23%"
"05/29/2023","7,217.40","7,154.80","7,254.80","7,154.80","502.64M","0.87%"
"05/30/2023","7,209.30","7,217.40","7,227.20","7,204.60","662.55M","-0.11%"
"05/31/2023","7,091.30","7,209.30","7,209.30","7,091.30","1.57B","-1.64%"
"06/01/2023","7,110.80","7,091.30","7,131.90","7,077.90","676.57M","0.27%"
"06/02/2023","7,145.10","7,110.80","7,165.80","7,110.80","632.43M","0.48%"
"06/05/2023","7,216.30","7,145.10","7,233.20","7,145.10","591.32M","1.00%"
"06/06/2023","7,129.60","7,216.30","7,216.30","7,125.90","798.25M","-1.20%"
"06/07/2023","7,118.00","7,129.60","7,164.20","7,118.00","731.96M","-0.16%"
"06/08/2023","7,099.70","7,118.00","7,132.00","7,093.50","716.58M","-0.26%"
"06/09/2023","7,122.50","7,099.70","7,131.20","7,099.70","580.90M","0.32%"
"06/13/2023","7,138.90","7,122.50","7,138.90","7,101.30","647.21M","0.23%"
"06/14/2023","7,161.70","7,138.90","7,167.60","7,135.70","833.88M","0.32%"
"06/15/2023","7,175.30","7,161.70","7,197.70","7,158.80","824.40M","0.19%"
"06/16/2023","7,251.20","7,175.30","7,262.10","7,175.30","1.46B","1.06%"
"06/19/2023","7,294.90","7,251.20","7,302.60","7,246.20","662.64M","0.60%"
"06/20/2023","7,357.80","7,294.90","7,368.40","7,294.90","647.02M","0.86%"
"06/21/2023","7,314.90","7,357.80","7,357.80","7,314.90","709.87M","-0.58%"
"06/22/2023","7,195.50","7,314.90","7,314.90","7,187.10","704.90M","-1.63%"
"06/23/2023","7,099.20","7,195.50","7,195.70","7,087.90","587.84M","-1.34%"
"06/26/2023","7,078.70","7,099.20","7,099.50","7,054.80","592.71M","-0.29%"
"06/27/2023","7,118.20","7,078.70","7,125.70","7,078.70","621.32M","0.56%"
"06/28/2023","7,196.50","7,118.20","7,215.20","7,118.20","674.66M","1.10%"
"06/29/2023","7,194.90","7,196.50","7,223.20","7,189.20","611.12M","-0.02%"
"06/30/2023","7,203.30","7,194.90","7,209.00","7,165.70","648.72M","0.12%"
"07/03/2023","7,246.10","7,203.30","7,251.60","7,199.50","584.85M","0.59%"
"07/04/2023","7,279.00","7,246.10","7,285.80","7,232.10","555.32M","0.45%"
"07/05/2023","7,253.20","7,279.00","7,281.80","7,247.60","541.18M","-0.35%"
"07/06/2023","7,163.40","7,253.20","7,253.20","7,145.50","629.17M","-1.24%"
"07/07/2023","7,042.30","7,163.40","7,163.40","7,023.60","536.59M","-1.69%"
"07/10/2023","7,004.00","7,042.30","7,085.20","6,998.10","452.56M","-0.54%"
"07/11/2023","7,108.90","7,004.00","7,108.90","7,004.00","499.26M","1.50%"
"07/12/2023","7,135.70","7,108.90","7,158.50","7,108.90","496.54M","0.38%"
"07/13/2023","7,246.90","7,135.70","7,256.50","7,135.70","684.94M","1.56%"
"07/14/2023","7,303.10","7,246.90","7,313.70","7,246.90","583.21M","0.78%"
"07/17/2023","7,298.50","7,303.10","7,307.90","7,278.40","562.44M","-0.06%"
"07/18/2023","7,283.80","7,298.50","7,298.50","7,261.10","537.68M","-0.20%"
"07/19/2023","7,323.70","7,283.80","7,333.10","7,283.80","660.14M","0.55%"
"07/20/2023","7,325.00","7,323.70","7,383.30","7,322.90","686.28M","0.02%"
"07/21/2023","7,313.90","7,325.00","7,325.00","7,288.80","631.75M","-0.15%"
"07/24/2023","7,306.40","7,313.90","7,333.20","7,306.40","701.17M","-0.10%"
"07/25/2023","7,339.70","7,306.40","7,344.90","7,306.40","637.36M","0.46%"
"07/26/2023","7,402.00","7,339.70","7,421.30","7,339.70","638.07M","0.85%"
"07/27/2023","7,455.90","7,402.00","7,472.30","7,388.00","690.18M","0.73%"
"07/28/2023","7,403.60","7,455.90","7,455.90","7,356.40","612.85M","-0.70%"
"07/31/2023","7,410.40","7,403.60","7,434.30","7,374.30","575.51M","0.09%"
"08/01/2023","7,450.70","7,410.40","7,470.10","7,410.40","523.47M","0.54%"
"08/02/2023","7,354.60","7,450.70","7,450.70","7,342.50","577.87M","-1.29%"
"08/03/2023","7,311.70","7,354.60","7,354.60","7,287.90","559.93M","-0.58%"
"08/04/2023","7,325.30","7,311.70","7,325.40","7,285.50","603.23M","0.19%"
"08/07/2023","7,309.20","7,325.30","7,325.70","7,294.60","414.60M","-0.22%"
"08/08/2023","7,311.10","7,309.20","7,342.50","7,309.20","715.17M","0.03%"
"08/09/2023","7,338.00","7,311.10","7,341.50","7,308.00","574.31M","0.37%"
"08/10/2023","7,357.40","7,338.00","7,357.40","7,320.90","664.81M","0.26%"
"08/11/2023","7,340.10","7,357.40","7,361.20","7,329.30","541.08M","-0.24%"
"08/14/2023","7,277.00","7,340.10","7,340.10","7,259.10","607.39M","-0.86%"
"08/15/2023","7,305.00","7,277.00","7,329.30","7,271.90","610.58M","0.38%"
"08/16/2023","7,195.20","7,305.00","7,305.00","7,185.20","713.96M","-1.50%"
"08/17/2023","7,146.00","7,195.20","7,195.20","7,106.80","897.86M","-0.68%"
"08/18/2023","7,148.10","7,146.00","7,167.70","7,124.50","806.28M","0.03%"
"08/21/2023","7,115.50","7,148.10","7,148.10","7,115.50","713.67M","-0.46%"
"08/22/2023","7,121.60","7,115.50","7,125.00","7,090.00","735.89M","0.09%"
"08/23/2023","7,148.40","7,121.60","7,174.20","7,115.80","684.20M","0.38%"
"08/24/2023","7,182.10","7,148.40","7,194.40","7,148.40","811.76M","0.47%"
"08/25/2023","7,115.20","7,182.10","7,182.10","7,091.80","768.41M","-0.93%"
"08/28/2023","7,159.80","7,115.20","7,161.70","7,115.20","937.80M","0.63%"
"08/29/2023","7,210.50","7,159.80","7,210.50","7,159.20","867.87M","0.71%"
"08/30/2023","7,297.70","7,210.50","7,317.90","7,210.50","790.66M","1.21%"
"08/31/2023","7,305.30","7,297.70","7,310.10","7,291.30","1.11B","0.10%"
"09/01/2023","7,278.30","7,305.30","7,305.30","7,268.10","569.14M","-0.37%"
"09/04/2023","7,318.80","7,278.30","7,340.90","7,278.30","644.18M","0.56%"
"09/05/2023","7,314.30","7,318.80","7,319.40","7,270.60","487.74M","-0.06%"
"09/06/2023","7,257.10","7,314.30","7,314.30","7,253.20","752.47M","-0.78%"
"09/07/2023","7,171.00","7,257.10","7,257.10","7,157.10","737.54M","-1.19%"
"09/08/2023","7,156.70","7,171.00","7,178.00","7,134.80","518.26M","-0.20%"
"09/11/2023","7,192.30","7,156.70","7,192.30","7,134.00","587.49M","0.50%"
"09/12/2023","7,206.90","7,192.30","7,208.30","7,155.80","737.84M","0.20%"
"09/13/2023","7,153.90","7,206.90","7,206.90","7,140.60","853.43M","-0.74%"
"09/14/2023","7,186.50","7,153.90","7,199.70","7,146.00","671.28M","0.46%"
"09/15/2023","7,279.00","7,186.50","7,319.80","7,186.50","2.11B","1.29%"
"09/18/2023","7,230.40","7,279.00","7,279.00","7,223.50","501.40M","-0.67%"
"09/19/2023","7,196.60","7,230.40","7,230.40","7,187.50","573.48M","-0.47%"
"09/20/2023","7,163.30","7,196.60","7,196.60","7,148.90","770.18M","-0.46%"
"09/21/2023","7,065.20","7,163.30","7,163.30","7,058.60","821.35M","-1.37%"
"09/22/2023","7,068.80","7,065.20","7,068.80","6,957.20","917.75M","0.05%"
"09/25/2023","7,076.50","7,068.80","7,076.50","7,022.90","511.74M","0.11%"
"09/26/2023","7,038.20","7,076.50","7,076.50","7,023.80","652.25M","-0.54%"
"09/27/2023","7,030.30","7,038.20","7,038.20","7,002.80","761.94M","-0.11%"
"09/28/2023","7,024.80","7,030.30","7,052.70","7,003.40","723.29M","-0.08%"
"09/29/2023","7,048.60","7,024.80","7,065.30","7,024.80","776.83M","0.34%"
"10/02/2023","7,033.20","7,048.60","7,051.50","7,014.90","484.80M","-0.22%"
"10/03/2023","6,943.40","7,033.20","7,033.20","6,908.30","836.31M","-1.28%"
"10/04/2023","6,890.20","6,943.40","6,943.40","6,871.00","752.50M","-0.77%"
"10/05/2023","6,925.50","6,890.20","6,935.00","6,885.50","691.62M","0.51%"
"10/06/2023","6,954.20","6,925.50","6,972.90","6,922.60","636.81M","0.41%"
"10/09/2023","6,970.20","6,954.20","6,998.90","6,954.20","921.12M","0.23%"
"10/10/2023","7,040.60","6,970.20","7,058.40","6,970.20","780.50M","1.01%"
"10/11/2023","7,088.40","7,040.60","7,092.70","7,040.60","758.69M","0.68%"
"10/12/2023","7,091.00","7,088.40","7,112.70","7,083.20","736.30M","0.04%"
"10/13/2023","7,051.00","7,091.00","7,091.00","7,016.80","646.85M","-0.56%"
"10/16/2023","7,026.50","7,051.00","7,051.00","7,022.60","548.23M","-0.35%"
"10/17/2023","7,056.10","7,026.50","7,100.30","7,026.50","574.40M","0.42%"
"10/18/2023","7,077.60","7,056.10","7,078.50","7,044.60","587.80M","0.30%"
"10/19/2023","6,981.60","7,077.60","7,077.60","6,952.30","820.39M","-1.36%"
"10/20/2023","6,900.70","6,981.60","6,981.60","6,878.30","745.87M","-1.16%"
"10/23/2023","6,844.10","6,900.70","6,900.70","6,831.30","567.02M","-0.82%"
"10/24/2023","6,856.90","6,844.10","6,878.50","6,837.70","604.55M","0.19%"
"10/25/2023","6,854.30","6,856.90","6,897.40","6,832.20","753.13M","-0.04%"
"10/26/2023","6,812.30","6,854.30","6,854.30","6,777.40","960.18M","-0.61%"
"10/27/2023","6,826.90","6,812.30","6,845.70","6,809.70","566.78M","0.21%"
"10/30/2023","6,772.90","6,826.90","6,829.50","6,751.30","833.50M","-0.79%"
"10/31/2023","6,780.70","6,772.90","6,816.40","6,770.40","942.20M","0.12%"
"11/01/2023","6,838.30","6,780.70","6,838.30","6,780.70","658.74M","0.85%"
"11/02/2023","6,899.70","6,838.30","6,928.50","6,838.30","706.04M","0.90%"
"11/03/2023","6,978.20","6,899.70","6,989.40","6,899.70","859.92M","1.14%"
"11/06/2023","6,997.40","6,978.20","7,009.10","6,978.00","933.40M","0.28%"
"11/07/2023","6,977.10","6,997.40","7,001.30","6,951.90","531.80M","-0.29%"
"11/08/2023","6,995.40","6,977.10","6,999.50","6,967.40","741.13M","0.26%"
"11/09/2023","7,014.90","6,995.40","7,045.50","6,995.40","783.32M","0.28%"
"11/10/2023","6,976.50","7,014.90","7,018.20","6,964.20","564.18M","-0.55%"
"11/13/2023","6,948.80","6,976.50","6,984.00","6,948.80","582.66M","-0.40%"
"11/14/2023","7,006.70","6,948.80","7,013.00","6,948.80","580.82M","0.83%"
"11/15/2023","7,105.90","7,006.70","7,125.60","7,006.70","714.34M","1.42%"
"11/16/2023","7,058.40","7,105.90","7,109.80","7,050.10","655.59M","-0.67%"
"11/17/2023","7,049.40","7,058.40","7,062.30","7,036.50","674.41M","-0.13%"
"11/20/2023","7,058.40","7,049.40","7,072.40","7,048.50","510.64M","0.13%"
"11/21/2023","7,078.20","7,058.40","7,089.60","7,058.40","633.68M","0.28%"
"11/22/2023","7,073.40","7,078.20","7,090.40","7,061.90","558.63M","-0.07%"
"11/23/2023","7,029.20","7,073.40","7,073.40","7,026.90","563.53M","-0.62%"
"11/24/2023","7,040.80","7,029.20","7,064.80","7,028.20","372.92M","0.17%"
"11/27/2023","6,987.60","7,040.80","7,054.30","6,987.60","480.83M","-0.76%"
"11/28/2023","7,015.20","6,987.60","7,049.20","6,985.50","578.41M","0.39%"
"11/29/2023","7,035.30","7,015.20","7,056.60","7,014.10","646.01M","0.29%"
"11/30/2023","7,087.30","7,035.30","7,087.30","7,022.60","1.40B","0.74%"
"12/01/2023","7,073.20","7,087.30","7,087.30","7,041.40","581.86M","-0.20%"
"12/04/2023","7,124.70","7,073.20","7,167.60","7,073.20","877.34M","0.73%"
"12/05/2023","7,061.60","7,124.70","7,124.70","7,041.10","873.73M","-0.89%"
"12/06/2023","7,178.40","7,061.60","7,194.00","7,061.60","898.20M","1.65%"
"12/07/2023","7,173.30","7,178.40","7,178.90","7,150.40","812.27M","-0.07%"
"12/08/2023","7,194.90","7,173.30","7,194.90","7,143.30","725.84M","0.30%"
"12/11/2023","7,199.00","7,194.90","7,226.80","7,189.90","662.50M","0.06%"
"12/12/2023","7,235.30","7,199.00","7,241.30","7,196.30","643.03M","0.50%"
"12/13/2023","7,257.80","7,235.30","7,271.10","7,234.30","606.93M","0.31%"
"12/14/2023","7,377.90","7,257.80","7,380.20","7,257.80","994.81M","1.65%"
"12/15/2023","7,442.70","7,377.90","7,462.20","7,377.90","2.02B","0.88%"
"12/18/2023","7,426.40","7,442.70","7,444.00","7,406.40","604.63M","-0.22%"
"12/19/2023","7,489.10","7,426.40","7,494.10","7,425.10","662.34M","0.84%"
"12/20/2023","7,537.90","7,489.10","7,552.30","7,489.10","756.60M","0.65%"
"12/21/2023","7,504.10","7,537.90","7,537.90","7,486.90","814.56M","-0.45%"
"12/22/2023","7,501.60","7,504.10","7,521.90","7,497.00","648.83M","-0.03%"
"12/27/2023","7,561.20","7,501.60","7,593.40","7,501.60","415.27M","0.79%"
"12/28/2023","7,614.30","7,561.20","7,614.30","7,561.20","378.80M","0.70%"
"12/29/2023","7,590.80","7,614.30","7,614.30","7,576.70","387.66M","-0.31%"
"01/02/2024","7,627.80","7,590.80","7,632.70","7,584.50","168.04M","0.49%"
"01/03/2024","7,523.20","7,627.80","7,627.80","7,521.90","475.47M","-1.37%"
"01/04/2024","7,494.10","7,523.20","7,529.90","7,481.10","469.84M","-0.39%"
"01/05/2024","7,489.10","7,494.10","7,514.30","7,488.20","439.18M","-0.07%"
"01/08/2024","7,451.50","7,489.10","7,504.20","7,441.80","526.35M","-0.50%"
"01/09/2024","7,520.50","7,451.50","7,541.90","7,451.50","559.10M","0.93%"
"01/10/2024","7,468.50","7,520.50","7,520.50","7,465.20","570.72M","-0.69%"
"01/11/2024","7,506.00","7,468.50","7,517.20","7,467.20","570.30M","0.50%"
"01/12/2024","7,498.30","7,506.00","7,506.00","7,474.30","576.60M","-0.10%"
"01/15/2024","7,496.30","7,498.30","7,505.10","7,477.60","510.33M","-0.03%"
"01/16/2024","7,414.80","7,496.30","7,496.30","7,402.30","570.74M","-1.09%"
"01/17/2024","7,393.10","7,414.80","7,418.90","7,372.60","700.36M","-0.29%"
"01/18/2024","7,346.50","7,393.10","7,393.10","7,322.00","745.49M","-0.63%"
"01/19/2024","7,421.20","7,346.50","7,446.80","7,346.50","673.05M","1.02%"
"01/22/2024","7,476.60","7,421.20","7,483.00","7,421.20","621.37M","0.75%"
"01/23/2024","7,514.90","7,476.60","7,530.30","7,476.60","603.31M","0.51%"
"01/24/2024","7,519.20","7,514.90","7,536.40","7,498.90","585.67M","0.06%"
"01/25/2024","7,555.40","7,519.20","7,558.80","7,519.20","593.52M","0.48%"
"01/29/2024","7,578.40","7,555.40","7,583.60","7,544.30","846.46M","0.30%"
"01/30/2024","7,600.20","7,578.40","7,630.50","7,578.40","635.40M","0.29%"
"01/31/2024","7,680.70","7,600.20","7,682.30","7,570.20","870.97M","1.06%"
"02/01/2024","7,588.20","7,680.70","7,680.70","7,579.50","620.83M","-1.20%"
"02/02/2024","7,699.40","7,588.20","7,703.60","7,588.20","643.08M","1.47%"
"02/05/2024","7,625.90","7,699.40","7,699.40","7,593.30","474.12M","-0.95%"
"02/06/2024","7,581.60","7,625.90","7,625.90","7,542.00","561.86M","-0.58%"
"02/07/2024","7,615.80","7,581.60","7,645.00","7,581.60","694.91M","0.45%"
"02/08/2024","7,639.20","7,615.80","7,662.40","7,615.80","574.03M","0.31%"
"02/09/2024","7,644.80","7,639.30","7,655.90","7,628.50","584.06M","0.07%"
"02/12/2024","7,614.90","7,644.80","7,644.80","7,609.40","490.09M","-0.39%"
"02/13/2024","7,603.60","7,614.90","7,632.70","7,599.00","635.68M","-0.15%"
"02/14/2024","7,547.70","7,603.60","7,603.60","7,489.40","875.97M","-0.74%"
"02/15/2024","7,605.70","7,547.70","7,621.30","7,538.70","911.25M","0.77%"
"02/16/2024","7,658.30","7,605.70","7,681.10","7,605.70","902.08M","0.69%"
"02/19/2024","7,665.10","7,658.30","7,683.30","7,653.20","742.86M","0.09%"
"02/20/2024","7,659.00","7,665.10","7,670.90","7,633.80","962.42M","-0.08%"
"02/21/2024","7,608.40","7,659.00","7,659.00","7,585.60","2.09B","-0.66%"
"02/22/2024","7,611.20","7,608.40","7,616.40","7,584.70","2.12B","0.04%"
"02/23/2024","7,643.60","7,611.20","7,661.20","7,611.20","932.19M","0.43%"
"02/26/2024","7,652.80","7,643.60","7,683.30","7,636.50","803.38M","0.12%"
"02/27/2024","7,663.00","7,652.80","7,664.80","7,610.80","736.45M","0.13%"
"02/28/2024","7,660.40","7,663.00","7,682.30","7,637.60","934.08M","-0.03%"
"02/29/2024","7,698.70","7,660.40","7,703.80","7,631.00","1.92B","0.50%"
"03/01/2024","7,745.60","7,698.70","7,745.60","7,696.50","907.70M","0.61%"
"03/04/2024","7,735.80","7,745.60","7,769.10","7,726.40","833.50M","-0.13%"
"03/05/2024","7,724.20","7,735.80","7,752.20","7,711.70","795.87M","-0.15%"
"03/06/2024","7,733.50","7,724.20","7,738.20","7,695.20","725.08M","0.12%"
"03/07/2024","7,763.70","7,733.50","7,767.10","7,719.50","676.91M","0.39%"
"03/08/2024","7,847.00","7,763.70","7,853.10","7,763.70","755.28M","1.07%"
"03/11/2024","7,704.20","7,847.00","7,847.00","7,696.80","110.57M","-1.82%"
"03/12/2024","7,712.50","7,704.20","7,736.70","7,701.20","623.64M","0.11%"
"03/13/2024","7,729.40","7,712.50","7,741.80","7,710.60","687.53M","0.22%"
"03/14/2024","7,713.60","7,729.40","7,744.20","7,700.40","857.10M","-0.20%"
"03/15/2024","7,670.30","7,713.60","7,713.60","7,591.40","2.30B","-0.56%"
"03/18/2024","7,675.80","7,670.30","7,679.50","7,642.00","535.53M","0.07%"
"03/19/2024","7,703.20","7,675.80","7,708.00","7,666.90","559.10M","0.36%"
"03/20/2024","7,695.80","7,703.20","7,738.10","7,694.60","535.25M","-0.10%"
"03/21/2024","7,782.00","7,695.80","7,787.20","7,695.80","819.90M","1.12%"
"03/22/2024","7,770.60","7,782.00","7,786.80","7,738.60","636.64M","-0.15%"
"03/25/2024","7,811.90","7,770.60","7,844.40","7,770.60","462.52M","0.53%"
"03/26/2024","7,780.20","7,811.90","7,812.30","7,775.70","579.52M","-0.41%"
"03/27/2024","7,819.60","7,780.20","7,819.60","7,771.80","473.85M","0.51%"
"03/28/2024","7,896.90","7,819.60","7,901.20","7,819.60","704.43M","0.99%"
"04/02/2024","7,887.90","7,896.90","7,910.50","7,867.80","610.13M","-0.11%"
"04/03/2024","7,782.50","7,887.90","7,895.70","7,770.90","679.12M","-1.34%"
"04/04/2024","7,817.30","7,782.50","7,834.40","7,782.50","537.60M","0.45%"
"04/05/2024","7,773.30","7,817.30","7,817.30","7,741.50","497.17M","-0.56%"
"04/08/2024","7,789.10","7,773.30","7,801.50","7,769.40","542.89M","0.20%"
"04/09/2024","7,824.20","7,789.10","7,835.10","7,789.10","536.31M","0.45%"
"04/10/2024","7,848.50","7,824.20","7,869.30","7,824.20","526.25M","0.31%"
"04/11/2024","7,813.60","7,848.50","7,848.50","7,752.10","531.34M","-0.44%"
"04/12/2024","7,788.10","7,813.60","7,813.60","7,765.30","531.61M","-0.33%"
"04/15/2024","7,752.50","7,788.10","7,788.90","7,735.20","551.75M","-0.46%"
"04/16/2024","7,612.50","7,752.50","7,752.50","7,585.80","992.24M","-1.81%"
"04/17/2024","7,605.60","7,612.50","7,636.60","7,596.70","531.78M","-0.09%"
"04/18/2024","7,642.10","7,605.60","7,656.80","7,605.60","511.74M","0.48%"
"04/19/2024","7,567.30","7,642.10","7,642.10","7,492.60","692.76M","-0.98%"
"04/22/2024","7,649.20","7,567.30","7,678.60","7,567.30","479.07M","1.08%"
"04/23/2024","7,683.50","7,649.20","7,694.90","7,648.50","565.18M","0.45%"
"04/24/2024","7,683.00","7,683.50","7,724.00","7,679.70","579.21M","-0.01%"
"04/26/2024","7,575.90","7,683.00","7,683.00","7,568.10","520.52M","-1.39%"
"04/29/2024","7,637.40","7,575.90","7,646.40","7,575.90","540.40M","0.81%"
"04/30/2024","7,664.10","7,637.40","7,664.10","7,623.40","668.58M","0.35%"
"05/01/2024","7,569.90","7,664.10","7,664.10","7,556.50","559.01M","-1.23%"
"05/02/2024","7,587.00","7,569.90","7,616.00","7,569.90","692.32M","0.23%"
"05/03/2024","7,629.00","7,587.00","7,640.20","7,587.00","638.38M","0.55%"
"05/06/2024","7,682.40","7,629.00","7,684.10","7,629.00","500.78M","0.70%"
"05/07/2024","7,793.30","7,682.40","7,793.30","7,682.40","603.26M","1.44%"
"05/08/2024","7,804.50","7,793.30","7,814.90","7,788.10","517.86M","0.14%"
"05/09/2024","7,721.60","7,804.30","7,804.30","7,715.20","512.35M","-1.06%"
"05/10/2024","7,749.00","7,721.60","7,768.50","7,721.60","462.76M","0.35%"
"05/13/2024","7,750.00","7,749.00","7,750.00","7,721.50","423.67M","0.01%"
"05/14/2024","7,726.80","7,750.00","7,750.00","7,714.60","479.80M","-0.30%"
"05/15/2024","7,753.70","7,726.80","7,784.80","7,726.80","419.26M","0.35%"
"05/16/2024","7,881.30","7,753.70","7,900.20","7,753.70","655.45M","1.65%"
"05/17/2024","7,814.40","7,881.30","7,885.10","7,810.30","524.60M","-0.85%"
"05/20/2024","7,863.70","7,814.40","7,873.80","7,814.40","614.41M","0.63%"
"05/21/2024","7,851.70","7,863.70","7,870.20","7,841.50","673.98M","-0.15%"
"05/22/2024","7,848.10","7,851.70","7,879.60","7,848.10","683.53M","-0.05%"
"05/23/2024","7,811.80","7,848.10","7,848.10","7,764.60","584.98M","-0.46%"
"05/24/2024","7,727.60","7,811.80","7,811.80","7,716.90","505.45M","-1.08%"
"05/27/2024","7,788.30","7,734.30","7,793.20","7,734.30","474.32M","0.79%"
"05/28/2024","7,766.70","7,788.30","7,801.40","7,765.70","492.25M","-0.28%"
"05/29/2024","7,665.60","7,766.70","7,766.70","7,660.90","657.01M","-1.30%"
"05/30/2024","7,628.20","7,665.60","7,665.60","7,601.50","577.68M","-0.49%"
"05/31/2024","7,701.70","7,628.20","7,701.70","7,628.20","1.41B","0.96%"
"06/03/2024","7,761.00","7,701.70","7,779.00","7,701.70","468.56M","0.77%"
"06/04/2024","7,737.10","7,761.00","7,768.20","7,737.10","471.06M","-0.31%"
"06/05/2024","7,769.00","7,737.10","7,774.30","7,728.60","605.03M","0.41%"
"06/06/2024","7,821.80","7,769.00","7,837.80","7,769.00","522.66M","0.68%"
"06/07/2024","7,860.00","7,821.80","7,861.80","7,821.80","479.16M","0.49%"
"06/11/2024","7,755.40","7,860.00","7,860.00","7,735.10","701.19M","-1.33%"
"06/12/2024","7,715.50","7,755.40","7,755.40","7,699.20","565.33M","-0.51%"
"06/13/2024","7,749.70","7,715.50","7,777.80","7,714.00","657.71M","0.44%"
"06/14/2024","7,724.30","7,749.70","7,751.80","7,718.00","526.55M","-0.33%"
"06/17/2024","7,700.30","7,724.30","7,730.10","7,698.20","574.67M","-0.31%"
"06/18/2024","7,778.10","7,700.30","7,780.40","7,700.30","647.36M","1.01%"
"06/19/2024","7,769.70","7,778.10","7,787.50","7,755.20","596.34M","-0.11%"
"06/20/2024","7,769.40","7,769.70","7,772.00","7,753.40","831.86M","0.00%"
"06/21/2024","7,796.00","7,769.40","7,796.90","7,753.90","1.74B","0.34%"
"06/24/2024","7,733.70","7,796.00","7,796.10","7,730.50","562.00M","-0.80%"
"06/25/2024","7,838.80","7,737.00","7,838.80","7,737.00","624.41M","1.36%"
"06/26/2024","7,783.00","7,838.80","7,838.80","7,750.50","720.06M","-0.71%"
"06/27/2024","7,759.60","7,783.00","7,783.00","7,654.20","713.95M","-0.30%"
"06/28/2024","7,767.50","7,759.60","7,819.00","7,754.90","748.16M","0.10%"
"07/01/2024","7,750.70","7,767.50","7,767.50","7,710.30","484.07M","-0.22%"
"07/02/2024","7,718.20","7,750.70","7,754.40","7,702.50","555.52M","-0.42%"
"07/03/2024","7,739.90","7,718.20","7,744.10","7,718.20","501.68M","0.28%"
"07/04/2024","7,831.80","7,739.90","7,835.70","7,739.90","577.82M","1.19%"
"07/05/2024","7,822.30","7,831.80","7,831.80","7,807.70","390.28M","-0.12%"
"07/08/2024","7,763.20","7,822.30","7,822.30","7,759.50","465.60M","-0.76%"
"07/09/2024","7,829.70","7,763.20","7,832.30","7,763.20","500.38M","0.86%"
"07/10/2024","7,816.80","7,829.70","7,829.70","7,782.00","526.50M","-0.16%"
"07/11/2024","7,889.60","7,816.80","7,902.60","7,816.80","523.46M","0.93%"
"07/12/2024","7,959.30","7,889.60","7,969.10","7,889.00","545.62M","0.88%"
"07/15/2024","8,017.60","7,959.30","8,037.30","7,959.30","508.50M","0.73%"
"07/16/2024","7,999.30","8,017.60","8,018.00","7,996.90","522.06M","-0.23%"
"07/17/2024","8,057.90","7,999.30","8,083.70","7,999.30","570.80M","0.73%"
"07/18/2024","8,036.50","8,057.90","8,070.40","8,026.20","616.58M","-0.27%"
"07/19/2024","7,971.60","8,036.50","8,036.50","7,923.60","572.94M","-0.81%"
"07/22/2024","7,931.70","7,971.60","7,971.60","7,902.40","491.88M","-0.50%"
"07/23/2024","7,971.10","7,931.70","7,993.30","7,931.70","716.63M","0.50%"
"07/24/2024","7,963.70","7,971.10","7,973.80","7,944.30","571.47M","-0.09%"
"07/25/2024","7,861.20","7,963.70","7,963.70","7,861.20","669.23M","-1.29%"
"07/26/2024","7,921.30","7,861.20","7,938.30","7,861.20","637.44M","0.76%"
"07/29/2024","7,989.60","7,921.30","8,000.00","7,921.30","519.56M","0.86%"
"07/30/2024","7,953.20","7,989.60","7,989.60","7,894.30","499.60M","-0.46%"
"07/31/2024","8,092.30","7,953.20","8,092.30","7,952.80","821.57M","1.75%"
"08/01/2024","8,114.70","8,092.30","8,148.70","8,092.30","586.09M","0.28%"
"08/02/2024","7,943.20","8,114.70","8,114.70","7,920.00","690.20M","-2.11%"
"08/05/2024","7,649.60","7,943.20","7,943.20","7,635.50","766.47M","-3.70%"
"08/06/2024","7,680.60","7,649.60","7,713.70","7,628.10","674.91M","0.41%"
"08/07/2024","7,699.80","7,680.60","7,738.20","7,643.30","987.01M","0.25%"
"08/08/2024","7,682.00","7,699.80","7,703.40","7,644.20","730.39M","-0.23%"
"08/09/2024","7,777.70","7,682.00","7,795.10","7,682.00","519.84M","1.25%"
"08/12/2024","7,813.70","7,777.70","7,836.80","7,777.70","510.67M","0.46%"
"08/13/2024","7,826.80","7,813.70","7,835.20","7,801.60","636.95M","0.17%"
"08/14/2024","7,850.70","7,826.80","7,910.20","7,826.80","561.14M","0.31%"
"08/15/2024","7,865.50","7,850.70","7,898.70","7,846.60","690.19M","0.19%"
"08/16/2024","7,971.10","7,865.50","7,976.90","7,865.50","763.30M","1.34%"
"08/19/2024","7,980.40","7,971.10","7,990.90","7,950.60","513.59M","0.12%"
"08/20/2024","7,997.70","7,980.40","8,025.20","7,980.40","565.73M","0.22%"
"08/21/2024","8,010.50","7,997.70","8,010.50","7,951.50","673.91M","0.16%"
"08/22/2024","8,027.00","8,010.50","8,039.70","8,010.50","621.35M","0.21%"
"08/23/2024","8,023.90","8,027.00","8,027.00","7,990.30","645.17M","-0.04%"
"08/26/2024","8,084.50","8,023.90","8,086.70","8,023.90","553.61M","0.76%"
"08/27/2024","8,071.20","8,084.50","8,107.30","8,062.40","656.57M","-0.16%"
"08/28/2024","8,071.40","8,071.20","8,071.40","8,008.90","743.50M","0.00%"
"08/29/2024","8,045.10","8,071.40","8,071.40","8,017.70","743.11M","-0.33%"
"08/30/2024","8,091.90","8,045.10","8,091.90","8,045.10","1.20B","0.58%"
"09/02/2024","8,109.90","8,091.80","8,116.90","8,041.30","617.19M","0.22%"
"09/03/2024","8,103.20","8,109.90","8,110.20","8,073.70","633.90M","-0.08%"
"09/04/2024","7,950.50","8,103.20","8,103.20","7,928.50","735.19M","-1.88%"
"09/05/2024","7,982.40","7,950.50","7,991.80","7,950.50","796.42M","0.40%"
"09/06/2024","8,013.40","7,982.40","8,030.30","7,982.40","633.31M","0.39%"
"09/09/2024","7,988.10","8,013.40","8,013.40","7,918.90","617.70M","-0.32%"
"09/10/2024","8,011.90","7,988.10","8,057.90","7,988.10","660.15M","0.30%"
"09/11/2024","7,987.90","8,011.90","8,024.50","7,963.90","690.03M","-0.30%"
"09/12/2024","8,075.70","7,987.90","8,079.00","7,979.50","674.64M","1.10%"
"09/13/2024","8,099.90","8,075.70","8,143.60","8,075.70","730.54M","0.30%"
"09/16/2024","8,121.60","8,099.90","8,145.00","8,099.90","581.24M","0.27%"
"09/17/2024","8,140.90","8,121.60","8,150.50","8,121.60","512.83M","0.24%"
"09/18/2024","8,142.10","8,140.90","8,153.50","8,114.10","521.01M","0.01%"
"09/19/2024","8,191.90","8,142.10","8,200.30","8,133.10","849.99M","0.61%"
"09/20/2024","8,209.50","8,191.90","8,246.20","8,188.00","2.01B","0.21%"
"09/23/2024","8,152.90","8,209.50","8,209.50","8,131.50","616.35M","-0.69%"
"09/24/2024","8,142.00","8,152.90","8,172.70","8,111.30","630.12M","-0.13%"
"09/25/2024","8,126.40","8,142.00","8,179.10","8,115.00","681.98M","-0.19%"
"09/26/2024","8,203.70","8,126.40","8,207.70","8,126.40","712.99M","0.95%"
"09/27/2024","8,212.20","8,203.70","8,225.50","8,203.70","940.24M","0.10%"
"09/30/2024","8,269.80","8,212.20","8,285.70","8,212.20","877.91M","0.70%"
"10/01/2024","8,208.90","8,269.80","8,269.80","8,186.60","579.53M","-0.74%"
"10/02/2024","8,198.20","8,208.90","8,214.90","8,176.80","577.37M","-0.13%"
"10/03/2024","8,205.20","8,198.20","8,221.70","8,186.10","646.72M","0.09%"
"10/04/2024","8,150.00","8,205.20","8,205.20","8,107.60","560.80M","-0.67%"
"10/07/2024","8,205.40","8,150.00","8,210.60","8,147.50","439.67M","0.68%"
"10/08/2024","8,176.90","8,205.40","8,223.50","8,164.80","565.37M","-0.35%"
"10/09/2024","8,187.40","8,176.90","8,226.70","8,173.80","520.65M","0.13%"
"10/10/2024","8,223.00","8,187.40","8,242.80","8,187.40","592.10M","0.43%"
"10/11/2024","8,214.50","8,223.00","8,228.30","8,200.00","477.84M","-0.10%"
"10/14/2024","8,252.80","8,214.50","8,271.80","8,214.50","484.37M","0.47%"
"10/15/2024","8,318.40","8,252.80","8,331.70","8,252.80","548.71M","0.79%"
"10/16/2024","8,284.70","8,318.40","8,318.40","8,274.30","611.62M","-0.41%"
"10/17/2024","8,355.90","8,284.70","8,384.50","8,284.70","748.37M","0.86%"
"10/18/2024","8,283.20","8,355.90","8,355.90","8,261.50","705.43M","-0.87%"
"10/21/2024","8,344.40","8,283.80","8,356.40","8,283.80","600.15M","0.74%"
"10/22/2024","8,205.70","8,344.40","8,344.40","8,201.60","559.61M","-1.66%"
"10/23/2024","8,216.00","8,205.70","8,232.60","8,196.20","500.11M","0.13%"
"10/24/2024","8,206.30","8,216.00","8,247.50","8,183.80","628.64M","-0.12%"
"10/25/2024","8,211.30","8,206.30","8,248.10","8,206.30","475.07M","0.06%"
"10/28/2024","8,221.50","8,211.30","8,226.50","8,199.70","479.02M","0.12%"
"10/29/2024","8,249.20","8,221.50","8,272.10","8,221.50","598.09M","0.34%"
"10/30/2024","8,180.40","8,249.20","8,259.40","8,167.30","714.82M","-0.83%"
"10/31/2024","8,160.00","8,180.40","8,184.40","8,129.60","693.49M","-0.25%"
"11/01/2024","8,118.80","8,160.00","8,160.00","8,063.20","494.62M","-0.50%"
"11/04/2024","8,164.60","8,118.80","8,180.40","8,118.80","490.41M","0.56%"
"11/05/2024","8,131.80","8,164.60","8,165.10","8,113.40","380.46M","-0.40%"
"11/06/2024","8,199.50","8,131.80","8,224.20","8,131.80","488.50M","0.83%"
"11/07/2024","8,226.30","8,199.50","8,231.00","8,150.10","771.71M","0.33%"
"11/08/2024","8,295.10","8,226.30","8,319.40","8,226.30","530.30M","0.84%"
"11/11/2024","8,266.20","8,295.10","8,295.10","8,246.70","521.02M","-0.35%"
"11/12/2024","8,255.60","8,266.20","8,266.20","8,215.80","622.09M","-0.13%"
"11/13/2024","8,193.40","8,255.60","8,255.60","8,139.10","555.23M","-0.75%"
"11/14/2024","8,224.00","8,193.40","8,239.40","8,193.40","520.35M","0.37%"
"11/15/2024","8,285.20","8,224.00","8,285.20","8,224.00","535.89M","0.74%"
"11/18/2024","8,300.20","8,285.20","8,317.70","8,244.30","516.86M","0.18%"
"11/19/2024","8,374.00","8,300.20","8,446.40","8,300.20","571.63M","0.89%"
"11/20/2024","8,326.30","8,374.00","8,379.80","8,318.20","509.00M","-0.57%"
"11/21/2024","8,323.00","8,326.30","8,362.80","8,305.40","527.84M","-0.04%"
"11/22/2024","8,393.80","8,323.00","8,416.40","8,323.00","555.82M","0.85%"
"11/25/2024","8,417.60","8,393.80","8,462.10","8,393.80","1.41B","0.28%"
"11/26/2024","8,359.40","8,417.60","8,433.00","8,352.80","582.75M","-0.69%"
"11/27/2024","8,406.70","8,359.40","8,417.30","8,359.40","513.90M","0.57%"
"11/28/2024","8,444.30","8,406.70","8,477.10","8,406.70","568.44M","0.45%"
"11/29/2024","8,436.20","8,444.30","8,444.30","8,390.10","495.96M","-0.10%"
"12/02/2024","8,447.90","8,436.20","8,466.40","8,434.60","525.16M","0.14%"
"12/03/2024","8,495.20","8,447.90","8,514.50","8,447.90","674.82M","0.56%"
"12/04/2024","8,462.60","8,495.20","8,497.80","8,429.20","564.54M","-0.38%"
"12/05/2024","8,474.90","8,462.60","8,494.50","8,462.30","598.07M","0.15%"
"12/06/2024","8,420.90","8,474.90","8,474.90","8,419.10","537.54M","-0.64%"
"12/09/2024","8,423.00","8,420.90","8,423.00","8,371.10","604.46M","0.02%"
"12/10/2024","8,393.00","8,423.00","8,447.70","8,360.10","758.72M","-0.36%"
"12/11/2024","8,353.60","8,393.00","8,395.90","8,342.10","562.15M","-0.47%"
"12/12/2024","8,330.30","8,353.60","8,386.40","8,326.60","609.80M","-0.28%"
"12/13/2024","8,296.00","8,330.30","8,330.30","8,263.50","488.00M","-0.41%"
"12/16/2024","8,249.50","8,296.00","8,296.00","8,241.00","603.96M","-0.56%"
"12/17/2024","8,314.00","8,249.50","8,327.30","8,236.70","540.99M","0.78%"
"12/18/2024","8,309.40","8,314.00","8,342.90","8,296.50","589.46M","-0.06%"
"12/19/2024","8,168.20","8,309.40","8,309.40","8,125.70","822.66M","-1.70%"
"12/20/2024","8,067.00","8,168.20","8,168.20","8,051.20","1.25B","-1.24%"
"12/23/2024","8,201.60","8,067.00","8,201.60","8,067.00","362.90M","1.67%"
"12/24/2024","8,220.90","8,201.60","8,226.80","8,193.50","183.54M","0.24%"
"12/27/2024","8,261.80","8,220.90","8,281.40","8,220.20","283.66M","0.50%"
"12/30/2024","8,235.00","8,261.80","8,261.80","8,184.20","306.67M","-0.32%"
"12/31/2024","8,159.10","8,235.00","8,235.00","8,159.10","277.76M","-0.92%"
"01/02/2025","8,201.20","8,159.10","8,204.20","8,146.60","304.42M","0.52%"
"01/03/2025","8,250.50","8,201.20","8,263.90","8,200.20","329.09M","0.60%"
"01/06/2025","8,257.40","8,250.50","8,292.30","8,242.40","452.38M","0.08%"
"01/07/2025","8,285.10","8,257.40","8,297.60","8,257.40","424.27M","0.34%"
"01/08/2025","8,349.10","8,285.10","8,370.70","8,262.30","488.80M","0.77%"
"01/09/2025","8,329.20","8,349.10","8,349.10","8,291.90","561.90M","-0.24%"
"01/10/2025","8,294.10","8,329.20","8,356.20","8,262.20","525.87M","-0.42%"
"01/13/2025","8,191.90","8,294.10","8,294.10","8,160.70","523.20M","-1.23%"
"01/14/2025","8,231.00","8,191.90","8,253.80","8,191.90","525.52M","0.48%"
"01/15/2025","8,213.30","8,231.00","8,263.50","8,212.90","502.73M","-0.22%"
"01/16/2025","8,327.00","8,213.30","8,345.60","8,213.30","527.15M","1.38%"
"01/17/2025","8,310.40","8,327.00","8,346.80","8,303.00","525.92M","-0.20%"
"01/20/2025","8,347.40","8,310.40","8,356.40","8,310.40","470.52M","0.45%"
"01/21/2025","8,402.40","8,347.40","8,453.30","8,347.40","502.85M","0.66%"
"01/22/2025","8,429.80","8,402.40","8,455.60","8,396.30","558.01M","0.33%"
"01/23/2025","8,378.70","8,429.80","8,429.80","8,366.00","543.67M","-0.61%"
"01/24/2025","8,408.90","8,378.70","8,421.10","8,378.70","434.68M","0.36%"
"01/28/2025","8,399.10","8,408.90","8,427.10","8,386.50","607.95M","-0.12%"
"01/29/2025","8,447.00","8,401.40","8,481.60","8,396.40","589.10M","0.57%"
"01/30/2025","8,493.70","8,447.00","8,515.70","8,444.10","600.88M","0.55%"
"01/31/2025","8,532.30","8,493.70","8,566.90","8,493.70","738.31M","0.45%"
"02/03/2025","8,379.40","8,532.30","8,532.30","8,353.90","598.18M","-1.79%"
"02/04/2025","8,374.00","8,379.40","8,446.80","8,374.00","565.47M","-0.06%"
"02/05/2025","8,416.90","8,374.00","8,441.20","8,374.00","618.21M","0.51%"
"02/06/2025","8,520.70","8,416.90","8,523.20","8,416.90","616.77M","1.23%"
"02/07/2025","8,511.40","8,520.70","8,532.60","8,498.70","484.98M","-0.11%"
"02/10/2025","8,482.80","8,511.40","8,511.40","8,445.30","477.72M","-0.34%"
"02/11/2025","8,484.00","8,482.80","8,515.30","8,480.60","670.07M","0.01%"
"02/12/2025","8,535.30","8,484.00","8,535.30","8,469.70","683.60M","0.60%"
"02/13/2025","8,540.00","8,535.30","8,575.20","8,534.60","775.97M","0.06%"
"02/14/2025","8,555.80","8,540.00","8,615.20","8,540.00","750.86M","0.19%"
"02/17/2025","8,537.10","8,555.80","8,555.80","8,480.20","659.41M","-0.22%"
"02/18/2025","8,481.00","8,537.10","8,544.70","8,468.70","631.33M","-0.66%"
"02/19/2025","8,419.20","8,481.00","8,482.00","8,389.40","757.29M","-0.73%"
"02/20/2025","8,322.80","8,419.20","8,419.20","8,287.80","893.65M","-1.15%"
"02/21/2025","8,296.20","8,322.80","8,354.00","8,289.70","698.39M","-0.32%"
"02/24/2025","8,308.20","8,296.20","8,310.00","8,216.30","762.74M","0.14%"
"02/25/2025","8,251.90","8,308.20","8,308.20","8,227.60","754.08M","-0.68%"
"02/26/2025","8,240.70","8,251.90","8,251.90","8,210.10","694.66M","-0.14%"
"02/27/2025","8,268.20","8,240.70","8,300.00","8,240.70","694.12M","0.33%"
"02/28/2025","8,172.40","8,268.20","8,268.20","8,155.50","1.96B","-1.16%"
"03/03/2025","8,245.70","8,172.40","8,251.90","8,172.40","707.24M","0.90%"
"03/04/2025","8,198.10","8,245.70","8,245.70","8,150.20","706.05M","-0.58%"
"03/05/2025","8,141.10","8,198.10","8,198.10","8,096.00","736.52M","-0.70%"
"03/06/2025","8,094.70","8,141.10","8,179.70","8,076.40","732.11M","-0.57%"
"03/07/2025","7,948.20","8,094.70","8,094.70","7,946.40","672.90M","-1.81%"
"03/10/2025","7,962.30","7,948.20","7,978.60","7,948.10","555.88M","0.18%"
"03/11/2025","7,890.10","7,962.30","7,962.30","7,818.30","1.15B","-0.91%"
"03/12/2025","7,786.20","7,890.10","7,890.10","7,733.50","952.24M","-1.32%"
"03/13/2025","7,749.10","7,786.20","7,821.10","7,746.40","821.81M","-0.48%"
"03/14/2025","7,789.70","7,749.10","7,795.30","7,740.10","710.13M","0.52%"
"03/17/2025","7,854.10","7,792.30","7,858.50","7,792.30","648.32M","0.83%"
"03/18/2025","7,860.40","7,854.10","7,922.90","7,850.00","700.48M","0.08%"
"03/19/2025","7,828.30","7,860.40","7,868.50","7,808.80","756.77M","-0.41%"
"03/20/2025","7,918.90","7,828.30","7,931.20","7,828.30","1.03B","1.16%"
"03/21/2025","7,931.20","7,918.90","7,962.60","7,905.10","2.22B","0.16%"
"03/24/2025","7,936.90","7,931.20","7,939.20","7,899.50","633.30M","0.07%"
"03/25/2025","7,942.50","7,936.90","7,994.00","7,936.90","651.39M","0.07%"
"03/26/2025","7,999.00","7,942.50","8,014.90","7,942.50","710.64M","0.71%"
"03/27/2025","7,969.00","7,999.00","7,999.00","7,936.20","715.80M","-0.38%"
"03/28/2025","7,982.00","7,969.00","8,001.00","7,941.50","600.25M","0.16%"
"03/31/2025","7,843.40","7,982.00","7,982.00","7,843.00","812.64M","-1.74%"
"04/01/2025","7,925.20","7,843.40","7,925.20","7,843.40","632.70M","1.04%"
"04/02/2025","7,934.50","7,925.20","7,978.40","7,925.20","649.33M","0.12%"
"04/03/2025","7,859.70","7,934.50","7,934.50","7,768.00","800.58M","-0.94%"
"04/04/2025","7,667.80","7,859.70","7,859.70","7,664.20","960.95M","-2.44%"
"04/07/2025","7,343.30","7,667.80","7,667.80","7,169.20","1.51B","-4.23%"
"04/08/2025","7,510.00","7,343.30","7,510.00","7,343.30","1.02B","2.27%"
"04/09/2025","7,375.00","7,510.00","7,510.00","7,349.00","939.75M","-1.80%"
"04/10/2025","7,709.60","7,375.00","7,842.90","7,375.00","1.01B","4.54%"
"04/11/2025","7,646.50","7,709.60","7,709.60","7,524.50","834.80M","-0.82%"
"04/14/2025","7,748.60","7,646.50","7,764.10","7,646.50","661.20M","1.34%"
"04/15/2025","7,761.70","7,748.60","7,798.70","7,743.60","676.69M","0.17%"
"04/16/2025","7,758.90","7,761.70","7,791.40","7,747.50","730.55M","-0.04%"
"04/17/2025","7,819.10","7,758.90","7,819.10","7,757.40","679.49M","0.78%"
"04/22/2025","7,816.70","7,819.10","7,822.40","7,745.10","653.88M","-0.03%"
"04/23/2025","7,920.50","7,816.70","7,961.80","7,816.70","1.01B","1.33%"
"04/24/2025","7,968.20","7,920.50","7,983.80","7,920.50","639.12M","0.60%"
"04/28/2025","7,997.10","7,968.20","8,051.80","7,968.20","768.95M","0.36%"
"04/29/2025","8,070.60","7,997.10","8,076.70","7,997.10","710.81M","0.92%"
"04/30/2025","8,126.20","8,070.60","8,126.20","8,069.10","889.51M","0.69%"
"05/01/2025","8,145.60","8,126.20","8,152.50","8,109.70","676.72M","0.24%"
"05/02/2025","8,238.00","8,145.60","8,239.60","8,129.80","772.16M","1.13%"
"05/05/2025","8,157.80","8,238.00","8,240.50","8,157.70","637.03M","-0.97%"
"05/06/2025","8,151.40","8,157.70","8,168.90","8,138.40","609.64M","-0.08%"
"05/07/2025","8,178.30","8,151.40","8,191.40","8,151.40","886.55M","0.33%"
"05/08/2025","8,191.70","8,178.30","8,211.20","8,154.80","763.06M","0.16%"
"05/09/2025","8,231.20","8,191.70","8,242.90","8,183.30","802.01M","0.48%"
"05/12/2025","8,233.50","8,231.20","8,279.30","8,231.20","661.79M","0.03%"
"05/13/2025","8,269.00","8,233.50","8,314.00","8,233.50","924.40M","0.43%"
"05/14/2025","8,279.60","8,269.00","8,279.60","8,247.00","732.51M","0.13%"
"05/15/2025","8,297.50","8,279.60","8,303.10","8,257.40","752.96M","0.22%"
"05/16/2025","8,343.70","8,297.50","8,398.20","8,297.50","762.72M","0.56%"
"05/19/2025","8,295.10","8,343.70","8,344.80","8,284.00","626.27M","-0.58%"
"05/20/2025","8,343.30","8,295.10","8,364.50","8,295.10","641.03M","0.58%"
"05/21/2025","8,386.80","8,343.30","8,422.90","8,343.30","648.02M","0.52%"
"05/22/2025","8,348.70","8,386.80","8,386.80","8,311.40","626.93M","-0.45%"
"05/23/2025","8,360.90","8,348.70","8,380.60","8,339.60","552.50M","0.15%"
"05/26/2025","8,361.00","8,360.70","8,369.30","8,345.50","502.89M","0.00%"
"05/27/2025","8,407.60","8,361.00","8,407.60","8,355.90","540.14M","0.56%"
"05/28/2025","8,396.90","8,405.70","8,453.00","8,392.40","628.50M","-0.13%"
"05/29/2025","8,409.80","8,396.90","8,427.30","8,392.10","634.98M","0.15%"
"05/30/2025","8,434.70","8,409.80","8,439.80","8,380.30","2.25B","0.30%"
"06/02/2025","8,414.10","8,434.70","8,435.50","8,401.10","581.57M","-0.24%"
"06/03/2025","8,466.70","8,414.10","8,479.50","8,414.10","692.29M","0.63%"
"06/04/2025","8,541.80","8,466.70","8,546.50","8,466.70","768.80M","0.89%"
"06/05/2025","8,538.90","8,541.80","8,567.30","8,526.90","694.44M","-0.03%"
"06/06/2025","8,515.70","8,538.90","8,555.60","8,515.70","588.31M","-0.27%"
"06/10/2025","8,587.20","8,515.70","8,592.00","8,515.70","750.90M","0.84%"
"06/11/2025","8,592.10","8,587.20","8,639.10","8,587.20","726.51M","0.06%"
"06/12/2025","8,565.10","8,592.10","8,617.80","8,565.10","960.08M","-0.31%"
"06/13/2025","8,547.40","8,565.10","8,577.40","8,525.40","774.59M","-0.21%"
"06/16/2025","8,548.40","8,547.40","8,579.10","8,538.60","755.33M","0.01%"
"06/17/2025","8,541.30","8,548.40","8,566.80","8,525.00","706.47M","-0.08%"
"06/18/2025","8,531.20","8,541.30","8,553.00","8,520.00","699.78M","-0.12%"
"06/19/2025","8,523.70","8,531.20","8,540.30","8,504.70","755.52M","-0.09%"
"06/20/2025","8,505.50","8,523.70","8,526.50","8,462.70","1.87B","-0.21%"
"06/23/2025","8,474.90","8,505.50","8,505.50","8,421.10","619.78M","-0.36%"
"06/24/2025","8,555.50","8,474.90","8,574.00","8,474.90","685.42M","0.95%"
"06/25/2025","8,559.20","8,555.50","8,577.30","8,547.20","645.72M","0.04%"
"06/26/2025","8,550.80","8,559.20","8,560.40","8,533.00","704.13M","-0.10%"
"06/27/2025","8,514.20","8,551.10","8,605.70","8,514.20","819.63M","-0.43%"
"06/30/2025","8,542.30","8,514.20","8,576.70","8,514.20","822.41M","0.33%"
"07/01/2025","8,541.10","8,542.30","8,576.00","8,541.10","686.48M","-0.01%"
"07/02/2025","8,597.70","8,541.10","8,613.00","8,536.70","758.39M","0.66%"
"07/03/2025","8,595.80","8,597.50","8,623.60","8,543.20","721.64M","-0.02%"
"07/04/2025","8,603.00","8,595.80","8,616.80","8,589.50","497.10M","0.08%"
"07/07/2025","8,589.30","8,603.00","8,617.00","8,572.10","500.90M","-0.16%"
"07/08/2025","8,590.70","8,589.10","8,610.00","8,550.20","646.51M","0.02%"
"07/09/2025","8,538.60","8,590.70","8,590.70","8,531.40","625.86M","-0.61%"
"07/10/2025","8,589.20","8,538.60","8,610.80","8,538.60","536.79M","0.59%"
"07/11/2025","8,580.10","8,589.20","8,619.80","8,568.20","565.25M","-0.11%"
"07/14/2025","8,570.40","8,580.10","8,593.60","8,558.30","526.88M","-0.11%"
"07/15/2025","8,630.30","8,570.40","8,632.80","8,570.40","556.90M","0.70%"
"07/16/2025","8,561.80","8,630.30","8,630.30","8,544.70","529.25M","-0.79%"
"07/17/2025","8,639.00","8,561.80","8,641.30","8,561.80","739.22M","0.90%"
"07/18/2025","8,757.20","8,639.00","8,776.40","8,639.00","717.82M","1.37%"
"07/21/2025","8,668.20","8,757.10","8,757.10","8,648.40","538.06M","-1.02%"
"07/22/2025","8,677.20","8,668.20","8,714.60","8,652.60","690.76M","0.10%"
"07/23/2025","8,737.20","8,677.20","8,748.60","8,677.20","704.90M","0.69%"
"07/24/2025","8,709.40","8,737.20","8,759.90","8,698.50","801.30M","-0.32%"
"07/25/2025","8,666.90","8,709.40","8,709.40","8,658.20","588.22M","-0.49%"
"07/28/2025","8,697.70","8,667.00","8,704.90","8,667.00","696.43M","0.36%"
"07/29/2025","8,704.60","8,697.70","8,704.60","8,643.50","631.58M","0.08%"
"07/30/2025","8,756.40","8,704.60","8,773.00","8,688.20","691.74M","0.60%"
"07/31/2025","8,742.80","8,756.40","8,756.40","8,701.30","726.91M","-0.16%"
"08/01/2025","8,662.00","8,742.80","8,742.80","8,650.90","574.80M","-0.92%"
"08/04/2025","8,663.70","8,662.00","8,666.70","8,630.90","501.23M","0.02%"
"08/05/2025","8,770.40","8,663.70","8,774.10","8,663.70","601.84M","1.23%"
"08/06/2025","8,843.70","8,770.40","8,848.80","8,770.40","606.46M","0.84%"
"08/07/2025","8,831.40","8,840.90","8,844.90","8,818.70","614.03M","-0.14%"
"08/08/2025","8,807.10","8,831.40","8,831.40","8,790.30","648.51M","-0.28%"
"08/11/2025","8,844.80","8,817.20","8,852.30","8,815.20","656.85M","0.43%"
"08/12/2025","8,880.80","8,844.80","8,885.70","8,828.80","682.08M","0.41%"
"08/13/2025","8,827.10","8,880.80","8,890.50","8,815.30","641.85M","-0.60%"
"08/14/2025","8,873.80","8,827.10","8,899.10","8,827.10","709.29M","0.53%"
"08/15/2025","8,938.60","8,871.00","8,938.60","8,863.60","622.20M","0.73%"
"08/18/2025","8,959.30","8,938.60","8,963.00","8,912.20","571.33M","0.23%"
"08/19/2025","8,896.20","8,959.30","8,959.30","8,887.30","644.23M","-0.70%"
"08/20/2025","8,918.00","8,896.20","8,950.50","8,857.80","777.42M","0.25%"
"08/21/2025","9,019.10","8,918.00","9,019.10","8,918.00","852.53M","1.13%"
"08/22/2025","8,967.40","9,019.10","9,025.50","8,967.40","817.75M","-0.57%"
"08/25/2025","8,972.40","8,967.40","9,054.50","8,965.90","747.16M","0.06%"
"08/26/2025","8,935.60","8,972.40","8,984.90","8,917.60","1.06B","-0.41%"
"08/27/2025","8,960.50","8,935.60","8,965.00","8,935.20","907.83M","0.28%"
"08/28/2025","8,980.00","8,960.50","8,980.00","8,948.20","897.34M","0.22%"
"08/29/2025","8,973.10","8,980.00","8,991.00","8,948.00","1.01B","-0.08%"
"09/01/2025","8,927.70","8,973.10","8,973.10","8,907.00","618.14M","-0.51%"
"09/02/2025","8,900.60","8,927.70","8,928.00","8,891.20","553.35M","-0.30%"
"09/03/2025","8,738.80","8,900.60","8,900.60","8,731.30","784.76M","-1.82%"
"09/04/2025","8,826.50","8,738.80","8,831.70","8,738.80","706.52M","1.00%"
"09/05/2025","8,871.20","8,826.50","8,880.70","8,826.50","627.08M","0.51%"
"09/08/2025","8,849.60","8,871.20","8,871.20","8,826.90","592.53M","-0.24%"
"09/09/2025","8,803.50","8,849.60","8,849.60","8,783.40","690.37M","-0.52%"
"09/10/2025","8,830.40","8,803.50","8,837.40","8,790.40","809.77M","0.31%"
"09/11/2025","8,805.00","8,830.40","8,830.40","8,782.60","773.17M","-0.29%"
"09/12/2025","8,864.90","8,805.00","8,887.60","8,805.00","633.81M","0.68%"
"09/15/2025","8,853.00","8,864.90","8,864.90","8,794.00","616.65M","-0.13%"
"09/16/2025","8,877.70","8,853.00","8,888.00","8,853.00","644.74M","0.28%"
"09/17/2025","8,818.50","8,877.70","8,877.70","8,803.50","660.54M","-0.67%"
"09/18/2025","8,745.20","8,818.50","8,818.50","8,737.50","762.84M","-0.83%"
"09/19/2025","8,773.50","8,745.20","8,821.00","8,745.20","2.58B","0.32%"
"09/22/2025","8,810.90","8,773.50","8,846.00","8,773.50","611.20M","0.43%"
"09/23/2025","8,845.90","8,810.90","8,877.10","8,810.00","742.59M","0.40%"
"09/24/2025","8,764.50","8,845.90","8,845.90","8,744.30","715.27M","-0.92%"
"09/25/2025","8,773.00","8,764.50","8,793.60","8,737.90","837.39M","0.10%"
"09/26/2025","8,787.70","8,773.00","8,795.60","8,746.30","832.82M","0.17%"
"09/29/2025","8,862.80","8,787.70","8,871.70","8,787.70","575.55M","0.85%"
"09/30/2025","8,848.80","8,862.80","8,892.40","8,842.40","874.38M","-0.16%"
"10/01/2025","8,845.70","8,848.80","8,864.30","8,809.00","729.38M","-0.04%"
"10/02/2025","8,945.90","8,845.70","8,965.90","8,845.70","790.07M","1.13%"
"10/03/2025","8,987.40","8,945.90","8,995.50","8,927.90","637.11M","0.46%"
"10/06/2025","8,981.40","8,987.40","9,026.40","8,970.60","462.73M","-0.07%"
"10/07/2025","8,956.80","8,981.40","8,981.40","8,937.20","736.85M","-0.27%"
"10/08/2025","8,947.60","8,956.80","8,963.70","8,916.20","755.06M","-0.10%"
"10/09/2025","8,969.80","8,947.60","8,997.30","8,947.60","709.99M","0.25%"
"10/10/2025","8,958.30","8,969.80","8,977.70","8,938.20","632.88M","-0.13%"
"10/13/2025","8,882.80","8,958.30","8,958.30","8,868.00","314.44M","-0.84%"
"10/14/2025","8,899.40","8,882.80","8,914.90","8,843.80","778.31M","0.19%"
"10/15/2025","8,990.90","8,899.40","8,990.90","8,899.40","728.57M","1.03%"
"10/16/2025","9,068.40","8,990.90","9,109.70","8,990.90","713.33M","0.86%"
"10/17/2025","8,995.30","9,068.40","9,068.40","8,990.10","809.27M","-0.81%"
"10/20/2025","9,031.90","8,995.30","9,034.40","8,963.60","676.49M","0.41%"
"10/21/2025","9,094.70","9,031.90","9,115.20","9,031.90","680.20M","0.70%"
"10/22/2025","9,030.00","9,094.70","9,094.70","8,998.70","757.99M","-0.71%"
"10/23/2025","9,032.80","9,030.00","9,043.20","8,986.20","650.83M","0.03%"
"10/24/2025","9,019.00","9,032.80","9,054.30","9,010.30","659.61M","-0.15%"
"10/27/2025","9,055.60","9,019.00","9,083.40","9,019.00","543.31M","0.41%"
"10/28/2025","9,012.50","9,055.60","9,055.60","9,006.70","742.43M","-0.48%"
"10/29/2025","8,926.20","9,012.50","9,021.60","8,921.80","626.44M","-0.96%"
"10/30/2025","8,885.50","8,926.20","8,926.20","8,876.00","679.57M","-0.46%"
"10/31/2025","8,881.90","8,885.50","8,943.40","8,881.90","740.26M","-0.04%"
"11/03/2025","8,894.80","8,881.90","8,894.80","8,829.30","336.64M","0.15%"
"11/04/2025","8,813.70","8,894.80","8,894.80","8,801.90","527.07M","-0.91%"
"11/05/2025","8,802.00","8,813.70","8,825.10","8,733.80","667.12M","-0.13%"
"11/06/2025","8,828.30","8,802.00","8,857.10","8,802.00","644.64M","0.30%"
"11/07/2025","8,769.70","8,828.30","8,835.40","8,756.40","564.18M","-0.66%"
"11/10/2025","8,835.90","8,769.70","8,835.90","8,769.70","551.11M","0.75%"
"11/11/2025","8,818.80","8,835.90","8,875.60","8,816.60","612.86M","-0.19%"
"11/12/2025","8,799.50","8,818.80","8,843.60","8,799.50","685.83M","-0.22%"
"11/13/2025","8,753.40","8,799.50","8,799.60","8,701.80","808.14M","-0.52%"
"11/14/2025","8,634.50","8,753.40","8,753.40","8,612.20","617.13M","-1.36%"
"11/17/2025","8,636.40","8,634.50","8,636.40","8,588.90","544.82M","0.02%"
"11/18/2025","8,469.10","8,636.40","8,636.40","8,445.70","729.00M","-1.94%"
"11/19/2025","8,447.90","8,469.10","8,488.60","8,447.90","625.09M","-0.25%"
"11/20/2025","8,552.70","8,447.90","8,565.10","8,447.90","630.12M","1.24%"
"11/21/2025","8,416.50","8,552.70","8,552.70","8,383.20","762.51M","-1.59%"
"11/24/2025","8,525.10","8,416.50","8,526.50","8,416.50","1.32B","1.29%"
"11/25/2025","8,537.00","8,525.10","8,572.60","8,506.70","620.27M","0.14%"
"11/26/2025","8,606.50","8,537.00","8,637.90","8,537.00","840.55M","0.81%"
"11/27/2025","8,617.30","8,606.50","8,649.30","8,602.40","720.50M","0.13%"
"11/28/2025","8,614.10","8,617.30","8,633.40","8,588.80","648.83M","-0.04%"
"12/01/2025","8,565.20","8,614.10","8,624.70","8,563.20","608.48M","-0.57%"
"12/02/2025","8,579.70","8,565.20","8,602.50","8,565.20","645.08M","0.17%"
"12/03/2025","8,595.20","8,579.70","8,622.60","8,576.30","687.41M","0.18%"
"12/04/2025","8,618.40","8,595.20","8,618.80","8,566.70","614.35M","0.27%"
"12/05/2025","8,634.60","8,618.40","8,634.60","8,591.20","580.29M","0.19%"
"12/08/2025","8,624.40","8,634.60","8,634.60","8,595.60","560.54M","-0.12%"
"12/09/2025","8,585.90","8,624.40","8,624.40","8,580.40","582.66M","-0.45%"
"12/10/2025","8,579.40","8,585.90","8,611.10","8,562.10","667.73M","-0.08%"
"12/11/2025","8,592.00","8,579.40","8,658.90","8,574.10","697.85M","0.15%"
"12/12/2025","8,697.30","8,592.00","8,701.80","8,592.00","601.28M","1.23%"
"12/15/2025","8,635.00","8,697.30","8,697.30","8,622.70","591.54M","-0.72%"
"12/16/2025","8,598.90","8,635.00","8,672.20","8,571.50","707.21M","-0.42%"
"12/17/2025","8,585.20","8,598.90","8,598.90","8,547.10","740.87M","-0.16%"
"12/18/2025","8,588.20","8,585.20","8,588.20","8,553.00","819.68M","0.03%"
"12/19/2025","8,621.40","8,588.20","8,647.50","8,588.20","1.73B","0.39%"
"12/22/2025","8,699.90","8,621.40","8,709.20","8,621.40","498.50M","0.91%"
"12/23/2025","8,795.70","8,699.90","8,805.50","8,699.90","490.59M","1.10%"
"12/24/2025","8,762.70","8,795.70","8,795.70","8,742.50","292.07M","-0.38%"
"12/29/2025","8,725.70","8,762.70","8,784.20","8,725.70","365.11M","-0.42%"
"12/30/2025","8,717.10","8,725.70","8,751.90","8,706.60","367.01M","-0.10%"
"12/31/2025","8,714.30","8,717.10","8,732.20","8,679.80","293.29M","-0.03%"
"01/02/2026","8,727.80","8,714.30","8,737.40","8,696.70","272.17M","0.15%"
"01/05/2026","8,728.60","8,727.80","8,750.70","8,719.40","436.28M","0.01%"
"01/06/2026","8,682.80","8,728.60","8,771.30","8,675.60","619.74M","-0.52%"
"01/07/2026","8,695.60","8,682.80","8,734.30","8,682.80","607.41M","0.15%"
"01/08/2026","8,720.80","8,695.60","8,739.20","8,693.70","569.34M","0.29%"
"01/09/2026","8,717.80","8,720.80","8,762.70","8,707.80","540.31M","-0.03%"
"01/12/2026","8,759.40","8,717.80","8,785.90","8,717.80","555.15M","0.48%"
"01/13/2026","8,808.50","8,759.40","8,855.70","8,759.40","605.70M","0.56%"
"01/14/2026","8,820.60","8,808.50","8,838.30","8,780.50","593.87M","0.14%"
"01/15/2026","8,861.70","8,820.60","8,881.00","8,820.60","661.57M","0.47%"
"01/16/2026","8,903.90","8,861.70","8,915.50","8,855.60","614.66M","0.48%"
"01/19/2026","8,874.50","8,903.90","8,903.90","8,855.50","451.12M","-0.33%"
"01/20/2026","8,815.90","8,874.50","8,874.50","8,809.10","661.50M","-0.66%"
"01/21/2026","8,782.90","8,815.90","8,815.90","8,765.90","623.65M","-0.37%"
"01/22/2026","8,848.70","8,782.90","8,864.50","8,782.90","619.44M","0.75%"
"01/23/2026","8,860.10","8,848.70","8,885.20","8,839.80","651.27M","0.13%"
"01/27/2026","8,941.60","8,860.10","8,969.20","8,860.10","713.83M","0.92%"
"01/28/2026","8,933.90","8,941.60","8,978.50","8,907.90","691.66M","-0.09%"
"01/29/2026","8,927.50","8,933.90","8,933.90","8,858.90","743.02M","-0.07%"
"01/30/2026","8,869.10","8,927.50","8,971.60","8,858.90","955.65M","-0.65%"
"02/02/2026","8,778.60","8,869.10","8,869.10","8,746.20","824.92M","-1.02%"
"02/03/2026","8,857.10","8,778.60","8,896.60","8,778.60","701.49M","0.89%"
"02/04/2026","8,927.80","8,857.10","8,943.50","8,832.60","682.77M","0.80%"
"02/05/2026","8,889.20","8,927.80","8,927.80","8,872.30","726.92M","-0.43%"
"02/06/2026","8,708.80","8,889.20","8,889.20","8,683.70","832.53M","-2.03%"
"02/09/2026","8,870.10","8,708.80","8,886.90","8,708.80","647.58M","1.85%"
"02/10/2026","8,867.40","8,870.10","8,925.60","8,867.40","646.39M","-0.03%"
"02/11/2026","9,014.80","8,867.40","9,014.80","8,867.40","571.53M","1.66%"
"02/12/2026","9,043.50","9,014.80","9,105.00","9,014.80","842.87M","0.32%"
"02/13/2026","8,917.60","9,043.50","9,043.50","8,911.40","758.54M","-1.39%"
"02/16/2026","8,937.10","8,917.60","8,953.00","8,915.00","595.43M","0.22%"
"02/17/2026","8,958.90","8,937.10","8,996.10","8,937.10","501.62M","0.24%"
"02/18/2026","9,007.00","8,958.90","9,009.10","8,958.90","652.34M","0.54%"
"02/19/2026","9,086.20","9,007.00","9,118.30","9,007.00","981.24M","0.88%"
"02/20/2026","9,081.40","9,086.20","9,086.20","9,046.90","749.08M","-0.05%"
"02/23/2026","9,026.00","9,081.40","9,112.90","9,010.60","684.96M","-0.61%"
"02/24/2026","9,022.30","9,026.00","9,054.70","8,987.20","773.42M","-0.04%"
"02/25/2026","9,128.30","9,022.30","9,130.30","9,022.30","795.37M","1.17%"
"02/26/2026","9,175.30","9,128.30","9,202.90","9,128.30","1.11B","0.51%"
"02/27/2026","9,198.60","9,175.30","9,198.60","9,158.40","1.14B","0.25%"
"03/02/2026","9,200.90","9,198.60","9,200.90","9,119.70","769.22M","0.03%"
"03/03/2026","9,077.30","9,200.90","9,200.90","9,062.60","768.70M","-1.34%"
"03/04/2026","8,901.20","9,077.30","9,077.30","8,878.80","857.88M","-1.94%"
"03/05/2026","8,940.30","8,901.20","8,964.10","8,901.20","819.61M","0.44%"
"03/06/2026","8,851.00","8,940.30","8,940.30","8,811.60","770.65M","-1.00%"
"03/09/2026","8,599.00","8,851.00","8,851.00","8,457.20","1.03B","-2.85%"
"03/10/2026","8,692.60","8,599.00","8,750.60","8,599.00","777.66M","1.09%"
"03/11/2026","8,743.50","8,692.60","8,759.50","8,692.60","832.39M","0.59%"
"03/12/2026","8,629.00","8,743.50","8,743.50","8,596.50","948.47M","-1.31%"
"03/13/2026","8,617.10","8,629.00","8,664.60","8,585.70","721.20M","-0.14%"
"03/16/2026","8,583.40","8,617.10","8,617.50","8,563.30","743.28M","-0.39%"
"03/17/2026","8,614.30","8,583.40","8,632.60","8,576.60","711.63M","0.36%"
"03/18/2026","8,640.60","8,614.30","8,654.50","8,602.00","721.06M","0.31%"
"03/19/2026","8,497.80","8,640.60","8,640.60","8,485.20","1.03B","-1.65%"
"03/20/2026","8,428.40","8,497.80","8,497.80","8,427.20","2.39B","-0.82%"
"03/23/2026","8,365.90","8,428.40","8,428.40","8,262.40","915.89M","-0.74%"
"03/24/2026","8,379.40","8,365.90","8,504.60","8,365.90","929.68M","0.16%"
"03/25/2026","8,534.30","8,379.40","8,564.20","8,379.40","924.32M","1.85%"
"03/26/2026","8,525.70","8,534.30","8,558.70","8,503.40","756.70M","-0.10%"
"03/27/2026","8,516.30","8,525.70","8,525.70","8,455.70","688.00M","-0.11%"
"03/30/2026","8,461.00","8,516.30","8,516.30","8,379.30","768.02M","-0.65%"
"03/31/2026","8,481.80","8,461.00","8,549.00","8,410.60","952.98M","0.25%"
"04/01/2026","8,671.80","8,481.80","8,671.80","8,481.80","861.38M","2.24%"
"04/02/2026","8,579.50","8,671.80","8,723.30","8,566.80","884.49M","-1.06%"
"04/07/2026","8,728.80","8,579.50","8,804.00","8,579.50","660.82M","1.74%"
"04/08/2026","8,951.80","8,728.80","8,986.10","8,728.80","1.08B","2.55%"
"04/09/2026","8,973.20","8,951.80","8,973.20","8,904.90","725.46M","0.24%"
"04/10/2026","8,960.60","8,973.20","8,973.20","8,905.20","609.22M","-0.14%"
"04/13/2026","8,926.00","8,960.60","8,960.60","8,889.60","660.29M","-0.39%"
"04/14/2026","8,970.80","8,926.00","9,021.50","8,926.00","641.84M","0.50%"
"04/15/2026","8,978.70","8,970.80","9,015.40","8,970.80","691.51M","0.09%"
"04/16/2026","8,955.00","8,978.70","9,017.20","8,937.30","728.11M","-0.26%"
"04/17/2026","8,946.90","8,955.00","8,955.00","8,902.40","777.06M","-0.09%"
"04/20/2026","8,953.30","8,946.90","8,955.00","8,898.40","629.62M","0.07%"
"04/21/2026","8,949.40","8,953.30","8,976.10","8,911.50","793.78M","-0.04%"
"04/22/2026","8,843.60","8,949.40","8,949.40","8,838.70","946.57M","-1.18%"
"04/23/2026","8,793.40","8,843.60","8,843.60","8,747.80","700.40M","-0.57%"
"04/24/2026","8,786.50","8,793.40","8,798.60","8,736.90","612.95M","-0.08%"
"04/27/2026","8,766.40","8,786.50","8,786.50","8,729.60","449.19M","-0.23%"
"04/28/2026","8,710.70","8,766.40","8,766.40","8,693.40","624.19M","-0.64%"
"04/29/2026","8,687.00","8,710.70","8,710.70","8,659.10","661.63M","-0.27%"
"04/30/2026","8,665.80","8,687.00","8,687.00","8,632.20","844.83M","-0.24%"
"05/01/2026","8,729.80","8,665.80","8,764.10","8,665.80","567.52M","0.74%"
"05/04/2026","8,697.10","8,729.80","8,738.10","8,675.40","467.49M","-0.37%"
"05/05/2026","8,680.50","8,697.10","8,697.10","8,621.60","551.21M","-0.19%"
"05/06/2026","8,793.60","8,680.50","8,794.70","8,680.50","748.57M","1.30%"
"05/07/2026","8,878.10","8,793.60","8,887.90","8,793.60","991.79M","0.96%"
"05/08/2026","8,744.40","8,878.10","8,878.10","8,717.60","665.25M","-1.51%"
"05/11/2026","8,701.80","8,744.40","8,744.40","8,643.50","599.72M","-0.49%"
"05/12/2026","8,670.70","8,701.80","8,713.40","8,619.10","724.28M","-0.36%"
"05/13/2026","8,630.40","8,670.70","8,670.70","8,590.70","639.22M","-0.46%"
"05/14/2026","8,640.70","8,630.40","8,644.50","8,602.90","608.80M","0.12%"
"05/15/2026","8,630.80","8,640.70","8,691.90","8,610.30","626.85M","-0.11%"
"05/18/2026","8,505.30","8,630.80","8,630.80","8,500.20","664.56M","-1.45%"
"05/19/2026","8,604.70","8,505.30","8,607.70","8,505.30","746.19M","1.17%"
"05/20/2026","8,496.60","8,604.70","8,604.70","8,485.20","738.82M","-1.26%"
"05/21/2026","8,621.70","8,496.60","8,649.70","8,496.60","668.64M","1.47%"
"05/22/2026","8,657.00","8,621.70","8,674.50","8,621.70","686.64M","0.41%"
"05/25/2026","8,692.00","8,657.00","8,713.00","8,644.70","554.58M","0.40%"
"05/26/2026","8,657.80","8,692.00","8,692.00","8,628.90","625.34M","-0.39%"
"05/27/2026","8,717.70","8,657.80","8,717.70","8,625.80","628.60M","0.69%"
"05/28/2026","8,592.90","8,717.70","8,717.70","8,561.80","691.87M","-1.43%"
"05/29/2026","8,731.70","8,592.90","8,731.70","8,592.90","1.88B","1.62%"
"06/01/2026","8,729.40","8,731.70","8,736.50","8,697.30","634.38M","-0.03%"
"06/02/2026","8,724.40","8,729.40","8,729.40","8,625.80","803.98M","-0.06%"
"06/03/2026","8,785.70","8,724.40","8,810.50","8,724.40","720.42M","0.70%"
"06/04/2026","8,686.10","8,785.70","8,785.70","8,652.20","675.40M","-1.13%"
"06/05/2026","8,625.10","8,686.10","8,705.10","8,613.60","616.37M","-0.70%"
"06/09/2026","8,604.20","8,625.10","8,625.10","8,490.90","880.92M","-0.24%"
"06/10/2026","8,653.30","8,604.20","8,670.20","8,585.50","814.39M","0.57%"
"06/11/2026","8,633.20","8,653.30","8,670.20","8,555.30","859.25M","-0.23%"
"06/12/2026","8,804.00","8,633.20","8,809.30","8,633.20","696.14M","1.98%"
"06/15/2026","8,914.00","8,804.00","8,937.50","8,804.00","938.49M","1.25%"
"06/16/2026","8,917.70","8,914.00","8,917.70","8,834.00","724.49M","0.04%"
"06/17/2026","8,966.30","8,917.70","8,976.80","8,888.10","694.55M","0.54%"
"06/18/2026","8,911.10","8,966.30","8,983.80","8,911.10","803.85M","-0.62%"
"06/19/2026","8,828.70","8,911.10","8,911.10","8,802.60","1.94B","-0.92%"
"06/22/2026","8,816.10","8,828.70","8,851.80","8,793.80","672.15M","-0.14%"
"06/23/2026","8,787.00","8,816.10","8,849.90","8,777.80","788.94M","-0.33%"
"06/24/2026","8,808.40","8,787.00","8,823.20","8,784.40","911.04M","0.24%"
"06/25/2026","8,748.70","8,808.40","8,808.40","8,748.70","909.58M","-0.68%"
"06/26/2026","8,764.20","8,748.70","8,774.50","8,708.10","813.27M","0.18%"
"06/29/2026","8,823.40","8,764.20","8,823.40","8,764.20","718.58M","0.68%"
"06/30/2026","8,778.70","8,823.40","8,836.40","8,778.70","905.70M","-0.51%"
"07/01/2026","8,722.90","8,778.70","8,795.80","8,711.40","806.04M","-0.64%"
"07/02/2026","8,724.50","8,722.90","8,729.40","8,656.20","840.51M","0.02%"
"07/03/2026","8,844.40","8,724.50","8,853.80","8,724.50","605.97M","1.37%"
"07/06/2026","8,831.00","8,844.40","8,856.80","8,817.50","553.01M","-0.15%"
"07/07/2026","8,803.90","8,831.00","8,843.30","8,786.90","702.63M","-0.31%"
"07/08/2026","8,785.10","8,803.90","8,803.90","8,676.70","929.40M","-0.21%"
"07/09/2026","8,762.50","8,785.10","8,785.10","8,700.50","689.02M","-0.26%"
"07/10/2026","8,806.00","8,762.50","8,821.60","8,748.60","572.93M","0.50%"
"07/13/2026","8,808.50","8,806.00","8,823.20","8,769.80","588.65M","0.03%"
"07/14/2026","8,808.50","8,808.50","8,808.50","8,758.60","576.72M","0.00%"
"07/15/2026","8,841.10","8,808.50","8,872.60","8,808.50","586.77M","0.37%"
"07/16/2026","8,840.70","8,841.10","8,856.20","8,808.10","611.17M","0.00%"
"07/17/2026","8,796.70","8,840.70","8,840.70","8,758.10","674.96M","-0.50%"
"07/20/2026","8,791.30","8,796.70","8,836.20","8,791.30","573.04M","-0.06%"
"07/21/2026","8,793.30","8,791.30","8,803.30","8,733.00","669.47M","0.02%"
"07/22/2026","8,823.00","8,793.30","8,841.60","8,793.30","648.79M","0.34%"
"07/23/2026","8,839.00","8,823.00","8,926.30","8,823.00","705.13M","0.18%"
"07/24/2026","8,772.30","8,839.00","8,839.00","8,740.50","684.81M","-0.75%"
"07/27/2026","8,894.00","8,772.30","8,894.00","8,772.30","552.36M","1.39%"
"07/28/2026","8,947.80","8,894.00","8,947.80","8,856.60","657.96M","0.60%"
"07/29/2026","9,038.60","8,947.80","9,086.10","8,947.80","781.94M","1.01%"
"07/30/2026","8,967.70","9,038.60","9,038.60","8,951.30","693.82M","-0.78%"
"07/31/2026","8,976.80","8,967.70","9,059.80","8,967.70","802.10M","0.10%"
"08/03/2026","9,019.30","8,976.80","9,019.30","8,940.40","510.17M","0.47%"
"08/04/2026","9,145.80","9,019.30","9,145.80","9,019.30","705.37M","1.40%"
"08/05/2026","9,227.80","9,145.80","9,230.00","9,138.00","708.04M","0.90%"
"08/06/2026","9,271.60","9,227.80","9,296.70","9,227.80","730.50M","0.47%"
"08/07/2026","9,263.60","9,271.60","9,274.70","9,216.70","645.14M","-0.09%"
"08/10/2026","9,232.60","9,263.60","9,267.30","9,204.50","618.22M","-0.33%"
"08/11/2026","9,250.60","9,232.60","9,282.90","9,232.60","686.22M","0.19%"
"08/12/2026","9,209.40","9,250.60","9,250.60","9,185.50","624.42M","-0.45%"
"08/13/2026","9,188.50","9,209.40","9,209.40","9,141.30","736.61M","-0.23%"
"08/14/2026","9,115.20","9,188.50","9,188.50","9,090.50","670.42M","-0.80%"
"08/17/2026","9,073.20","9,115.20","9,115.20","9,065.10","739.72M","-0.46%"
"08/18/2026","9,070.00","9,073.20","9,106.60","9,054.50","815.11M","-0.04%"
"08/19/2026","9,053.80","9,070.00","9,070.00","9,019.50","868.51M","-0.18%"
"08/20/2026","9,083.80","9,053.80","9,111.20","9,053.80","974.14M","0.33%"
"08/21/2026","9,058.90","9,083.80","9,083.80","9,045.00","865.64M","-0.27%"
"08/24/2026","9,103.10","9,058.90","9,131.30","9,058.90","845.48M","0.49%"
"08/25/2026","9,164.60","9,103.10","9,179.90","9,103.10","846.17M","0.68%"
"08/26/2026","9,127.80","9,164.60","9,220.60","9,127.80","856.98M","-0.40%"
"08/27/2026","9,038.20","9,127.80","9,127.80","9,028.30","927.68M","-0.98%"
"08/28/2026","9,092.30","9,038.20","9,092.30","9,038.20","698.76M","0.60%"
"08/31/2026","9,076.00","9,092.30","9,122.70","9,055.80","1.57B","-0.18%"
"09/01/2026","9,066.70","9,076.00","9,076.00","9,023.80","801.14M","-0.10%"
"09/02/2026","8,978.40","9,066.70","9,066.70","8,935.10","886.43M","-0.97%"
"09/03/2026","9,020.10","8,978.40","9,027.90","8,970.30","785.35M","0.46%"
"09/04/2026","9,005.90","9,020.10","9,070.20","8,997.50","831.64M","-0.16%"
"09/07/2026","9,010.90","9,005.90","9,044.50","8,999.40","560.29M","0.06%"
"09/08/2026","8,920.80","9,010.90","9,010.90","8,914.50","602.51M","-1.00%"
"09/09/2026","8,911.40","8,920.80","8,951.00","8,888.80","679.42M","-0.11%"
"09/10/2026","8,819.40","8,911.40","8,911.40","8,742.60","836.90M","-1.03%"
"09/11/2026","8,741.20","8,819.40","8,819.40","8,699.80","704.40M","-0.89%"