"Date","Price","Open","High","Low","Vol.","Change %"
"09/11/2026","17.28","18.81","18.82","17.26","","-8.59%"
"09/10/2026","18.90","18.25","19.35","17.91","","2.64%"
"09/09/2026","18.41","16.72","18.68","16.72","","12.30%"
"09/08/2026","16.40","16.53","17.05","16.33","","0.18%"
"09/07/2026","16.37","16.10","16.43","16.04","","5.45%"
"09/04/2026","15.52","16.44","16.44","15.50","","-5.91%"
"09/03/2026","16.50","17.42","17.44","16.50","","-5.38%"
"09/02/2026","17.43","17.63","18.78","17.43","","0.05%"
"09/01/2026","17.42","16.68","17.79","16.43","","4.73%"
"08/31/2026","16.64","16.23","16.78","16.14","","8.00%"
"08/28/2026","15.41","16.38","16.40","15.34","","-5.86%"
"08/27/2026","16.36","15.98","16.54","15.89","","2.10%"
"08/26/2026","16.03","16.37","16.41","15.91","","-1.41%"
"08/25/2026","16.26","16.46","16.46","16.15","","-0.96%"
"08/24/2026","16.42","16.82","16.82","16.36","","2.06%"
"08/21/2026","16.08","17.09","17.09","16.06","","-5.45%"
"08/20/2026","17.01","16.45","17.64","16.38","","3.67%"
"08/19/2026","16.41","17.01","17.04","16.38","","-3.09%"
"08/18/2026","16.93","16.16","16.98","16.12","","7.29%"
"08/17/2026","15.78","15.68","16.07","15.43","","2.51%"
"08/14/2026","15.39","15.57","15.57","14.96","","-0.64%"
"08/13/2026","15.49","15.82","15.83","15.34","","-1.89%"
"08/12/2026","15.79","15.88","16.12","15.69","","-0.73%"
"08/11/2026","15.91","15.94","16.32","15.66","","1.02%"
"08/10/2026","15.75","16.02","16.05","15.75","","2.31%"
"08/07/2026","15.39","15.89","15.90","15.39","","-2.83%"
"08/06/2026","15.84","15.97","16.29","15.78","","-2.81%"
"08/05/2026","16.30","16.30","16.55","16.16","","0.58%"
"08/04/2026","16.21","16.30","16.48","16.06","","-0.68%"
"08/03/2026","16.32","17.47","17.47","16.27","","-5.53%"
"07/31/2026","17.27","17.73","18.14","16.84","","-4.70%"
"07/30/2026","18.12","18.97","19.01","17.72","","-4.64%"
"07/29/2026","19.00","18.26","19.28","18.25","","5.23%"
"07/28/2026","18.06","18.74","19.04","18.05","","-4.00%"
"07/27/2026","18.81","19.15","19.15","17.44","","2.44%"
"07/24/2026","18.36","19.84","19.85","18.32","","-11.52%"
"07/23/2026","20.75","17.96","20.77","17.96","","18.59%"
"07/22/2026","17.50","17.51","17.96","17.12","","1.48%"
"07/21/2026","17.25","17.77","17.94","17.17","","-4.14%"
"07/20/2026","17.99","18.77","18.91","17.90","","0.59%"
"07/17/2026","17.89","18.03","18.99","17.83","","3.74%"
"07/16/2026","17.24","17.60","18.50","17.23","","-4.46%"
"07/15/2026","18.05","18.13","18.49","17.87","","-0.05%"
"07/14/2026","18.06","18.60","19.23","17.98","","0.06%"
"07/13/2026","18.04","18.00","18.30","17.76","","5.37%"
"07/10/2026","17.12","17.76","17.87","16.94","","-4.12%"
"07/09/2026","17.86","19.00","19.34","17.84","","-13.26%"
"07/08/2026","20.59","17.81","20.62","17.75","","20.24%"
"07/07/2026","17.13","16.35","17.16","16.21","","5.67%"
"07/06/2026","16.21","16.49","16.52","16.21","","2.18%"
"07/03/2026","15.86","16.13","16.25","15.79","","-2.04%"
"07/02/2026","16.19","16.30","16.50","15.77","","0.92%"
"07/01/2026","16.04","16.81","16.92","16.04","","-3.11%"
"06/30/2026","16.56","17.08","17.30","16.52","","-4.92%"
"06/29/2026","17.41","18.02","18.25","17.37","","-3.04%"
"06/26/2026","17.96","17.66","18.57","17.54","","3.50%"
"06/25/2026","17.35","17.29","17.71","16.71","","0.00%"
"06/24/2026","17.35","17.97","18.19","17.34","","-3.00%"
"06/23/2026","17.89","17.27","18.32","17.18","","10.41%"
"06/22/2026","16.20","16.83","16.83","16.03","","0.12%"
"06/19/2026","16.18","16.42","16.53","15.98","","-0.61%"
"06/18/2026","16.28","16.68","17.01","16.27","","-1.78%"
"06/17/2026","16.58","16.11","16.76","15.81","","2.28%"
"06/16/2026","16.21","16.59","16.59","16.05","","-3.31%"
"06/15/2026","16.76","18.55","18.61","16.74","","-10.58%"
"06/12/2026","18.75","20.25","20.25","18.63","","-10.00%"
"06/11/2026","20.83","21.04","21.05","20.20","","-1.24%"
"06/10/2026","21.09","20.21","21.93","20.09","","4.49%"
"06/09/2026","20.18","18.93","20.18","18.65","","6.05%"
"06/08/2026","19.03","19.21","20.43","18.93","","3.60%"
"06/05/2026","18.37","18.73","18.90","18.04","","-0.64%"
"06/04/2026","18.49","18.84","19.04","18.44","","-2.05%"
"06/03/2026","18.88","18.65","19.33","18.52","","1.63%"
"06/02/2026","18.57","19.21","19.21","18.38","","-3.32%"
"06/01/2026","19.21","18.88","19.49","18.04","","3.79%"
"05/29/2026","18.51","18.82","18.91","18.25","","-2.29%"
"05/28/2026","18.94","19.25","19.50","18.94","","-1.19%"
"05/27/2026","19.17","19.32","19.51","18.99","","-1.94%"
"05/26/2026","19.55","19.46","19.80","19.19","","0.64%"
"05/25/2026","19.43","20.84","20.95","19.34","","-6.66%"
"05/22/2026","20.81","21.34","21.44","20.66","","-3.26%"
"05/21/2026","21.51","21.85","22.52","21.12","","-2.77%"
"05/20/2026","22.13","22.49","22.84","22.06","","-1.64%"
"05/19/2026","22.50","23.48","23.48","21.76","","-2.24%"
"05/18/2026","23.01","23.34","23.59","22.39","","1.87%"
"05/15/2026","22.59","21.49","22.95","21.49","","6.03%"
"05/14/2026","21.31","21.59","21.59","20.94","","-2.06%"
"05/13/2026","21.75","22.55","22.63","21.73","","-6.45%"
"05/12/2026","23.26","22.56","23.38","22.39","","6.70%"
"05/11/2026","21.80","23.13","23.13","21.79","","-2.68%"
"05/08/2026","22.40","21.98","22.62","21.81","","3.13%"
"05/07/2026","21.72","20.74","21.75","20.53","","3.74%"
"05/06/2026","20.93","22.73","22.80","20.89","","-9.82%"
"05/05/2026","23.21","23.83","23.91","23.20","","-5.10%"
"05/04/2026","24.46","23.58","24.64","22.28","","8.95%"
"04/30/2026","22.45","23.63","23.69","22.28","","-2.34%"
"04/29/2026","22.99","23.24","23.49","22.74","","-2.11%"
"04/28/2026","23.48","23.67","24.45","23.20","","-0.86%"
"04/27/2026","23.69","23.72","23.82","22.75","","1.72%"
"04/24/2026","23.29","23.18","24.23","22.61","","0.75%"
"04/23/2026","23.11","23.12","23.93","22.93","","0.77%"
"04/22/2026","22.94","23.90","23.90","22.45","","-3.44%"
"04/21/2026","23.75","22.26","23.79","21.83","","6.08%"
"04/20/2026","22.39","20.96","22.61","20.86","","15.26%"
"04/17/2026","19.43","21.13","21.13","19.04","","-8.94%"
"04/16/2026","21.33","20.53","21.50","20.02","","3.66%"
"04/15/2026","20.58","20.38","21.04","20.09","","0.83%"
"04/14/2026","20.41","22.23","22.23","20.39","","-9.48%"
"04/13/2026","22.55","23.77","24.26","22.54","","2.46%"
"04/10/2026","22.01","22.95","22.97","21.67","","-5.65%"
"04/09/2026","23.32","24.08","24.70","23.28","","-3.18%"
"04/08/2026","24.09","31.39","31.90","23.05","","-21.60%"
"04/07/2026","30.73","29.19","31.24","26.84","","10.90%"
"04/02/2026","27.71","27.06","29.84","27.06","","5.20%"
"04/01/2026","26.34","30.01","30.22","26.21","","-12.00%"
"03/31/2026","29.93","32.08","32.08","29.70","","-7.43%"
"03/30/2026","32.33","34.76","34.76","32.33","","-4.25%"
"03/27/2026","33.77","32.62","34.01","32.50","","3.80%"
"03/26/2026","32.53","31.26","32.59","30.98","","6.13%"
"03/25/2026","30.65","30.87","31.28","28.93","","-1.42%"
"03/24/2026","31.10","32.05","33.05","30.61","","-2.83%"
"03/23/2026","32.00","33.52","35.58","28.68","","2.28%"
"03/20/2026","31.29","29.41","32.21","27.39","","6.77%"
"03/19/2026","29.30","26.68","32.14","26.68","","11.33%"
"03/18/2026","26.32","25.29","27.68","23.59","","3.11%"
"03/17/2026","25.52","27.08","27.11","24.95","","-5.42%"
"03/16/2026","26.99","29.40","29.46","26.30","","-7.16%"
"03/13/2026","29.07","29.08","30.46","27.16","","0.78%"
"03/12/2026","28.84","28.46","29.99","26.91","","2.10%"
"03/11/2026","28.25","25.57","28.43","25.56","","10.88%"
"03/10/2026","25.48","28.19","28.19","24.57","","-10.57%"
"03/09/2026","28.49","31.47","32.95","28.03","","0.42%"
"03/06/2026","28.37","26.33","30.57","25.05","","7.88%"
"03/05/2026","26.29","23.11","26.30","21.93","","15.64%"
"03/04/2026","22.74","26.44","26.53","22.63","","-15.58%"
"03/03/2026","26.93","22.23","28.19","22.23","","26.22%"
"03/02/2026","21.34","20.57","23.07","20.56","","15.12%"
"02/27/2026","18.54","18.06","19.99","17.58","","3.35%"
"02/26/2026","17.94","17.58","18.48","16.79","","2.20%"
"02/25/2026","17.55","18.53","18.55","17.49","","-5.44%"
"02/24/2026","18.56","19.37","19.69","18.56","","-2.34%"
"02/23/2026","19.00","18.99","19.45","17.96","","4.78%"
"02/20/2026","18.14","19.09","19.28","17.90","","-6.63%"
"02/19/2026","19.42","18.13","20.32","17.98","","9.37%"
"02/18/2026","17.76","18.44","18.71","17.50","","-7.34%"
"02/17/2026","19.17","20.01","20.91","19.01","","-2.71%"
"02/16/2026","19.70","19.71","19.79","19.05","","2.84%"
"02/13/2026","19.16","19.76","20.59","19.00","","-2.31%"
"02/12/2026","19.61","17.10","19.61","16.88","","11.53%"
"02/11/2026","17.58","17.91","18.47","17.29","","-0.05%"
"02/10/2026","17.59","17.76","17.79","17.22","","0.30%"
"02/09/2026","17.54","18.75","19.19","17.47","","-7.21%"
"02/06/2026","18.90","20.88","21.03","18.88","","-9.47%"
"02/05/2026","20.88","19.00","21.75","18.89","","10.62%"
"02/04/2026","18.87","17.96","19.09","17.91","","3.74%"
"02/03/2026","18.19","17.28","18.56","17.08","","1.25%"
"02/02/2026","17.97","21.06","21.18","17.87","","-8.41%"
"01/30/2026","19.62","19.87","20.17","19.18","","-0.22%"
"01/29/2026","19.66","17.50","20.11","17.05","","10.78%"
"01/28/2026","17.75","16.92","17.81","16.78","","5.83%"
"01/27/2026","16.77","17.07","17.23","16.67","","-2.02%"
"01/26/2026","17.12","18.20","18.33","17.11","","-1.51%"
"01/23/2026","17.38","17.12","17.74","17.01","","1.96%"
"01/22/2026","17.05","17.54","17.54","16.66","","-8.94%"
"01/21/2026","18.72","19.88","21.71","18.50","","-5.36%"
"01/20/2026","19.78","20.29","21.82","19.65","","2.04%"
"01/19/2026","19.39","18.30","19.51","18.22","","20.34%"
"01/16/2026","16.11","15.46","16.17","15.23","","5.23%"
"01/15/2026","15.31","16.38","16.38","15.30","","-11.37%"
"01/14/2026","17.27","16.52","17.57","16.50","","4.80%"
"01/13/2026","16.48","16.29","16.73","15.95","","0.79%"
"01/12/2026","16.35","16.68","16.78","16.31","","3.31%"
"01/09/2026","15.83","15.70","15.91","15.54","","-0.23%"
"01/08/2026","15.86","15.77","16.24","15.73","","1.35%"
"01/07/2026","15.65","15.35","15.70","15.29","","2.53%"
"01/06/2026","15.27","15.31","15.38","15.01","","-0.37%"
"01/05/2026","15.32","15.37","15.73","15.21","","1.56%"
"01/02/2026","15.09","15.24","15.55","15.06","","2.06%"
"12/30/2025","14.78","15.06","15.07","14.72","","-1.45%"
"12/29/2025","15.00","15.09","15.25","15.00","","10.16%"
"12/23/2025","13.62","13.90","14.08","13.53","","-3.05%"
"12/22/2025","14.05","14.66","14.68","14.05","","-2.25%"
"12/19/2025","14.37","15.27","15.30","14.36","","-6.73%"
"12/18/2025","15.41","15.91","16.08","15.40","","-2.81%"
"12/17/2025","15.85","15.24","16.10","14.72","","2.53%"
"12/16/2025","15.46","15.40","15.73","15.25","","2.97%"
"12/15/2025","15.01","15.82","15.82","15.01","","-4.36%"
"12/12/2025","15.70","14.62","15.94","14.36","","3.99%"
"12/11/2025","15.10","16.30","16.30","14.95","","-7.69%"
"12/10/2025","16.35","16.34","16.87","16.29","","0.89%"
"12/09/2025","16.21","16.17","16.70","16.00","","-0.54%"
"12/08/2025","16.30","16.42","16.50","16.15","","2.22%"
"12/05/2025","15.94","15.98","15.98","15.52","","-2.26%"
"12/04/2025","16.31","16.75","16.77","16.28","","-3.67%"
"12/03/2025","16.93","16.83","17.51","16.65","","-2.23%"
"12/02/2025","17.32","17.48","17.51","16.94","","-2.10%"
"12/01/2025","17.69","18.15","18.55","17.60","","2.77%"
"11/28/2025","17.21","17.88","17.89","17.16","","-3.56%"
"11/27/2025","17.85","18.27","18.27","17.52","","-2.91%"
"11/26/2025","18.38","19.35","19.41","18.36","","-6.80%"
"11/25/2025","19.73","20.83","20.99","19.69","","-7.06%"
"11/24/2025","21.22","23.35","23.40","21.10","","-9.40%"
"11/21/2025","23.43","23.29","25.72","22.27","","8.48%"
"11/20/2025","21.59","22.03","22.03","19.71","","-5.95%"
"11/19/2025","22.96","23.34","23.56","21.70","","-1.59%"
"11/18/2025","23.33","22.41","24.44","21.85","","13.81%"
"11/17/2025","20.50","19.28","20.78","19.03","","7.06%"
"11/14/2025","19.15","18.63","21.56","18.63","","3.61%"
"11/13/2025","18.48","17.68","18.50","17.36","","3.84%"
"11/12/2025","17.80","18.12","18.12","17.50","","-2.05%"
"11/11/2025","18.17","18.65","18.70","18.12","","-4.12%"
"11/10/2025","18.95","21.15","21.15","18.69","","-12.97%"
"11/07/2025","21.78","19.50","21.85","19.31","","9.54%"
"11/06/2025","19.88","18.55","20.04","18.02","","8.87%"
"11/05/2025","18.26","19.30","19.59","17.81","","-1.69%"
"11/04/2025","18.58","19.51","20.50","18.29","","2.83%"
"11/03/2025","18.06","18.41","18.42","17.37","","1.90%"
"10/31/2025","17.73","17.20","18.01","16.83","","3.59%"
"10/30/2025","17.11","17.22","17.47","16.65","","-0.47%"
"10/29/2025","17.19","16.73","17.27","16.68","","4.39%"
"10/28/2025","16.47","16.82","16.87","16.33","","0.13%"
"10/27/2025","16.45","16.92","16.92","16.21","","-0.78%"
"10/24/2025","16.58","16.93","17.39","16.55","","-3.74%"
"10/23/2025","17.22","17.45","18.02","17.21","","1.56%"
"10/21/2025","16.96","17.32","17.49","16.81","","-1.70%"
"10/20/2025","17.25","20.29","20.29","17.17","","-13.42%"
"10/17/2025","19.92","20.53","23.58","19.22","","7.18%"
"10/16/2025","18.59","18.51","19.39","18.07","","-0.49%"
"10/15/2025","18.68","19.34","19.34","18.36","","-5.57%"
"10/14/2025","19.78","19.94","21.55","19.71","","4.24%"
"10/13/2025","18.98","19.74","19.74","18.67","","4.13%"
"10/10/2025","18.22","16.54","18.22","16.28","","10.14%"
"10/09/2025","16.55","16.56","16.73","16.15","","-0.57%"
"10/08/2025","16.64","17.22","17.22","16.43","","-3.41%"
"10/07/2025","17.23","17.01","17.55","16.94","","2.17%"
"10/06/2025","16.86","16.57","17.52","16.55","","6.26%"
"10/03/2025","15.87","16.52","16.58","15.86","","-3.37%"
"10/02/2025","16.42","16.02","16.72","15.89","","2.29%"
"10/01/2025","16.05","16.53","16.82","16.02","","-0.61%"
"09/30/2025","16.15","16.44","16.66","16.09","","-0.39%"
"09/29/2025","16.22","16.77","16.88","16.14","","-1.28%"
"09/26/2025","16.43","17.00","17.05","16.43","","-4.64%"
"09/25/2025","17.23","17.19","17.75","16.69","","2.91%"
"09/24/2025","16.74","16.98","17.16","16.59","","0.97%"
"09/23/2025","16.58","16.74","16.80","16.41","","-1.06%"
"09/22/2025","16.76","16.54","17.22","16.52","","6.33%"
"09/19/2025","15.76","15.83","15.83","15.42","","0.50%"
"09/18/2025","15.68","16.51","16.51","15.39","","-7.90%"
"09/17/2025","17.03","16.79","17.27","16.62","","-0.28%"
"09/16/2025","17.08","15.87","17.17","15.79","","10.22%"
"09/15/2025","15.49","15.55","15.76","15.30","","1.41%"
"09/12/2025","15.28","15.67","16.00","15.07","","-2.81%"
"09/11/2025","15.72","16.59","16.61","15.43","","-5.41%"
"09/10/2025","16.62","16.30","16.92","16.14","","0.49%"
"09/09/2025","16.54","16.75","17.04","16.36","","-0.36%"
"09/08/2025","16.60","17.45","17.45","16.53","","-4.44%"
"09/05/2025","17.37","16.85","17.77","16.11","","3.05%"
"09/04/2025","16.85","17.69","17.77","16.80","","-4.86%"
"09/03/2025","17.71","18.55","18.60","17.62","","-6.58%"
"09/02/2025","18.96","17.52","19.12","17.36","","12.38%"
"09/01/2025","16.87","17.38","17.38","16.80","","0.34%"
"08/29/2025","16.82","16.37","16.91","16.04","","3.77%"
"08/28/2025","16.21","17.08","17.35","16.21","","-6.31%"
"08/27/2025","17.30","17.07","17.79","16.86","","1.25%"
"08/26/2025","17.08","17.63","17.89","16.68","","2.60%"
"08/25/2025","16.65","16.33","16.66","15.64","","5.88%"
"08/22/2025","15.73","17.48","17.57","15.62","","-8.54%"
"08/21/2025","17.20","17.22","17.49","17.05","","-1.04%"
"08/20/2025","17.38","17.18","17.60","17.04","","4.81%"
"08/19/2025","16.58","17.26","17.26","16.43","","-3.85%"
"08/18/2025","17.24","17.16","17.40","17.07","","2.45%"
"08/15/2025","16.83","16.87","17.20","16.63","","-1.08%"
"08/14/2025","17.01","16.93","17.45","16.66","","0.29%"
"08/13/2025","16.96","17.24","17.24","16.86","","-2.92%"
"08/12/2025","17.47","18.49","18.89","17.41","","-5.46%"
"08/11/2025","18.48","18.50","18.74","18.23","","2.33%"
"08/08/2025","18.06","18.52","18.52","17.78","","-2.92%"
"08/07/2025","18.60","18.55","18.77","18.09","","-2.06%"
"08/06/2025","19.00","18.98","19.25","18.65","","-2.70%"
"08/05/2025","19.52","19.35","20.13","18.83","","-1.87%"
"08/04/2025","19.89","22.04","22.04","19.70","","-9.62%"
"08/01/2025","22.01","18.82","22.68","18.79","","23.18%"
"07/31/2025","17.87","16.73","18.04","16.44","","4.99%"
"07/30/2025","17.02","17.58","17.71","16.73","","-1.90%"
"07/29/2025","17.35","17.41","17.41","16.89","","-3.44%"
"07/28/2025","17.97","17.89","18.21","16.81","","-0.89%"
"07/25/2025","18.13","18.42","18.72","18.06","","1.00%"
"07/24/2025","17.95","18.79","19.05","17.73","","-3.94%"
"07/23/2025","18.68","18.30","18.87","18.21","","-3.93%"
"07/22/2025","19.45","18.37","19.78","18.34","","7.19%"
"07/21/2025","18.14","18.55","18.97","18.12","","-0.20%"
"07/18/2025","18.18","17.72","18.19","17.26","","2.25%"
"07/17/2025","17.78","18.83","18.83","17.78","","-8.27%"
"07/16/2025","19.38","18.95","19.44","18.24","","5.58%"
"07/15/2025","18.36","18.24","18.44","17.52","","-0.43%"
"07/14/2025","18.44","19.13","19.38","18.41","","3.76%"
"07/11/2025","17.77","17.32","18.18","17.30","","6.28%"
"07/10/2025","16.72","17.02","17.08","16.72","","-3.12%"
"07/09/2025","17.26","17.53","17.53","16.95","","-2.36%"
"07/08/2025","17.67","18.50","18.50","17.65","","-5.34%"
"07/07/2025","18.67","19.63","19.64","18.61","","-3.29%"
"07/04/2025","19.31","18.26","19.54","18.24","","8.08%"
"07/03/2025","17.86","18.59","18.78","17.86","","-3.60%"
"07/02/2025","18.53","18.53","18.76","18.21","","0.33%"
"07/01/2025","18.47","18.37","18.70","18.21","","0.39%"
"06/30/2025","18.40","18.64","18.73","18.26","","1.59%"
"06/27/2025","18.11","18.70","18.70","17.96","","-5.83%"
"06/26/2025","19.23","19.46","19.78","18.88","","-2.49%"
"06/25/2025","19.72","19.55","19.77","19.19","","-0.45%"
"06/24/2025","19.81","22.01","22.01","19.69","","-13.43%"
"06/23/2025","22.88","23.84","24.14","22.68","","-1.03%"
"06/20/2025","23.12","25.23","25.23","21.94","","-10.01%"
"06/19/2025","25.69","23.78","25.71","23.60","","8.95%"
"06/18/2025","23.58","23.57","24.65","23.05","","1.14%"
"06/17/2025","23.32","22.60","23.83","22.60","","7.14%"
"06/16/2025","21.76","23.30","23.30","21.60","","-6.80%"
"06/13/2025","23.35","22.16","23.98","22.16","","9.83%"
"06/12/2025","21.26","20.01","21.92","20.01","","11.78%"
"06/11/2025","19.02","19.55","19.71","18.91","","-2.59%"
"06/10/2025","19.53","19.22","19.88","19.11","","2.40%"
"06/09/2025","19.07","19.58","19.84","19.05","","1.33%"
"06/06/2025","18.82","20.12","20.14","18.70","","-1.81%"
"06/05/2025","19.17","19.65","20.22","19.10","","-3.10%"
"06/04/2025","19.78","19.76","20.23","19.21","","-1.34%"
"06/03/2025","20.05","21.31","22.01","20.02","","-6.28%"
"06/02/2025","21.39","21.58","22.40","21.28","","4.24%"
"05/30/2025","20.52","20.40","20.71","19.85","","1.40%"
"05/29/2025","20.24","20.45","20.77","19.63","","-1.17%"
"05/28/2025","20.48","19.51","20.48","19.12","","4.15%"
"05/27/2025","19.66","20.59","20.59","19.66","","-5.33%"
"05/26/2025","20.77","23.88","23.94","20.67","","-11.13%"
"05/23/2025","23.37","19.03","26.16","18.19","","22.07%"
"05/22/2025","19.15","18.91","20.26","18.71","","8.46%"
"05/21/2025","17.65","17.97","18.59","17.51","","-0.50%"
"05/20/2025","17.74","17.69","17.86","17.36","","-1.12%"
"05/19/2025","17.94","19.17","19.35","17.92","","-0.38%"
"05/16/2025","18.01","17.69","18.22","17.07","","0.90%"
"05/15/2025","17.85","18.87","19.17","17.84","","-4.76%"
"05/14/2025","18.74","17.69","18.86","17.60","","5.45%"
"05/13/2025","17.77","19.22","19.22","17.71","","-9.62%"
"05/12/2025","19.67","21.09","21.15","19.67","","-9.32%"
"05/09/2025","21.69","22.09","22.16","21.54","","-2.75%"
"05/08/2025","22.30","22.57","22.67","21.76","","-4.09%"
"05/07/2025","23.25","22.71","23.56","22.48","","2.87%"
"05/06/2025","22.60","21.89","24.60","21.84","","3.43%"
"05/05/2025","21.85","22.35","22.38","21.72","","0.17%"
"05/02/2025","21.82","22.63","22.67","21.53","","-6.74%"
"04/30/2025","23.40","22.09","24.12","21.72","","4.60%"
"04/29/2025","22.37","22.50","23.04","22.12","","-2.84%"
"04/28/2025","23.02","22.68","23.02","21.85","","2.34%"
"04/25/2025","22.49","23.51","23.54","22.40","","-5.92%"
"04/24/2025","23.91","24.93","25.43","23.75","","-3.90%"
"04/23/2025","24.88","24.14","24.92","23.77","","-4.93%"
"04/22/2025","26.17","28.30","28.31","25.97","","-0.71%"
"04/17/2025","26.36","26.40","27.26","25.71","","1.37%"
"04/16/2025","26.00","26.27","27.41","25.98","","2.75%"
"04/15/2025","25.30","26.53","26.53","24.65","","-6.40%"
"04/14/2025","27.04","32.30","32.34","26.35","","-24.87%"
"04/11/2025","35.98","32.85","36.64","32.19","","9.55%"
"04/10/2025","32.85","40.46","40.46","30.94","","-17.18%"
"04/09/2025","39.66","33.49","43.40","33.49","","19.47%"
"04/08/2025","33.20","39.23","39.23","30.97","","-14.50%"
"04/07/2025","38.83","36.99","44.59","35.70","","27.21%"
"04/04/2025","30.52","25.29","34.85","25.29","","22.89%"
"04/03/2025","24.84","22.21","25.09","22.20","","13.42%"
"04/02/2025","21.90","21.63","22.96","21.61","","2.31%"
"04/01/2025","21.41","21.68","22.26","21.14","","-2.62%"
"03/31/2025","21.98","22.06","23.65","21.93","","4.00%"
"03/28/2025","21.14","20.81","21.57","20.57","","3.04%"
"03/27/2025","20.51","20.79","21.25","20.13","","1.97%"
"03/26/2025","20.12","19.03","20.17","18.96","","5.71%"
"03/25/2025","19.03","19.94","19.94","19.00","","-5.42%"
"03/24/2025","20.12","22.05","22.05","20.03","","-6.96%"
"03/21/2025","21.62","21.23","22.01","20.72","","2.71%"
"03/20/2025","21.05","20.75","21.88","20.23","","0.19%"
"03/19/2025","21.01","21.48","21.63","20.76","","-1.17%"
"03/18/2025","21.26","21.13","21.78","20.95","","-0.16%"
"03/17/2025","21.30","22.85","22.85","21.18","","-5.46%"
"03/14/2025","22.53","24.40","24.40","22.36","","-7.58%"
"03/13/2025","24.37","23.96","24.68","23.44","","0.92%"
"03/12/2025","24.15","25.20","25.20","24.03","","-6.68%"
"03/11/2025","25.88","26.45","26.61","25.17","","-2.05%"
"03/10/2025","26.42","25.49","26.70","25.16","","6.05%"
"03/07/2025","24.91","23.66","24.94","23.64","","9.22%"
"03/06/2025","22.81","22.11","23.54","21.93","","2.83%"
"03/05/2025","22.18","22.43","22.43","21.37","","-2.37%"
"03/04/2025","22.72","20.95","22.94","20.73","","16.31%"
"03/03/2025","19.53","19.36","20.51","18.72","","1.60%"
"02/28/2025","19.23","19.80","20.00","18.76","","2.35%"
"02/27/2025","18.79","17.90","19.28","17.53","","9.30%"
"02/26/2025","17.19","17.15","17.41","16.67","","-1.89%"
"02/25/2025","17.52","16.80","17.83","16.44","","4.81%"
"02/24/2025","16.71","18.23","18.33","16.32","","-9.43%"
"02/21/2025","18.45","20.30","20.30","18.45","","-9.43%"
"02/20/2025","20.38","19.77","20.57","18.75","","2.50%"
"02/19/2025","19.88","17.77","20.56","17.68","","11.91%"
"02/18/2025","17.76","18.25","18.46","17.54","","-1.97%"
"02/17/2025","18.12","18.36","18.55","18.00","","0.71%"
"02/14/2025","17.99","17.83","18.17","17.59","","0.23%"
"02/13/2025","17.95","17.00","18.17","16.51","","6.80%"
"02/12/2025","16.81","16.80","17.38","16.60","","0.16%"
"02/11/2025","16.78","17.01","17.39","16.76","","-1.39%"
"02/10/2025","17.02","17.14","17.34","16.93","","-0.79%"
"02/07/2025","17.15","16.05","17.27","15.86","","6.31%"
"02/06/2025","16.13","16.30","16.51","15.73","","-0.84%"
"02/05/2025","16.27","16.71","16.77","16.27","","-0.65%"
"02/04/2025","16.38","17.28","17.69","16.37","","-5.01%"
"02/03/2025","17.24","17.21","18.74","17.14","","12.01%"
"01/31/2025","15.39","14.82","15.48","14.73","","4.45%"
"01/30/2025","14.74","15.29","15.30","14.59","","-5.14%"
"01/29/2025","15.54","15.48","15.61","15.08","","0.24%"
"01/28/2025","15.50","16.08","16.20","15.32","","-5.93%"
"01/27/2025","16.48","16.32","17.52","16.02","","11.66%"
"01/24/2025","14.76","14.62","15.25","14.62","","0.78%"
"01/23/2025","14.64","14.67","14.90","14.62","","0.85%"
"01/22/2025","14.52","14.54","14.79","14.38","","-0.56%"
"01/21/2025","14.60","15.70","15.73","14.59","","-6.01%"
"01/20/2025","15.53","15.23","15.54","15.20","","6.82%"
"01/17/2025","14.54","14.16","14.76","13.92","","2.97%"
"01/16/2025","14.12","13.70","14.28","13.70","","-2.97%"
"01/15/2025","14.56","15.76","15.83","14.52","","-7.20%"
"01/14/2025","15.69","16.26","16.26","15.55","","-6.77%"
"01/13/2025","16.82","17.53","17.89","16.72","","2.80%"
"01/10/2025","16.37","15.62","16.79","15.56","","5.98%"
"01/09/2025","15.44","15.58","15.61","15.15","","0.31%"
"01/08/2025","15.40","14.99","16.27","14.65","","3.75%"
"01/07/2025","14.84","15.09","15.30","14.48","","-0.70%"
"01/06/2025","14.94","15.80","15.80","14.88","","-3.60%"
"01/03/2025","15.50","15.72","15.86","15.41","","-0.67%"
"01/02/2025","15.61","16.03","16.03","15.44","","-0.21%"
"12/30/2024","15.64","15.62","15.66","15.29","","4.53%"
"12/27/2024","14.96","16.48","16.48","14.94","","-4.64%"
"12/23/2024","15.69","16.31","16.31","15.38","","-0.98%"
"12/20/2024","15.84","17.54","18.54","15.84","","-3.85%"
"12/19/2024","16.48","14.15","16.54","14.15","","22.08%"
"12/18/2024","13.50","13.73","13.76","13.22","","-1.40%"
"12/17/2024","13.69","13.99","14.09","13.42","","-0.64%"
"12/16/2024","13.78","13.62","13.92","13.43","","4.92%"
"12/13/2024","13.13","12.72","13.28","12.52","","2.99%"
"12/12/2024","12.75","12.84","13.13","12.74","","-1.02%"
"12/11/2024","12.88","13.73","13.77","12.87","","-4.53%"
"12/10/2024","13.49","13.59","13.73","13.35","","0.28%"
"12/09/2024","13.45","13.85","13.85","13.33","","1.24%"
"12/06/2024","13.29","13.76","13.78","13.29","","-2.34%"
"12/05/2024","13.61","13.74","13.94","13.54","","-1.44%"
"12/04/2024","13.81","14.28","14.30","13.67","","-2.97%"
"12/03/2024","14.23","14.71","14.82","14.23","","-4.24%"
"12/02/2024","14.86","15.26","15.36","14.52","","1.59%"
"11/29/2024","14.63","15.22","15.40","14.61","","-3.32%"
"11/28/2024","15.13","15.61","15.61","14.86","","-4.50%"
"11/27/2024","15.84","15.96","16.59","15.82","","1.45%"
"11/26/2024","15.62","16.00","16.17","15.30","","1.78%"
"11/25/2024","15.34","15.64","15.92","15.24","","-4.42%"
"11/22/2024","16.05","16.73","17.84","16.05","","-5.86%"
"11/21/2024","17.05","18.25","18.94","17.05","","-7.34%"
"11/20/2024","18.40","16.86","18.40","16.66","","4.62%"
"11/19/2024","17.59","16.36","19.61","16.28","","6.83%"
"11/18/2024","16.46","16.48","17.10","16.32","","1.01%"
"11/15/2024","16.30","16.93","16.96","15.80","","1.06%"
"11/14/2024","16.13","16.08","16.62","15.74","","-1.87%"
"11/13/2024","16.43","16.62","17.45","16.16","","-1.56%"
"11/12/2024","16.69","16.07","16.89","15.63","","7.74%"
"11/11/2024","15.50","15.30","15.50","15.04","","0.80%"
"11/08/2024","15.37","15.39","15.87","15.05","","-0.52%"
"11/07/2024","15.45","16.79","16.79","15.28","","-11.41%"
"11/06/2024","17.44","18.55","18.55","15.39","","-6.70%"
"11/05/2024","18.69","19.72","19.72","18.64","","-4.40%"
"11/04/2024","19.55","19.97","19.99","19.38","","1.67%"
"11/01/2024","19.23","19.54","19.54","18.93","","-2.53%"
"10/31/2024","19.73","19.04","20.43","18.87","","7.79%"
"10/30/2024","18.31","17.62","18.49","17.47","","5.42%"
"10/29/2024","17.36","17.07","17.60","16.98","","0.80%"
"10/28/2024","17.23","17.78","17.88","17.06","","-0.88%"
"10/25/2024","17.38","17.85","17.94","17.11","","-2.17%"
"10/24/2024","17.77","17.65","17.77","16.81","","1.42%"
"10/23/2024","17.52","17.30","17.52","16.92","","1.62%"
"10/22/2024","17.24","17.09","18.00","16.76","","-1.81%"
"10/21/2024","17.55","16.80","17.55","16.64","","9.60%"
"10/18/2024","16.02","16.63","16.63","15.91","","-3.45%"
"10/17/2024","16.59","17.04","17.06","15.96","","-3.17%"
"10/16/2024","17.13","16.61","17.59","16.61","","4.26%"
"10/15/2024","16.43","16.02","16.57","15.92","","2.44%"
"10/14/2024","16.04","17.02","17.02","16.01","","-3.89%"
"10/11/2024","16.69","17.56","17.72","16.64","","-4.24%"
"10/10/2024","17.43","17.85","17.94","17.35","","-1.19%"
"10/09/2024","17.64","18.58","18.66","17.58","","-3.31%"
"10/08/2024","18.24","19.11","19.78","18.24","","-0.77%"
"10/07/2024","18.38","19.16","19.36","18.29","","-0.96%"
"10/04/2024","18.56","19.48","19.49","18.04","","-3.83%"
"10/03/2024","19.30","18.72","19.64","18.55","","5.00%"
"10/02/2024","18.38","18.75","19.35","18.10","","-2.40%"
"10/01/2024","18.84","16.60","18.99","16.08","","14.14%"
"09/30/2024","16.50","15.92","16.85","15.91","","10.37%"
"09/27/2024","14.95","15.07","15.15","14.86","","-1.47%"
"09/26/2024","15.17","14.57","15.36","14.50","","1.50%"
"09/25/2024","14.95","15.20","15.25","14.87","","1.86%"
"09/24/2024","14.68","14.92","15.19","14.54","","-2.68%"
"09/23/2024","15.08","15.79","15.83","14.90","","0.00%"
"09/20/2024","15.08","14.51","15.43","14.02","","6.20%"
"09/19/2024","14.20","15.11","15.11","14.05","","-7.83%"
"09/18/2024","15.41","15.16","15.75","15.16","","2.06%"
"09/17/2024","15.09","15.01","15.17","14.67","","-1.18%"
"09/16/2024","15.27","15.39","15.40","14.80","","4.40%"
"09/13/2024","14.63","15.84","15.84","14.62","","-9.15%"
"09/12/2024","16.10","16.27","16.92","15.93","","-8.87%"
"09/11/2024","17.67","17.46","18.41","16.64","","-0.84%"
"09/10/2024","17.82","17.41","18.15","16.79","","0.37%"
"09/09/2024","17.75","19.66","19.66","17.33","","-8.56%"
"09/06/2024","19.42","17.95","19.43","16.31","","9.99%"
"09/05/2024","17.65","17.86","18.17","16.96","","-0.03%"
"09/04/2024","17.66","17.25","18.60","17.12","","8.97%"
"09/03/2024","16.21","14.24","16.42","14.08","","13.64%"
"09/02/2024","14.26","14.88","15.27","14.23","","0.00%"
"08/30/2024","14.26","14.19","14.26","13.85","","0.58%"
"08/29/2024","14.17","14.24","14.29","13.71","","-2.26%"
"08/28/2024","14.50","13.97","14.52","13.79","","2.44%"
"08/27/2024","14.16","14.32","14.38","14.10","","-1.55%"
"08/26/2024","14.38","14.58","14.59","13.99","","2.27%"
"08/23/2024","14.06","15.04","15.04","14.06","","-5.79%"
"08/22/2024","14.92","14.27","14.95","14.02","","4.78%"
"08/21/2024","14.24","14.23","14.49","13.82","","0.28%"
"08/20/2024","14.20","13.77","14.23","13.54","","2.41%"
"08/19/2024","13.87","14.48","14.67","13.76","","-0.81%"
"08/16/2024","13.98","14.57","14.81","13.96","","-3.93%"
"08/15/2024","14.55","15.45","15.67","14.44","","-5.94%"
"08/14/2024","15.47","16.54","16.55","15.38","","-8.67%"
"08/13/2024","16.94","17.69","18.38","16.90","","-5.77%"
"08/12/2024","17.98","18.52","18.54","17.51","","-2.89%"
"08/09/2024","18.52","19.50","19.66","18.26","","-5.51%"
"08/08/2024","19.60","19.33","21.25","19.26","","0.95%"
"08/07/2024","19.41","21.98","21.99","19.00","","-17.51%"
"08/06/2024","23.53","26.44","26.47","22.81","","-10.91%"
"08/05/2024","26.42","26.45","35.03","26.15","","21.21%"
"08/02/2024","21.79","17.24","21.89","17.22","","32.72%"
"08/01/2024","16.42","14.65","16.79","14.58","","13.96%"
"07/31/2024","14.41","15.18","15.18","14.40","","-5.74%"
"07/30/2024","15.29","15.62","15.62","15.12","","-2.69%"
"07/29/2024","15.71","15.37","15.81","15.20","","4.32%"
"07/26/2024","15.06","15.76","15.77","15.03","","-4.22%"
"07/25/2024","15.72","15.72","16.81","15.66","","4.15%"
"07/24/2024","15.10","14.27","15.12","14.22","","9.49%"
"07/23/2024","13.79","14.41","14.52","13.68","","-6.65%"
"07/22/2024","14.77","15.53","15.56","14.68","","-3.45%"
"07/19/2024","15.30","14.98","15.35","14.86","","5.10%"
"07/18/2024","14.56","13.79","14.62","13.53","","4.99%"
"07/17/2024","13.86","13.14","13.99","12.97","","5.42%"
"07/16/2024","13.15","13.21","13.37","12.90","","1.48%"
"07/15/2024","12.96","12.93","13.11","12.55","","3.99%"
"07/12/2024","12.46","12.55","12.68","12.21","","-1.92%"
"07/11/2024","12.71","13.32","13.36","12.62","","-4.44%"
"07/10/2024","13.30","13.52","13.61","13.16","","-1.95%"
"07/09/2024","13.56","12.72","13.61","12.41","","7.48%"
"07/08/2024","12.62","13.76","13.76","12.52","","-5.20%"
"07/05/2024","13.31","13.26","14.04","13.12","","-0.42%"
"07/04/2024","13.37","13.38","13.42","13.20","","-0.65%"
"07/03/2024","13.45","14.34","14.34","13.29","","-6.77%"
"07/02/2024","14.43","14.65","15.46","14.37","","0.89%"
"07/01/2024","14.30","16.19","16.19","14.15","","-9.42%"
"06/28/2024","15.79","16.01","16.13","15.40","","-2.60%"
"06/27/2024","16.21","15.97","16.61","15.79","","0.79%"
"06/26/2024","16.08","15.34","16.62","15.22","","2.01%"
"06/25/2024","15.77","15.78","15.98","15.45","","3.43%"
"06/24/2024","15.24","15.97","16.02","15.17","","-2.42%"
"06/21/2024","15.62","16.09","16.69","15.60","","-1.94%"
"06/20/2024","15.93","16.62","16.64","15.82","","-5.21%"
"06/19/2024","16.81","16.84","17.01","16.38","","-0.11%"
"06/18/2024","16.83","17.54","17.59","16.53","","-5.61%"
"06/17/2024","17.83","17.94","18.43","17.42","","0.95%"
"06/14/2024","17.66","15.55","18.72","15.54","","14.37%"
"06/13/2024","15.44","13.57","15.46","13.46","","12.02%"
"06/12/2024","13.78","14.53","14.68","13.60","","-5.56%"
"06/11/2024","14.59","13.83","15.29","13.56","","4.59%"
"06/10/2024","13.95","13.75","14.74","13.73","","7.61%"
"06/07/2024","12.97","12.96","13.41","12.75","","-0.57%"
"06/06/2024","13.04","13.40","13.61","13.04","","-4.34%"
"06/05/2024","13.63","13.88","13.88","13.59","","-3.90%"
"06/04/2024","14.19","13.72","14.55","13.71","","5.37%"
"06/03/2024","13.46","14.08","14.08","13.03","","-2.37%"
"05/31/2024","13.79","13.85","13.96","13.39","","1.83%"
"05/30/2024","13.54","14.02","14.22","13.52","","-1.98%"
"05/29/2024","13.81","13.21","14.32","13.20","","6.25%"
"05/28/2024","13.00","12.54","13.17","12.48","","3.35%"
"05/27/2024","12.58","12.80","12.80","12.44","","2.12%"
"05/24/2024","12.32","12.93","13.03","12.27","","-0.09%"
"05/23/2024","12.33","12.59","12.74","12.11","","-2.86%"
"05/22/2024","12.69","12.78","12.78","12.44","","0.85%"
"05/21/2024","12.59","12.67","13.04","12.53","","-1.46%"
"05/20/2024","12.77","13.15","13.16","12.62","","1.22%"
"05/17/2024","12.62","13.13","13.26","12.59","","-3.09%"
"05/16/2024","13.02","13.05","13.06","12.64","","-0.10%"
"05/15/2024","13.03","14.07","14.11","13.03","","-6.82%"
"05/14/2024","13.99","14.27","14.37","13.87","","-1.48%"
"05/13/2024","14.20","14.23","14.25","13.99","","2.90%"
"05/10/2024","13.80","13.28","13.83","13.15","","2.54%"
"05/09/2024","13.46","13.27","13.59","13.01","","2.01%"
"05/08/2024","13.19","13.08","13.51","13.01","","0.00%"
"05/07/2024","13.19","13.50","13.56","13.14","","-2.76%"
"05/06/2024","13.56","14.05","14.05","13.51","","-1.37%"
"05/03/2024","13.75","14.48","14.54","13.56","","-7.26%"
"05/02/2024","14.83","15.07","15.13","14.61","","1.28%"
"04/30/2024","14.64","14.40","14.65","14.05","","1.71%"
"04/29/2024","14.40","14.85","14.85","14.36","","0.20%"
"04/26/2024","14.37","15.32","15.32","14.24","","-6.80%"
"04/25/2024","15.42","15.08","16.10","14.82","","3.84%"
"04/24/2024","14.85","14.62","14.89","14.31","","0.74%"
"04/23/2024","14.74","15.74","15.75","14.68","","-8.65%"
"04/22/2024","16.13","16.96","17.04","16.00","","-4.24%"
"04/19/2024","16.85","16.86","17.81","16.81","","2.78%"
"04/18/2024","16.39","16.87","17.05","16.32","","-3.82%"
"04/17/2024","17.04","17.85","17.87","16.36","","-5.44%"
"04/16/2024","18.02","18.28","18.46","17.59","","4.66%"
"04/15/2024","17.22","18.21","18.22","16.12","","-1.41%"
"04/12/2024","17.47","15.25","17.83","14.68","","12.34%"
"04/11/2024","15.55","14.98","15.95","14.85","","4.34%"
"04/10/2024","14.90","14.99","15.24","14.56","","-3.11%"
"04/09/2024","15.38","14.69","15.68","14.58","","6.16%"
"04/08/2024","14.49","15.31","15.31","14.39","","-2.70%"
"04/05/2024","14.89","14.55","15.25","14.50","","13.27%"
"04/04/2024","13.14","13.62","13.63","13.14","","-3.90%"
"04/03/2024","13.68","14.21","14.23","13.64","","-4.25%"
"04/02/2024","14.28","13.38","14.63","13.19","","11.85%"
"03/28/2024","12.77","12.33","12.79","12.19","","3.71%"
"03/27/2024","12.31","12.10","12.31","11.88","","2.32%"
"03/26/2024","12.03","11.89","12.10","11.85","","1.83%"
"03/25/2024","11.82","12.17","12.21","11.78","","1.44%"
"03/22/2024","11.65","11.38","12.03","11.36","","2.64%"
"03/21/2024","11.35","11.95","12.05","11.35","","-6.29%"
"03/20/2024","12.11","12.49","12.52","12.11","","-1.95%"
"03/19/2024","12.35","12.90","12.91","12.31","","-3.09%"
"03/18/2024","12.75","13.03","13.06","12.70","","1.65%"
"03/15/2024","12.54","12.90","12.90","12.10","","-2.50%"
"03/14/2024","12.86","12.24","13.06","11.94","","1.86%"
"03/13/2024","12.63","12.89","12.89","12.50","","-2.16%"
"03/12/2024","12.90","13.75","13.78","12.88","","-6.68%"
"03/11/2024","13.83","13.89","14.22","13.83","","6.48%"
"03/08/2024","12.99","13.24","13.25","12.83","","-2.59%"
"03/07/2024","13.33","14.06","14.08","13.27","","-2.42%"
"03/06/2024","13.66","13.71","13.73","13.41","","-0.55%"
"03/05/2024","13.74","13.27","13.75","13.25","","4.86%"
"03/04/2024","13.10","13.37","13.38","13.07","","1.39%"
"03/01/2024","12.92","12.81","12.99","12.69","","0.33%"
"02/29/2024","12.88","13.10","13.40","12.87","","0.00%"
"02/28/2024","12.88","12.57","12.88","12.51","","2.60%"
"02/27/2024","12.55","12.55","12.68","12.37","","-0.76%"
"02/26/2024","12.65","13.15","13.15","12.65","","-0.79%"
"02/23/2024","12.75","13.03","13.03","12.56","","-2.47%"
"02/22/2024","13.07","13.09","13.35","13.00","","-3.58%"
"02/21/2024","13.56","13.34","13.68","13.16","","1.47%"
"02/20/2024","13.36","13.57","13.72","13.31","","-0.63%"
"02/19/2024","13.45","14.09","14.16","13.44","","-1.40%"
"02/16/2024","13.64","13.55","13.92","13.42","","-0.88%"
"02/15/2024","13.76","13.66","13.83","13.51","","-0.09%"
"02/14/2024","13.77","14.20","14.20","13.67","","-2.98%"
"02/13/2024","14.19","14.09","14.80","14.09","","1.84%"
"02/12/2024","13.94","14.07","14.08","13.67","","1.31%"
"02/09/2024","13.76","13.33","13.88","13.01","","2.96%"
"02/08/2024","13.36","13.29","13.37","12.93","","0.28%"
"02/07/2024","13.32","13.02","13.38","12.87","","1.77%"
"02/06/2024","13.09","13.66","13.69","13.08","","-5.07%"
"02/05/2024","13.79","14.05","14.06","13.57","","2.14%"
"02/02/2024","13.50","14.01","14.01","13.39","","-4.53%"
"02/01/2024","14.14","14.39","14.46","13.62","","-0.12%"
"01/31/2024","14.16","13.69","14.16","13.47","","3.62%"
"01/30/2024","13.67","13.58","13.79","13.51","","1.38%"
"01/29/2024","13.48","13.72","13.73","13.42","","2.62%"
"01/26/2024","13.14","13.24","13.59","13.11","","0.26%"
"01/25/2024","13.10","13.22","13.49","13.08","","0.39%"
"01/24/2024","13.05","13.09","13.32","12.58","","-1.72%"
"01/23/2024","13.28","13.58","13.67","13.10","","-2.06%"
"01/22/2024","13.56","14.57","14.61","13.56","","-2.98%"
"01/19/2024","13.97","14.11","14.34","13.66","","-2.11%"
"01/18/2024","14.27","14.82","14.82","14.22","","-4.26%"
"01/17/2024","14.91","14.89","15.60","14.74","","5.84%"
"01/16/2024","14.09","14.62","14.62","14.05","","1.06%"
"01/15/2024","13.94","13.62","14.02","13.50","","5.33%"
"01/12/2024","13.24","13.61","13.61","13.09","","-2.76%"
"01/11/2024","13.61","13.29","13.61","13.01","","3.13%"
"01/10/2024","13.20","13.54","13.56","13.16","","-2.91%"
"01/09/2024","13.59","13.95","14.08","13.55","","-3.29%"
"01/08/2024","14.05","14.66","14.97","13.98","","-1.57%"
"01/05/2024","14.28","14.82","15.27","14.16","","-1.97%"
"01/04/2024","14.57","15.26","15.30","14.56","","-5.31%"
"01/03/2024","15.38","14.39","15.49","14.33","","6.28%"
"01/02/2024","14.47","14.11","14.86","13.89","","6.96%"
"12/29/2023","13.53","13.42","13.55","13.15","","0.35%"
"12/28/2023","13.48","13.57","13.71","13.36","","-0.12%"
"12/27/2023","13.50","14.03","14.03","13.49","","1.88%"
"12/22/2023","13.25","13.54","13.55","13.02","","-1.21%"
"12/21/2023","13.41","13.12","13.51","13.04","","5.12%"
"12/20/2023","12.76","12.70","12.95","12.60","","-0.07%"
"12/19/2023","12.77","13.01","13.04","12.58","","-1.81%"
"12/18/2023","13.00","13.28","13.43","12.93","","2.98%"
"12/15/2023","12.63","13.13","13.18","12.52","","-2.30%"
"12/14/2023","12.93","12.99","13.21","12.49","","-4.34%"
"12/13/2023","13.51","13.27","13.52","13.02","","1.23%"
"12/12/2023","13.35","13.71","13.75","13.31","","-2.76%"
"12/11/2023","13.73","14.10","14.12","13.72","","0.00%"
"12/08/2023","13.73","14.05","14.13","13.60","","-2.42%"
"12/07/2023","14.07","14.05","14.25","14.05","","2.95%"
"12/06/2023","13.66","13.63","13.74","13.33","","0.30%"
"12/05/2023","13.62","13.70","13.87","13.55","","-0.40%"
"12/04/2023","13.68","13.60","13.73","13.45","","4.25%"
"12/01/2023","13.12","13.09","13.25","12.96","","-1.20%"
"11/30/2023","13.28","13.53","13.67","13.25","","-1.75%"
"11/29/2023","13.52","13.38","13.52","13.09","","-0.04%"
"11/28/2023","13.52","13.74","13.82","13.50","","0.13%"
"11/27/2023","13.50","13.44","13.57","13.30","","4.31%"
"11/24/2023","12.95","13.24","13.34","12.82","","-1.37%"
"11/23/2023","13.13","13.05","13.13","12.71","","0.62%"
"11/22/2023","13.05","13.38","13.38","12.96","","-2.60%"
"11/21/2023","13.39","13.36","13.52","13.14","","0.37%"
"11/20/2023","13.34","13.61","13.71","13.13","","1.70%"
"11/17/2023","13.12","13.74","13.74","13.12","","-5.41%"
"11/16/2023","13.87","13.94","14.08","13.60","","-1.54%"
"11/15/2023","14.09","14.23","14.33","13.86","","-2.11%"
"11/14/2023","14.39","15.22","15.23","14.34","","-4.73%"
"11/13/2023","15.11","15.71","15.72","15.09","","-1.34%"
"11/10/2023","15.31","15.54","15.74","15.28","","1.58%"
"11/09/2023","15.07","15.20","15.25","14.90","","-1.81%"
"11/08/2023","15.35","15.98","15.99","15.13","","-2.87%"
"11/07/2023","15.81","16.31","16.33","15.58","","-2.53%"
"11/06/2023","16.22","16.59","16.59","16.21","","-0.62%"
"11/03/2023","16.32","17.04","17.12","16.28","","-5.20%"
"11/02/2023","17.21","17.50","17.50","16.70","","-4.64%"
"11/01/2023","18.05","18.34","18.50","17.75","","-4.36%"
"10/31/2023","18.87","19.77","19.78","18.86","","-5.71%"
"10/30/2023","20.01","20.38","20.38","19.61","","0.65%"
"10/27/2023","19.88","20.10","20.20","19.32","","-1.39%"
"10/26/2023","20.17","20.56","20.82","19.76","","4.81%"
"10/25/2023","19.24","19.33","19.63","18.91","","-1.22%"
"10/24/2023","19.48","20.18","20.18","18.90","","-4.43%"
"10/23/2023","20.38","21.97","22.38","20.36","","-5.10%"
"10/20/2023","21.48","21.79","21.93","20.82","","4.03%"
"10/19/2023","20.64","20.50","21.29","20.20","","2.27%"
"10/18/2023","20.19","19.31","20.27","18.62","","7.34%"
"10/17/2023","18.81","18.66","19.55","18.32","","-0.45%"
"10/16/2023","18.89","19.67","20.29","18.53","","-2.28%"
"10/13/2023","19.33","16.97","19.40","16.96","","16.16%"
"10/12/2023","16.64","16.58","16.68","15.97","","-2.06%"
"10/11/2023","16.99","18.03","18.03","16.92","","-4.27%"
"10/10/2023","17.75","18.50","18.50","17.38","","-8.35%"
"10/09/2023","19.37","19.14","19.43","18.76","","10.59%"
"10/06/2023","17.51","18.22","18.50","17.45","","-5.74%"
"10/05/2023","18.58","19.04","19.05","18.31","","-2.56%"
"10/04/2023","19.07","19.46","19.93","18.46","","0.20%"
"10/03/2023","19.03","18.39","19.13","17.65","","6.02%"
"10/02/2023","17.95","17.00","18.33","16.63","","8.26%"
"09/29/2023","16.58","17.21","17.21","15.94","","-5.89%"
"09/28/2023","17.62","18.21","18.62","17.52","","-3.80%"
"09/27/2023","18.31","18.52","18.52","17.91","","-1.79%"
"09/26/2023","18.65","18.68","19.07","18.13","","4.14%"
"09/25/2023","17.90","16.58","18.32","16.28","","12.71%"
"09/22/2023","15.89","16.18","16.41","15.64","","0.63%"
"09/21/2023","15.79","15.23","16.06","15.04","","8.62%"
"09/20/2023","14.53","15.25","15.29","14.52","","-5.27%"
"09/19/2023","15.34","15.29","15.51","14.69","","1.16%"
"09/18/2023","15.17","14.59","15.48","14.53","","11.49%"
"09/15/2023","13.60","13.86","13.89","13.07","","-1.40%"
"09/14/2023","13.80","15.35","15.49","13.74","","-11.40%"
"09/13/2023","15.57","15.60","16.24","15.33","","2.01%"
"09/12/2023","15.27","15.14","15.46","14.92","","1.74%"
"09/11/2023","15.00","15.24","15.25","14.87","","-1.92%"
"09/08/2023","15.30","15.42","16.16","15.00","","-2.30%"
"09/07/2023","15.66","15.82","15.91","15.23","","1.29%"
"09/06/2023","15.46","15.35","15.73","15.26","","2.84%"
"09/05/2023","15.03","15.56","15.75","14.87","","-0.69%"
"09/04/2023","15.14","14.76","15.26","14.44","","4.46%"
"09/01/2023","14.49","14.69","14.69","13.97","","0.17%"
"08/31/2023","14.47","14.99","15.00","14.11","","-3.46%"
"08/30/2023","14.98","15.15","15.52","14.93","","-0.91%"
"08/29/2023","15.12","15.87","15.97","15.07","","-5.46%"
"08/28/2023","16.00","17.06","17.06","15.90","","-4.95%"
"08/25/2023","16.83","17.48","17.48","16.63","","-2.34%"
"08/24/2023","17.23","16.89","17.29","16.45","","1.18%"
"08/23/2023","17.03","17.11","17.67","16.66","","-2.51%"
"08/22/2023","17.47","18.19","18.19","17.16","","-5.05%"
"08/21/2023","18.40","18.77","18.80","18.03","","-3.52%"
"08/18/2023","19.07","19.26","20.67","18.86","","1.51%"
"08/17/2023","18.79","18.28","18.83","17.50","","6.33%"
"08/16/2023","17.67","18.28","18.29","17.56","","-2.00%"
"08/15/2023","18.03","17.40","18.54","17.36","","4.09%"
"08/14/2023","17.32","18.36","18.36","17.31","","-2.76%"
"08/11/2023","17.81","17.74","18.47","17.49","","1.73%"
"08/10/2023","17.51","17.86","17.92","17.10","","-4.58%"
"08/09/2023","18.35","18.07","18.38","17.36","","-2.30%"
"08/08/2023","18.78","18.47","19.52","18.03","","4.38%"
"08/07/2023","18.00","18.75","18.94","17.82","","0.65%"
"08/04/2023","17.88","18.79","18.84","17.54","","-5.99%"
"08/03/2023","19.02","19.22","20.14","18.96","","1.35%"
"08/02/2023","18.77","17.73","18.80","17.26","","11.72%"
"08/01/2023","16.80","15.79","16.85","15.77","","7.71%"
"07/31/2023","15.59","15.47","15.59","15.11","","5.38%"
"07/28/2023","14.80","15.12","15.39","14.52","","0.61%"
"07/27/2023","14.71","15.34","15.38","14.36","","-6.28%"
"07/26/2023","15.69","15.51","16.88","15.50","","2.73%"
"07/25/2023","15.28","15.42","15.71","15.24","","-0.28%"
"07/24/2023","15.32","15.86","15.91","15.30","","2.11%"
"07/21/2023","15.00","15.64","16.13","15.00","","-3.09%"
"07/20/2023","15.48","16.06","16.23","15.42","","-0.99%"
"07/19/2023","15.64","14.99","15.66","14.95","","3.11%"
"07/18/2023","15.16","15.92","15.93","15.12","","-4.52%"
"07/17/2023","15.88","15.52","16.40","15.36","","6.76%"
"07/14/2023","14.88","15.20","15.29","14.78","","-1.44%"
"07/13/2023","15.09","15.26","15.32","14.87","","-1.68%"
"07/12/2023","15.35","16.63","16.63","15.29","","-7.84%"
"07/11/2023","16.66","17.36","17.43","16.29","","-5.79%"
"07/10/2023","17.68","18.43","18.54","17.27","","0.27%"
"07/07/2023","17.64","19.12","19.16","17.44","","-8.38%"
"07/06/2023","19.25","15.98","19.36","15.94","","26.91%"
"07/05/2023","15.17","14.55","15.44","14.55","","7.78%"
"07/04/2023","14.07","13.71","14.07","13.55","","2.38%"
"07/03/2023","13.74","13.95","14.05","13.60","","1.68%"
"06/30/2023","13.52","14.12","14.12","13.42","","-6.02%"
"06/29/2023","14.38","14.49","14.53","14.09","","-0.76%"
"06/28/2023","14.49","15.29","15.29","14.49","","-6.93%"
"06/27/2023","15.57","15.81","16.24","15.53","","-2.87%"
"06/26/2023","16.03","16.28","17.18","15.91","","4.11%"
"06/23/2023","15.40","14.92","16.11","14.67","","4.51%"
"06/22/2023","14.74","15.13","15.76","14.70","","3.41%"
"06/21/2023","14.25","14.35","14.36","13.53","","-0.23%"
"06/20/2023","14.28","13.89","14.32","13.79","","3.96%"
"06/19/2023","13.74","13.23","13.74","13.21","","8.10%"
"06/16/2023","12.71","13.33","13.37","12.68","","-4.27%"
"06/15/2023","13.28","13.17","13.50","12.86","","-5.25%"
"06/14/2023","14.01","14.14","14.22","13.90","","-1.99%"
"06/13/2023","14.30","14.78","14.85","14.21","","-2.67%"
"06/12/2023","14.69","14.85","15.05","14.68","","0.64%"
"06/09/2023","14.59","14.93","15.10","14.49","","-1.22%"
"06/08/2023","14.77","15.41","15.49","14.77","","-2.92%"
"06/07/2023","15.22","15.13","15.52","15.09","","-1.10%"
"06/06/2023","15.39","16.29","16.30","15.38","","-4.83%"
"06/05/2023","16.17","16.37","16.56","15.93","","0.70%"
"06/02/2023","16.06","17.02","17.02","15.98","","-8.96%"
"06/01/2023","17.64","18.58","18.83","17.64","","-10.18%"
"05/31/2023","19.64","18.45","19.79","17.76","","11.42%"
"05/30/2023","17.62","17.60","17.70","16.29","","0.48%"
"05/29/2023","17.54","17.66","17.75","17.21","","-0.78%"
"05/26/2023","17.68","18.99","19.71","17.40","","-8.67%"
"05/25/2023","19.35","20.15","20.52","19.06","","-4.58%"
"05/24/2023","20.28","18.72","20.45","18.72","","15.91%"
"05/23/2023","17.50","16.73","17.51","16.49","","5.57%"
"05/22/2023","16.58","16.62","17.00","16.32","","4.10%"
"05/19/2023","15.92","16.23","16.28","15.44","","-3.17%"
"05/18/2023","16.44","17.19","17.19","16.28","","-4.60%"
"05/17/2023","17.24","17.23","17.63","16.99","","-0.37%"
"05/16/2023","17.30","17.76","17.93","17.25","","-2.06%"
"05/15/2023","17.67","17.77","18.17","17.42","","1.31%"
"05/12/2023","17.44","18.73","18.73","17.44","","-8.44%"
"05/11/2023","19.04","18.50","19.50","17.89","","1.93%"
"05/10/2023","18.68","18.71","19.23","18.13","","-0.27%"
"05/09/2023","18.73","18.72","19.40","18.58","","0.86%"
"05/08/2023","18.57","18.80","18.89","18.54","","0.37%"
"05/05/2023","18.51","19.86","20.04","18.44","","-8.91%"
"05/04/2023","20.32","20.39","20.88","19.62","","3.20%"
"05/03/2023","19.69","19.64","19.73","18.84","","-1.82%"
"05/02/2023","20.05","17.96","20.10","17.87","","15.45%"
"04/28/2023","17.37","17.84","19.40","17.37","","-2.58%"
"04/27/2023","17.83","18.57","18.64","17.61","","-3.04%"
"04/26/2023","18.39","18.18","19.52","18.12","","5.50%"
"04/25/2023","17.43","17.55","17.87","17.24","","2.16%"
"04/24/2023","17.06","18.02","18.02","16.74","","1.44%"
"04/21/2023","16.82","17.53","18.00","16.80","","-2.78%"
"04/20/2023","17.30","17.02","17.95","17.02","","3.34%"
"04/19/2023","16.74","16.94","17.15","16.63","","0.11%"
"04/18/2023","16.72","17.13","17.14","16.41","","-3.49%"
"04/17/2023","17.33","16.66","17.38","16.48","","4.19%"
"04/14/2023","16.63","17.18","17.25","16.62","","-4.75%"
"04/13/2023","17.46","18.11","18.11","17.43","","-4.37%"
"04/12/2023","18.26","18.95","19.13","18.16","","-2.41%"
"04/11/2023","18.71","19.72","19.73","18.64","","-1.64%"
"04/06/2023","19.02","19.40","19.52","19.00","","-3.13%"
"04/05/2023","19.63","18.78","19.95","18.64","","4.57%"
"04/04/2023","18.78","18.58","18.79","18.04","","-1.06%"
"04/03/2023","18.98","19.61","19.76","18.67","","0.64%"
"03/31/2023","18.86","19.01","19.10","18.38","","-1.38%"
"03/30/2023","19.12","19.39","19.57","18.81","","-2.87%"
"03/29/2023","19.69","20.70","20.72","19.20","","-7.10%"
"03/28/2023","21.19","21.21","21.81","20.94","","-4.63%"
"03/27/2023","22.22","24.14","24.48","21.88","","-6.86%"
"03/24/2023","23.85","21.33","26.16","21.33","","16.32%"
"03/23/2023","20.51","21.50","22.19","19.99","","-4.93%"
"03/22/2023","21.57","22.44","22.59","20.84","","-5.61%"
"03/21/2023","22.85","25.34","25.34","22.84","","-15.01%"
"03/20/2023","26.89","30.21","30.43","25.86","","-2.66%"
"03/17/2023","27.62","23.55","28.73","23.02","","10.75%"
"03/16/2023","24.94","29.48","29.48","24.57","","-13.64%"
"03/15/2023","28.88","21.29","28.88","21.17","","35.92%"
"03/14/2023","21.25","23.66","23.96","20.89","","-11.26%"
"03/13/2023","23.94","20.50","26.82","20.38","","20.48%"
"03/10/2023","19.87","19.68","20.34","19.11","","14.07%"
"03/09/2023","17.42","17.67","18.04","17.22","","-1.05%"
"03/08/2023","17.61","18.21","18.44","17.59","","-1.82%"
"03/07/2023","17.93","17.72","18.15","17.46","","1.66%"
"03/06/2023","17.64","18.03","18.16","17.58","","-1.22%"
"03/03/2023","17.86","18.73","18.73","17.82","","-6.61%"
"03/02/2023","19.12","20.23","20.36","19.03","","-1.10%"
"03/01/2023","19.33","18.79","19.54","18.13","","1.13%"
"02/28/2023","19.12","19.83","19.90","18.83","","-1.59%"
"02/27/2023","19.43","20.62","20.62","19.22","","-4.97%"
"02/24/2023","20.44","18.63","20.77","18.56","","7.21%"
"02/23/2023","19.07","19.61","19.61","18.63","","-5.19%"
"02/22/2023","20.11","20.33","21.24","19.92","","0.09%"
"02/21/2023","20.09","19.35","20.79","19.35","","5.21%"
"02/20/2023","19.10","19.19","19.23","18.73","","1.40%"
"02/17/2023","18.84","19.14","19.73","18.62","","5.53%"
"02/16/2023","17.85","17.35","18.59","17.30","","1.07%"
"02/15/2023","17.66","18.65","18.70","17.64","","-6.62%"
"02/14/2023","18.91","19.83","19.84","18.40","","-4.87%"
"02/13/2023","19.88","20.78","20.84","19.87","","-2.38%"
"02/10/2023","20.36","18.52","21.09","18.51","","13.02%"
"02/09/2023","18.02","18.32","18.32","17.78","","-2.74%"
"02/08/2023","18.53","18.64","18.67","17.85","","-1.67%"
"02/07/2023","18.84","18.83","18.98","18.57","","1.32%"
"02/06/2023","18.59","17.55","19.12","17.53","","9.97%"
"02/03/2023","16.91","17.37","17.59","16.84","","1.37%"
"02/02/2023","16.68","17.52","17.55","16.64","","-9.89%"
"02/01/2023","18.51","18.54","18.75","18.24","","-0.36%"
"01/31/2023","18.58","18.78","19.71","18.52","","-0.05%"
"01/30/2023","18.59","18.39","19.37","18.35","","7.84%"
"01/27/2023","17.24","17.88","18.00","17.19","","-3.72%"
"01/26/2023","17.90","17.93","18.19","17.78","","-3.16%"
"01/25/2023","18.49","17.99","19.05","17.85","","2.45%"
"01/24/2023","18.04","18.13","18.58","18.00","","-1.25%"
"01/23/2023","18.27","18.97","19.11","18.21","","-2.14%"
"01/20/2023","18.67","19.65","19.73","18.67","","-6.71%"
"01/19/2023","20.01","18.88","20.51","18.87","","9.26%"
"01/18/2023","18.32","18.51","18.57","17.75","","-2.11%"
"01/17/2023","18.71","18.69","18.82","18.33","","1.18%"
"01/16/2023","18.49","18.14","18.52","18.05","","5.37%"
"01/13/2023","17.55","17.79","18.03","17.33","","-3.07%"
"01/12/2023","18.11","19.13","19.41","18.10","","-4.54%"
"01/11/2023","18.97","18.70","19.07","18.43","","0.79%"
"01/10/2023","18.82","18.72","19.16","18.72","","1.89%"
"01/09/2023","18.47","18.90","18.90","18.21","","-0.27%"
"01/06/2023","18.52","19.58","19.77","18.33","","-5.26%"
"01/05/2023","19.55","19.88","19.93","19.34","","-1.38%"
"01/04/2023","19.82","20.09","20.33","19.65","","-2.31%"
"01/03/2023","20.29","21.16","21.16","20.14","","-3.40%"
"01/02/2023","21.00","21.37","21.42","21.00","","2.11%"
"12/30/2022","20.57","20.53","20.66","20.38","","2.09%"
"12/29/2022","20.15","21.05","21.14","20.09","","-2.51%"
"12/28/2022","20.67","20.58","20.74","20.36","","-0.38%"
"12/27/2022","20.75","20.97","21.03","20.63","","3.36%"
"12/23/2022","20.07","20.49","20.60","19.95","","-0.85%"
"12/22/2022","20.24","19.27","20.33","18.93","","4.39%"
"12/21/2022","19.39","20.79","20.79","19.36","","-7.95%"
"12/20/2022","21.07","21.44","21.96","20.77","","1.45%"
"12/19/2022","20.77","21.79","21.86","20.71","","-4.74%"
"12/16/2022","21.80","21.17","22.24","21.15","","4.10%"
"12/15/2022","20.94","19.93","20.97","19.44","","2.20%"
"12/14/2022","20.49","20.42","20.80","20.33","","-1.11%"
"12/13/2022","20.72","22.92","23.22","20.36","","-9.22%"
"12/12/2022","22.82","22.83","23.01","22.36","","5.46%"
"12/09/2022","21.64","22.06","22.17","21.58","","-2.53%"
"12/08/2022","22.20","22.54","22.83","22.08","","-0.84%"
"12/07/2022","22.39","21.77","22.49","21.60","","4.37%"
"12/06/2022","21.45","20.61","21.68","20.56","","4.15%"
"12/05/2022","20.60","20.90","20.92","20.26","","1.35%"
"12/02/2022","20.33","21.15","21.65","20.32","","-3.47%"
"12/01/2022","21.06","21.24","21.44","20.81","","-3.17%"
"11/30/2022","21.75","21.65","22.00","21.44","","-1.00%"
"11/29/2022","21.97","21.95","22.09","21.58","","0.76%"
"11/28/2022","21.80","21.48","22.05","21.42","","7.01%"
"11/25/2022","20.37","20.35","20.58","20.09","","-0.61%"
"11/24/2022","20.50","20.65","20.67","20.21","","0.42%"
"11/23/2022","20.41","20.95","21.12","20.36","","-3.44%"
"11/22/2022","21.14","21.79","21.95","21.10","","-3.74%"
"11/21/2022","21.96","22.82","22.84","21.89","","-0.31%"
"11/18/2022","22.03","22.78","22.84","21.87","","-3.83%"
"11/17/2022","22.91","22.42","23.31","22.20","","1.26%"
"11/16/2022","22.62","21.95","22.97","21.82","","3.13%"
"11/15/2022","21.93","22.21","22.43","21.91","","1.20%"
"11/14/2022","21.67","22.15","22.30","21.49","","-2.28%"
"11/11/2022","22.18","22.47","22.55","21.53","","1.41%"
"11/10/2022","21.87","23.34","24.20","21.82","","-5.12%"
"11/09/2022","23.05","22.95","23.36","22.82","","1.92%"
"11/08/2022","22.62","23.14","23.22","22.54","","-2.60%"
"11/07/2022","23.22","24.03","24.03","23.22","","-0.08%"
"11/04/2022","23.24","24.31","24.40","22.95","","-4.32%"
"11/03/2022","24.29","24.68","25.14","24.22","","-3.45%"
"11/02/2022","25.16","24.84","25.35","24.80","","0.94%"
"11/01/2022","24.92","24.86","25.18","24.79","","-1.25%"
"10/31/2022","25.24","25.91","25.96","25.13","","1.55%"
"10/28/2022","24.85","26.10","26.24","24.74","","-3.99%"
"10/27/2022","25.89","26.96","27.00","25.83","","-3.99%"
"10/26/2022","26.96","27.44","27.58","26.85","","-2.37%"
"10/25/2022","27.61","28.22","28.27","27.53","","-2.11%"
"10/24/2022","28.21","28.69","29.07","27.92","","2.33%"
"10/21/2022","27.57","27.95","28.33","27.49","","-0.19%"
"10/20/2022","27.62","28.33","28.33","27.45","","-1.87%"
"10/19/2022","28.15","28.27","28.60","28.07","","-1.52%"
"10/18/2022","28.58","28.96","29.00","28.26","","-2.15%"
"10/17/2022","29.21","30.38","30.44","29.17","","-1.59%"
"10/14/2022","29.68","29.96","30.20","28.71","","-0.76%"
"10/13/2022","29.91","31.60","31.79","29.76","","-4.80%"
"10/12/2022","31.42","31.61","31.88","31.10","","0.22%"
"10/11/2022","31.35","31.55","31.92","31.12","","0.96%"
"10/10/2022","31.05","31.20","31.35","30.48","","3.98%"
"10/07/2022","29.86","29.80","30.29","29.17","","1.27%"
"10/06/2022","29.49","29.40","29.86","29.04","","-1.61%"
"10/05/2022","29.97","29.40","30.07","29.14","","2.11%"
"10/04/2022","29.35","30.05","30.07","28.69","","-3.72%"
"10/03/2022","30.48","32.67","32.84","30.37","","-0.60%"
"09/30/2022","30.67","31.80","31.91","30.44","","-6.40%"
"09/29/2022","32.77","32.02","33.17","31.64","","4.80%"
"09/28/2022","31.27","33.28","33.45","31.26","","-0.81%"
"09/27/2022","31.52","30.92","31.53","29.97","","1.68%"
"09/26/2022","31.00","32.05","32.35","30.71","","0.59%"
"09/23/2022","30.82","28.68","31.11","28.45","","7.58%"
"09/22/2022","28.65","28.78","28.78","27.47","","2.10%"
"09/21/2022","28.06","28.87","28.94","27.94","","0.64%"
"09/20/2022","27.88","26.29","28.00","26.18","","3.48%"
"09/19/2022","26.94","28.48","28.55","26.74","","-2.46%"
"09/16/2022","27.62","27.37","28.00","27.13","","4.38%"
"09/15/2022","26.46","26.66","26.98","26.04","","-2.87%"
"09/14/2022","27.24","27.13","28.05","26.96","","0.82%"
"09/13/2022","27.02","25.93","27.10","25.38","","5.09%"
"09/12/2022","25.71","26.59","26.60","25.43","","-1.34%"
"09/09/2022","26.06","26.21","26.30","25.58","","-2.98%"
"09/08/2022","26.86","27.53","28.15","26.73","","-3.77%"
"09/07/2022","27.92","28.60","28.86","27.88","","-0.68%"
"09/06/2022","28.11","28.20","28.65","27.67","","-1.93%"
"09/05/2022","28.66","28.96","29.70","28.46","","9.17%"
"09/02/2022","26.26","28.50","28.50","26.14","","-10.13%"
"09/01/2022","29.22","29.03","29.72","28.36","","1.97%"
"08/31/2022","28.65","28.51","29.44","28.25","","-0.87%"
"08/30/2022","28.90","28.48","29.31","27.35","","-1.64%"
"08/29/2022","29.39","29.57","30.54","29.15","","5.63%"
"08/26/2022","27.82","25.62","27.95","25.39","","6.61%"
"08/25/2022","26.09","26.54","26.69","25.76","","-4.50%"
"08/24/2022","27.32","28.37","29.00","27.25","","-5.20%"
"08/23/2022","28.82","29.45","29.56","28.36","","-2.54%"
"08/22/2022","29.57","27.52","30.09","27.38","","12.92%"
"08/19/2022","26.19","24.88","26.19","24.79","","6.63%"
"08/18/2022","24.56","24.59","24.75","23.91","","0.76%"
"08/17/2022","24.38","21.95","24.42","21.85","","10.64%"
"08/16/2022","22.03","22.30","22.36","21.84","","-2.41%"
"08/15/2022","22.58","22.98","23.25","22.58","","1.68%"
"08/12/2022","22.20","22.73","22.74","22.05","","-3.61%"
"08/11/2022","23.04","22.85","23.26","22.52","","-0.44%"
"08/10/2022","23.14","24.96","24.96","23.01","","-5.46%"
"08/09/2022","24.48","23.72","24.72","23.71","","2.71%"
"08/08/2022","23.83","24.70","24.86","23.78","","-2.20%"
"08/05/2022","24.37","23.60","24.73","23.35","","2.16%"
"08/04/2022","23.85","23.82","24.32","23.14","","-0.56%"
"08/03/2022","23.99","25.41","25.50","23.94","","-5.38%"
"08/02/2022","25.35","25.85","26.20","25.07","","2.90%"
"08/01/2022","24.64","24.77","24.97","23.99","","3.47%"
"07/29/2022","23.81","23.96","23.97","23.22","","-2.35%"
"07/28/2022","24.38","25.87","26.20","24.36","","-6.39%"
"07/27/2022","26.05","27.06","27.15","26.03","","-4.56%"
"07/26/2022","27.29","26.69","27.36","26.12","","2.96%"
"07/25/2022","26.50","27.18","27.51","25.38","","2.04%"
"07/22/2022","25.98","27.61","27.76","25.60","","-7.17%"
"07/21/2022","27.98","29.58","29.68","27.34","","-5.64%"
"07/20/2022","29.65","28.76","30.62","28.36","","2.38%"
"07/19/2022","28.96","32.00","32.56","28.75","","-8.31%"
"07/18/2022","31.59","31.53","31.77","30.72","","1.50%"
"07/15/2022","31.12","33.54","33.54","30.92","","-7.25%"
"07/14/2022","33.56","31.80","34.26","31.36","","5.90%"
"07/13/2022","31.69","31.45","33.11","31.38","","2.33%"
"07/12/2022","30.97","31.44","31.92","30.80","","0.91%"
"07/11/2022","30.69","30.61","30.95","29.83","","5.88%"
"07/08/2022","28.98","29.98","30.26","28.83","","-2.52%"
"07/07/2022","29.73","30.53","30.59","29.67","","-4.70%"
"07/06/2022","31.20","31.27","31.66","30.58","","-3.62%"
"07/05/2022","32.37","28.61","32.37","28.45","","12.71%"
"07/04/2022","28.72","29.22","29.37","28.42","","-0.57%"
"07/01/2022","28.88","30.16","30.28","28.56","","-3.02%"
"06/30/2022","29.78","29.27","30.71","29.08","","7.53%"
"06/29/2022","27.70","26.79","28.20","26.56","","6.24%"
"06/28/2022","26.07","26.28","26.61","25.67","","-2.03%"
"06/27/2022","26.61","28.14","28.22","26.52","","-2.23%"
"06/24/2022","27.22","28.73","28.75","26.91","","-5.22%"
"06/23/2022","28.72","27.62","28.99","27.42","","3.56%"
"06/22/2022","27.73","28.74","29.11","27.68","","2.43%"
"06/21/2022","27.08","26.86","27.29","26.49","","-1.60%"
"06/20/2022","27.52","30.09","30.09","27.46","","-6.95%"
"06/17/2022","29.57","31.22","31.33","29.10","","-5.31%"
"06/16/2022","31.23","28.29","31.31","28.29","","9.72%"
"06/15/2022","28.46","29.45","29.69","27.98","","-4.64%"
"06/14/2022","29.85","29.51","31.10","29.16","","-1.06%"
"06/13/2022","30.17","28.85","30.66","28.81","","13.84%"
"06/10/2022","26.50","23.64","26.52","23.64","","16.63%"
"06/09/2022","22.72","22.23","23.02","21.63","","4.00%"
"06/08/2022","21.85","21.81","22.46","21.54","","-1.26%"
"06/07/2022","22.13","22.02","23.02","21.94","","2.56%"
"06/06/2022","21.58","21.87","21.96","20.92","","-0.98%"
"06/03/2022","21.79","21.58","21.97","21.29","","-0.34%"
"06/02/2022","21.87","23.00","23.01","21.79","","-7.19%"
"06/01/2022","23.56","23.10","23.60","22.20","","0.40%"
"05/31/2022","23.47","22.64","23.82","22.39","","6.36%"
"05/30/2022","22.06","22.53","22.57","21.81","","0.24%"
"05/27/2022","22.01","23.30","23.34","21.98","","-6.07%"
"05/26/2022","23.43","24.51","24.51","23.42","","-7.07%"
"05/25/2022","25.21","26.22","26.49","24.78","","-5.23%"
"05/24/2022","26.61","26.13","26.81","25.52","","3.83%"
"05/23/2022","25.62","28.29","28.29","25.59","","-5.11%"
"05/20/2022","27.00","27.02","27.25","25.04","","-3.64%"
"05/19/2022","28.03","27.69","29.96","27.60","","6.59%"
"05/18/2022","26.29","25.54","26.34","24.88","","1.86%"
"05/17/2022","25.81","26.84","26.84","25.54","","-6.29%"
"05/16/2022","27.54","28.73","28.89","27.52","","-1.32%"
"05/13/2022","27.91","30.61","30.74","27.91","","-9.96%"
"05/12/2022","31.00","31.87","32.65","30.72","","1.63%"
"05/11/2022","30.50","33.31","33.42","30.47","","-10.07%"
"05/10/2022","33.92","34.59","34.62","32.64","","-4.00%"
"05/09/2022","35.33","33.20","35.34","33.17","","9.12%"
"05/06/2022","32.38","32.64","34.11","31.82","","2.49%"
"05/05/2022","31.59","30.39","31.74","27.97","","3.63%"
"05/04/2022","30.49","30.98","30.98","29.75","","-2.57%"
"05/03/2022","31.29","31.84","32.46","31.24","","-7.03%"
"05/02/2022","33.66","31.69","34.28","31.69","","12.95%"
"04/29/2022","29.80","30.06","30.24","28.94","","-3.16%"
"04/28/2022","30.77","31.27","32.01","29.71","","-4.49%"
"04/27/2022","32.21","32.02","33.39","31.03","","1.10%"
"04/26/2022","31.86","29.80","32.76","28.35","","5.15%"
"04/25/2022","30.30","29.08","31.34","29.08","","11.34%"
"04/22/2022","27.21","25.20","27.36","25.08","","14.15%"
"04/21/2022","23.84","23.80","24.03","23.26","","-1.44%"
"04/20/2022","24.19","25.74","25.74","24.18","","-7.25%"
"04/19/2022","26.08","27.64","27.85","25.98","","3.61%"
"04/14/2022","25.17","26.72","26.90","24.93","","-8.34%"
"04/13/2022","27.46","28.87","28.99","27.45","","-5.54%"
"04/12/2022","29.07","30.66","31.02","28.88","","-0.77%"
"04/11/2022","29.30","30.42","30.52","28.78","","-1.24%"
"04/08/2022","29.66","30.43","30.83","29.33","","-4.94%"
"04/07/2022","31.21","30.47","31.25","29.10","","0.06%"
"04/06/2022","31.19","28.74","32.25","28.71","","9.34%"
"04/05/2022","28.53","26.73","28.66","26.21","","6.03%"
"04/04/2022","26.90","29.55","29.58","26.85","","-5.66%"
"04/01/2022","28.52","29.49","29.49","28.06","","-2.58%"
"03/31/2022","29.27","27.99","29.66","27.63","","3.30%"
"03/30/2022","28.34","27.34","28.41","27.34","","4.84%"
"03/29/2022","27.03","29.38","29.40","27.03","","-11.04%"
"03/28/2022","30.39","31.34","31.47","29.31","","-3.49%"
"03/25/2022","31.49","31.12","32.20","30.38","","2.07%"
"03/24/2022","30.85","30.62","31.95","29.60","","1.10%"
"03/23/2022","30.51","27.43","31.21","27.14","","10.19%"
"03/22/2022","27.69","28.42","28.47","27.10","","-4.35%"
"03/21/2022","28.95","31.16","31.30","28.89","","-7.65%"
"03/18/2022","31.35","32.51","34.32","31.23","","-5.14%"
"03/17/2022","33.05","35.04","35.67","33.05","","-8.05%"
"03/16/2022","35.94","40.86","40.86","35.94","","-12.29%"
"03/15/2022","40.98","40.90","43.95","40.50","","2.44%"
"03/14/2022","40.00","40.19","40.89","39.36","","-0.27%"
"03/11/2022","40.11","42.29","42.29","37.64","","-4.91%"
"03/10/2022","42.18","41.42","43.51","40.67","","4.71%"
"03/09/2022","40.28","43.15","43.15","39.36","","-7.40%"
"03/08/2022","43.50","43.13","45.52","42.41","","0.56%"
"03/07/2022","43.26","47.56","48.62","42.93","","-2.33%"
"03/04/2022","44.29","39.08","44.29","39.08","","15.98%"
"03/03/2022","38.18","35.70","38.86","35.40","","3.05%"
"03/02/2022","37.05","39.75","40.16","36.24","","-5.08%"
"03/01/2022","39.04","34.32","39.04","34.10","","14.25%"
"02/28/2022","34.17","35.26","38.40","34.01","","7.95%"
"02/25/2022","31.66","34.90","35.51","31.39","","-13.93%"
"02/24/2022","36.78","36.64","40.20","35.50","","14.33%"
"02/23/2022","32.17","30.45","32.43","28.84","","0.39%"
"02/22/2022","32.04","35.25","35.99","30.84","","-7.62%"
"02/21/2022","34.69","31.00","36.66","29.56","","12.73%"
"02/18/2022","30.77","27.93","31.76","27.20","","10.55%"
"02/17/2022","27.83","25.46","28.76","25.28","","7.87%"
"02/16/2022","25.80","25.63","26.87","24.96","","-2.60%"
"02/15/2022","26.49","29.62","29.62","26.29","","-10.97%"
"02/14/2022","29.75","28.54","31.79","28.54","","28.96%"
"02/11/2022","23.07","21.48","23.34","21.47","","10.20%"
"02/10/2022","20.94","20.50","21.55","20.47","","0.43%"
"02/09/2022","20.85","21.65","21.65","20.62","","-7.71%"
"02/08/2022","22.59","23.31","23.52","22.52","","-5.05%"
"02/07/2022","23.79","24.94","25.55","23.67","","-5.93%"
"02/04/2022","25.29","23.86","26.20","23.73","","9.16%"
"02/03/2022","23.17","22.64","23.69","22.41","","5.31%"
"02/02/2022","22.00","22.09","22.12","21.20","","-5.35%"
"02/01/2022","23.24","25.38","25.38","22.93","","-10.74%"
"01/31/2022","26.04","27.85","27.85","25.83","","-5.81%"
"01/28/2022","27.65","26.49","29.36","26.47","","5.68%"
"01/27/2022","26.16","27.62","28.17","25.59","","-3.22%"
"01/26/2022","27.03","27.79","27.79","26.16","","-8.72%"
"01/25/2022","29.62","29.72","30.67","28.41","","-2.73%"
"01/24/2022","30.45","24.42","31.50","24.11","","29.80%"
"01/21/2022","23.46","21.75","24.66","21.75","","18.12%"
"01/20/2022","19.86","20.76","21.45","19.80","","-4.69%"
"01/19/2022","20.84","20.69","21.18","19.84","","2.78%"
"01/18/2022","20.27","19.53","20.83","19.52","","7.08%"
"01/17/2022","18.93","20.47","20.47","18.83","","-2.83%"
"01/14/2022","19.48","18.59","19.78","18.39","","12.49%"
"01/13/2022","17.32","17.05","17.49","16.58","","0.83%"
"01/12/2022","17.18","17.57","17.72","16.80","","-5.39%"
"01/11/2022","18.15","19.15","19.15","18.08","","-9.39%"
"01/10/2022","20.04","19.27","20.79","18.80","","7.15%"
"01/07/2022","18.70","18.29","19.36","17.96","","3.88%"
"01/06/2022","18.00","17.17","18.76","17.17","","11.83%"
"01/05/2022","16.10","16.44","16.57","16.02","","-3.46%"
"01/04/2022","16.67","17.41","17.41","16.18","","-3.91%"
"01/03/2022","17.35","18.17","18.17","17.22","","-1.97%"
"12/30/2021","17.70","18.56","18.56","17.55","","-4.35%"
"12/29/2021","18.51","17.65","18.88","17.45","","5.18%"
"12/28/2021","17.59","18.20","18.21","17.54","","-2.93%"
"12/27/2021","18.13","18.60","18.69","18.09","","5.25%"
"12/23/2021","17.22","18.49","18.50","17.16","","-8.02%"
"12/22/2021","18.72","20.38","20.52","18.71","","-8.75%"
"12/21/2021","20.52","23.35","23.36","20.48","","-15.36%"
"12/20/2021","24.24","24.81","26.47","23.13","","23.27%"
"12/17/2021","19.67","18.30","20.64","18.27","","7.64%"
"12/16/2021","18.27","21.26","21.26","17.72","","-14.92%"
"12/15/2021","21.48","21.87","21.87","21.15","","-0.58%"
"12/14/2021","21.60","20.07","21.92","20.02","","4.93%"
"12/13/2021","20.59","20.38","20.98","19.15","","1.79%"
"12/10/2021","20.22","21.50","21.57","19.87","","-4.06%"
"12/09/2021","21.08","22.17","22.17","20.89","","-4.53%"
"12/08/2021","22.08","21.83","22.75","21.46","","-2.55%"
"12/07/2021","22.66","26.62","26.62","22.61","","-16.47%"
"12/06/2021","27.13","29.18","29.18","27.00","","-3.42%"
"12/03/2021","28.09","27.03","28.82","26.00","","3.87%"
"12/02/2021","27.04","24.22","27.74","24.13","","11.87%"
"12/01/2021","24.17","27.24","27.25","24.02","","-12.25%"
"11/30/2021","27.55","28.03","29.54","26.26","","2.45%"
"11/29/2021","26.89","29.62","29.62","26.03","","-7.54%"
"11/26/2021","29.08","26.07","29.20","24.37","","54.63%"
"11/25/2021","18.81","19.47","19.47","18.75","","-5.01%"
"11/24/2021","19.80","19.45","20.89","18.98","","2.12%"
"11/23/2021","19.39","18.68","19.93","18.53","","10.85%"
"11/22/2021","17.49","17.86","18.15","17.26","","-0.64%"
"11/19/2021","17.60","16.80","18.47","16.09","","6.21%"
"11/18/2021","16.57","15.83","16.81","15.57","","5.80%"
"11/17/2021","15.66","15.39","15.69","15.00","","1.82%"
"11/16/2021","15.38","15.67","15.75","15.27","","-1.76%"
"11/15/2021","15.66","16.04","16.07","15.50","","1.09%"
"11/12/2021","15.49","16.38","16.38","15.43","","-4.44%"
"11/11/2021","16.21","16.60","16.73","16.18","","-1.39%"
"11/10/2021","16.43","17.13","17.59","16.40","","-4.85%"
"11/09/2021","17.27","16.71","17.39","16.13","","4.40%"
"11/08/2021","16.54","16.97","16.98","16.35","","2.92%"
"11/05/2021","16.07","15.65","16.10","15.37","","2.93%"
"11/04/2021","15.62","16.22","16.22","15.09","","-3.35%"
"11/03/2021","16.16","16.66","16.69","16.14","","-1.95%"
"11/02/2021","16.48","17.21","17.39","16.48","","-3.70%"
"11/01/2021","17.11","17.48","17.61","16.80","","0.29%"
"10/29/2021","17.06","17.46","18.86","17.01","","1.00%"
"10/28/2021","16.89","16.66","17.21","16.39","","2.94%"
"10/27/2021","16.41","15.90","16.89","15.90","","4.80%"
"10/26/2021","15.66","15.80","15.80","15.11","","-0.81%"
"10/25/2021","15.79","16.90","16.90","15.78","","-1.49%"
"10/22/2021","16.03","16.35","16.35","15.35","","-1.26%"
"10/21/2021","16.23","16.04","16.34","15.74","","4.61%"
"10/20/2021","15.52","15.88","15.99","15.30","","-0.89%"
"10/19/2021","15.66","16.93","16.94","15.61","","-6.34%"
"10/18/2021","16.72","17.27","18.08","16.57","","4.92%"
"10/15/2021","15.93","16.77","16.78","15.55","","-4.37%"
"10/14/2021","16.66","19.02","19.07","16.52","","-15.22%"
"10/13/2021","19.65","20.84","20.93","19.17","","-4.74%"
"10/12/2021","20.63","20.89","22.05","20.37","","1.53%"
"10/11/2021","20.32","21.52","22.34","20.27","","-0.67%"
"10/08/2021","20.46","21.24","21.55","20.21","","-3.30%"
"10/07/2021","21.16","22.92","22.92","20.99","","-12.98%"
"10/06/2021","24.31","22.57","25.64","22.52","","10.10%"
"10/05/2021","22.08","24.54","24.56","21.89","","-11.53%"
"10/04/2021","24.96","24.91","25.27","23.27","","3.36%"
"10/01/2021","24.15","24.41","25.41","23.36","","3.72%"
"09/30/2021","23.28","23.73","24.42","22.54","","-2.47%"
"09/29/2021","23.87","24.86","24.98","22.87","","-4.26%"
"09/28/2021","24.93","21.70","25.46","21.70","","18.38%"
"09/27/2021","21.06","21.94","21.95","20.58","","-6.00%"
"09/24/2021","22.41","21.72","22.99","21.71","","5.73%"
"09/23/2021","21.19","23.19","23.20","20.56","","-10.08%"
"09/22/2021","23.57","25.20","25.31","23.45","","-10.09%"
"09/21/2021","26.21","26.92","26.92","24.80","","-4.62%"
"09/20/2021","27.48","26.99","29.61","26.97","","15.10%"
"09/17/2021","23.88","22.87","23.99","20.73","","4.65%"
"09/16/2021","22.82","22.16","22.95","20.94","","2.57%"
"09/15/2021","22.24","20.99","22.41","20.61","","6.17%"
"09/14/2021","20.95","21.44","21.90","20.31","","-1.67%"
"09/13/2021","21.31","21.29","21.53","20.23","","2.30%"
"09/10/2021","20.83","20.17","20.98","19.17","","3.36%"
"09/09/2021","20.15","21.97","22.57","19.46","","-5.47%"
"09/08/2021","21.32","20.03","21.79","19.55","","13.34%"
"09/07/2021","18.81","17.86","19.13","17.72","","6.31%"
"09/06/2021","17.69","18.42","18.42","17.25","","-1.21%"
"09/03/2021","17.91","17.45","18.78","17.13","","4.05%"
"09/02/2021","17.21","17.73","17.73","17.14","","-2.19%"
"09/01/2021","17.60","17.98","18.10","16.78","","-3.72%"
"08/31/2021","18.28","17.19","18.73","16.92","","6.91%"
"08/30/2021","17.09","17.97","17.98","16.97","","-0.96%"
"08/27/2021","17.26","18.66","18.89","17.06","","-7.77%"
"08/26/2021","18.71","18.21","19.15","18.03","","7.80%"
"08/25/2021","17.36","17.62","17.62","17.00","","-1.32%"
"08/24/2021","17.59","17.22","18.11","17.02","","0.47%"
"08/23/2021","17.51","20.29","20.29","17.49","","-10.46%"
"08/20/2021","19.56","21.70","23.03","19.48","","-10.79%"
"08/19/2021","21.92","20.67","23.51","20.67","","20.54%"
"08/18/2021","18.19","18.26","18.91","18.00","","-0.67%"
"08/17/2021","18.31","18.66","18.71","17.91","","1.60%"
"08/16/2021","18.02","17.16","18.76","17.11","","12.22%"
"08/13/2021","16.06","16.32","16.43","15.85","","-1.83%"
"08/12/2021","16.36","16.79","16.83","16.13","","-3.01%"
"08/11/2021","16.87","17.21","17.49","16.47","","-1.46%"
"08/10/2021","17.12","17.24","17.24","16.69","","-0.74%"
"08/09/2021","17.24","18.20","18.30","17.24","","-2.07%"
"08/06/2021","17.61","18.19","18.19","17.06","","-2.08%"
"08/05/2021","17.98","18.81","18.81","17.95","","-4.13%"
"08/04/2021","18.76","19.78","19.78","18.38","","-4.83%"
"08/03/2021","19.71","19.61","20.20","18.82","","2.04%"
"08/02/2021","19.31","21.14","21.15","19.17","","-4.41%"
"07/30/2021","20.20","19.36","20.89","18.99","","8.10%"
"07/29/2021","18.69","18.66","18.77","17.90","","-0.55%"
"07/28/2021","18.79","20.15","20.15","18.77","","-6.48%"
"07/27/2021","20.09","18.78","20.12","18.58","","11.44%"
"07/26/2021","18.03","18.35","19.41","17.78","","6.92%"
"07/23/2021","16.86","18.86","18.86","16.73","","-9.25%"
"07/22/2021","18.58","19.85","19.85","17.88","","-8.09%"
"07/21/2021","20.22","22.06","22.07","20.02","","-10.78%"
"07/20/2021","22.66","22.99","24.41","21.92","","-5.99%"
"07/19/2021","24.11","21.05","24.80","20.94","","29.79%"
"07/16/2021","18.58","18.08","19.03","17.31","","3.19%"
"07/15/2021","18.00","16.65","18.47","16.65","","3.26%"
"07/14/2021","17.43","17.82","18.25","17.22","","-0.54%"
"07/13/2021","17.53","17.70","17.77","17.20","","-0.12%"
"07/12/2021","17.55","18.43","19.13","17.54","","-1.79%"
"07/09/2021","17.87","19.50","19.50","17.76","","-11.67%"
"07/08/2021","20.23","18.49","21.50","18.49","","15.49%"
"07/07/2021","17.52","17.98","17.98","17.39","","-4.67%"
"07/06/2021","18.38","17.23","18.59","16.73","","8.57%"
"07/05/2021","16.93","17.82","18.03","16.86","","0.56%"
"07/02/2021","16.83","17.89","17.92","16.78","","-6.23%"
"07/01/2021","17.95","18.13","18.92","17.36","","-2.56%"
"06/30/2021","18.42","17.54","19.47","17.48","","7.00%"
"06/29/2021","17.22","17.41","17.58","17.09","","-3.55%"
"06/28/2021","17.85","17.67","18.31","17.23","","3.54%"
"06/25/2021","17.24","17.98","18.19","17.21","","-3.75%"
"06/24/2021","17.91","18.65","18.65","17.69","","-5.79%"
"06/23/2021","19.01","18.24","19.22","18.09","","4.03%"
"06/22/2021","18.28","20.42","20.50","18.19","","-10.73%"
"06/21/2021","20.47","23.11","23.29","20.43","","-5.03%"
"06/18/2021","21.56","18.36","21.58","18.14","","17.23%"
"06/17/2021","18.39","18.36","19.05","17.62","","2.18%"
"06/16/2021","18.00","18.37","18.79","17.81","","-1.69%"
"06/15/2021","18.31","17.83","18.48","17.50","","2.48%"
"06/14/2021","17.86","17.39","17.90","17.07","","5.20%"
"06/11/2021","16.98","18.09","18.10","16.93","","-6.65%"
"06/10/2021","18.19","18.93","19.79","18.18","","-2.10%"
"06/09/2021","18.58","18.77","19.58","18.42","","-1.19%"
"06/08/2021","18.81","18.87","19.19","18.33","","-0.66%"
"06/07/2021","18.93","19.33","19.37","18.59","","3.37%"
"06/04/2021","18.31","19.45","19.79","18.22","","-4.47%"
"06/03/2021","19.17","19.19","20.90","19.04","","1.36%"
"06/02/2021","18.91","19.44","19.95","18.84","","-3.20%"
"06/01/2021","19.54","19.68","19.68","18.59","","-2.10%"
"05/31/2021","19.96","18.94","19.96","18.61","","9.72%"
"05/28/2021","18.19","18.50","18.51","17.62","","-2.76%"
"05/27/2021","18.71","19.08","19.31","18.04","","-1.31%"
"05/26/2021","18.96","19.57","19.78","18.94","","-3.81%"
"05/25/2021","19.71","20.95","20.98","19.15","","-5.18%"
"05/21/2021","20.78","22.42","23.16","20.73","","-8.59%"
"05/20/2021","22.74","24.51","25.44","22.71","","-10.38%"
"05/19/2021","25.37","24.42","28.20","23.96","","14.98%"
"05/18/2021","22.06","21.40","23.29","20.54","","-1.66%"
"05/17/2021","22.44","20.98","22.49","20.98","","8.09%"
"05/14/2021","20.76","22.83","23.22","20.73","","-14.88%"
"05/13/2021","24.39","25.80","28.31","23.39","","0.89%"
"05/12/2021","24.17","23.77","24.22","22.66","","3.49%"
"05/11/2021","23.36","22.77","24.50","22.08","","19.66%"
"05/10/2021","19.52","19.95","20.17","19.51","","-0.13%"
"05/07/2021","19.55","21.20","21.25","19.55","","-9.58%"
"05/06/2021","21.62","20.60","22.52","20.52","","2.04%"
"05/05/2021","21.18","22.21","22.29","20.92","","-9.63%"
"05/04/2021","23.44","20.03","23.54","19.68","","13.94%"
"05/03/2021","20.57","21.30","22.28","20.35","","-2.98%"
"04/30/2021","21.21","19.28","21.22","19.14","","7.62%"
"04/29/2021","19.71","19.31","20.46","18.38","","1.75%"
"04/28/2021","19.37","19.34","19.58","18.60","","-2.32%"
"04/27/2021","19.83","19.33","19.92","18.98","","3.02%"
"04/26/2021","19.25","19.71","19.99","19.05","","0.03%"
"04/23/2021","19.24","19.58","20.85","19.00","","2.09%"
"04/22/2021","18.85","19.74","19.75","18.80","","-8.08%"
"04/21/2021","20.50","21.64","21.99","20.46","","-6.46%"
"04/20/2021","21.92","19.06","22.27","18.92","","16.98%"
"04/19/2021","18.74","17.84","18.87","17.67","","10.16%"
"04/16/2021","17.01","16.56","17.04","16.29","","1.28%"
"04/15/2021","16.80","16.66","16.80","16.28","","-4.14%"
"04/14/2021","17.52","17.41","17.66","17.17","","0.12%"
"04/13/2021","17.50","17.91","18.34","17.33","","-3.71%"
"04/12/2021","18.17","18.00","18.38","17.80","","4.22%"
"04/09/2021","17.44","17.74","17.74","17.18","","-0.43%"
"04/08/2021","17.51","17.57","17.90","17.31","","-2.55%"
"04/07/2021","17.97","18.27","18.45","17.84","","-1.61%"
"04/06/2021","18.27","19.37","19.37","17.88","","0.17%"
"04/01/2021","18.24","18.96","18.96","18.12","","-4.36%"
"03/31/2021","19.07","18.98","19.12","18.70","","-0.44%"
"03/30/2021","19.15","19.28","19.45","18.88","","-1.08%"
"03/29/2021","19.36","19.29","19.63","18.81","","4.80%"
"03/26/2021","18.47","19.52","19.69","18.33","","-7.94%"
"03/25/2021","20.07","19.64","21.19","19.24","","3.72%"
"03/24/2021","19.35","19.78","20.30","19.25","","1.17%"
"03/23/2021","19.12","19.58","19.66","18.79","","-1.60%"
"03/22/2021","19.43","21.26","21.29","19.41","","-3.74%"
"03/19/2021","20.19","19.70","22.08","19.69","","6.10%"
"03/18/2021","19.03","18.83","19.28","18.42","","-0.71%"
"03/17/2021","19.16","18.93","19.55","18.64","","0.98%"
"03/16/2021","18.98","20.04","20.04","18.76","","-7.19%"
"03/15/2021","20.45","20.27","21.03","19.58","","2.12%"
"03/12/2021","20.02","20.60","21.26","20.01","","-0.85%"
"03/11/2021","20.19","20.76","20.92","20.14","","-2.55%"
"03/10/2021","20.72","21.37","21.44","20.47","","-2.51%"
"03/09/2021","21.25","21.92","22.03","21.02","","-1.69%"
"03/08/2021","21.62","25.37","25.37","21.61","","-13.97%"
"03/05/2021","25.13","24.41","25.63","22.92","","8.72%"
"03/04/2021","23.11","23.45","24.74","22.93","","1.74%"
"03/03/2021","22.72","22.09","23.91","21.65","","-0.58%"
"03/02/2021","22.85","22.94","23.20","22.33","","-1.93%"
"03/01/2021","23.30","27.44","27.44","23.22","","-13.06%"
"02/26/2021","26.80","24.57","27.82","24.57","","15.34%"
"02/25/2021","23.23","22.36","23.64","21.75","","2.67%"
"02/24/2021","22.63","23.88","24.04","22.50","","-6.84%"
"02/23/2021","24.29","22.94","25.92","22.93","","4.96%"
"02/22/2021","23.14","23.70","24.75","23.08","","3.37%"
"02/19/2021","22.39","23.93","23.93","22.39","","-6.63%"
"02/18/2021","23.98","22.92","24.56","22.62","","1.97%"
"02/17/2021","23.52","22.79","23.66","22.14","","4.76%"
"02/16/2021","22.45","21.93","22.49","21.60","","2.53%"
"02/15/2021","21.89","22.54","22.54","21.62","","-0.36%"
"02/12/2021","21.97","22.98","23.62","21.97","","-4.12%"
"02/11/2021","22.92","24.07","24.07","22.68","","-4.61%"
"02/10/2021","24.02","22.73","24.94","22.35","","5.50%"
"02/09/2021","22.77","22.40","23.02","21.99","","1.66%"
"02/08/2021","22.40","23.11","23.12","22.04","","-0.72%"
"02/05/2021","22.56","23.09","23.23","22.32","","-3.10%"
"02/04/2021","23.28","24.10","24.10","22.98","","-5.04%"
"02/03/2021","24.52","25.24","25.24","24.18","","-4.52%"
"02/02/2021","25.68","28.15","28.15","25.43","","-11.00%"
"02/01/2021","28.85","30.54","30.54","28.29","","-3.91%"
"01/29/2021","30.03","30.25","31.25","28.96","","5.59%"
"01/28/2021","28.44","28.98","33.51","28.27","","0.74%"
"01/27/2021","28.23","25.25","30.14","25.11","","14.28%"
"01/26/2021","24.70","26.86","26.86","24.22","","-8.64%"
"01/25/2021","27.04","23.06","27.29","22.69","","18.71%"
"01/22/2021","22.78","22.44","24.97","22.43","","5.66%"
"01/21/2021","21.56","21.41","22.21","21.01","","-1.74%"
"01/20/2021","21.94","23.22","23.25","21.86","","-6.87%"
"01/19/2021","23.56","23.17","23.57","22.45","","0.25%"
"01/18/2021","23.50","24.66","24.68","23.50","","-0.79%"
"01/15/2021","23.69","22.14","25.56","22.02","","10.34%"
"01/14/2021","21.47","22.17","22.17","21.04","","-7.56%"
"01/13/2021","23.22","23.39","23.89","22.99","","-2.97%"
"01/12/2021","23.93","23.87","24.52","23.30","","-0.79%"
"01/11/2021","24.12","23.28","24.85","23.23","","7.22%"
"01/08/2021","22.50","22.69","22.92","21.68","","-1.67%"
"01/07/2021","22.88","23.57","23.86","22.69","","-2.16%"
"01/06/2021","23.39","26.58","26.58","23.37","","-13.85%"
"01/05/2021","27.15","26.82","28.43","26.56","","1.85%"
"01/04/2021","26.65","25.77","27.57","24.32","","7.77%"
"12/30/2020","24.73","25.00","25.27","24.42","","-0.34%"
"12/29/2020","24.82","23.73","24.89","23.21","","3.71%"
"12/28/2020","23.93","25.36","25.42","23.93","","-5.48%"
"12/23/2020","25.31","26.41","26.41","25.28","","-7.48%"
"12/22/2020","27.36","27.86","27.86","26.83","","-5.74%"
"12/21/2020","29.03","27.49","32.61","27.36","","20.61%"
"12/18/2020","24.07","23.46","24.29","22.37","","3.76%"
"12/17/2020","23.19","23.18","23.23","22.42","","-3.14%"
"12/16/2020","23.95","23.34","24.06","22.62","","-0.37%"
"12/15/2020","24.03","24.83","24.85","23.42","","-2.25%"
"12/14/2020","24.59","24.55","24.59","23.63","","-2.39%"
"12/11/2020","25.19","22.79","26.32","22.79","","12.04%"
"12/10/2020","22.48","22.44","23.81","21.99","","2.39%"
"12/09/2020","21.96","22.06","22.12","21.30","","-2.30%"
"12/08/2020","22.47","23.20","23.83","22.34","","-3.91%"
"12/07/2020","23.39","23.79","25.20","23.36","","2.26%"
"12/04/2020","22.87","23.21","23.25","22.55","","-1.61%"
"12/03/2020","23.25","23.70","24.27","23.01","","-1.92%"
"12/02/2020","23.70","23.58","24.14","23.16","","1.33%"
"12/01/2020","23.39","24.03","24.21","23.12","","-6.09%"
"11/30/2020","24.91","23.70","24.91","23.27","","13.12%"
"11/27/2020","22.02","21.89","22.16","21.47","","0.26%"
"11/26/2020","21.96","22.62","22.66","21.92","","-3.62%"
"11/25/2020","22.79","22.63","23.24","22.42","","-0.05%"
"11/24/2020","22.80","23.11","23.32","22.36","","-4.23%"
"11/23/2020","23.81","23.04","23.99","22.56","","4.64%"
"11/20/2020","22.75","23.40","23.40","22.10","","-2.39%"
"11/19/2020","23.31","23.55","24.06","22.69","","1.83%"
"11/18/2020","22.89","24.23","24.23","22.77","","-5.30%"
"11/17/2020","24.17","24.17","25.00","23.87","","-0.13%"
"11/16/2020","24.20","25.64","26.26","24.20","","-3.63%"
"11/13/2020","25.12","25.89","25.93","24.49","","-0.99%"
"11/12/2020","25.37","25.51","26.11","24.81","","1.89%"
"11/11/2020","24.90","26.70","27.06","24.78","","-7.19%"
"11/10/2020","26.83","26.49","27.37","25.95","","3.11%"
"11/09/2020","26.02","28.10","28.10","25.74","","-6.92%"
"11/06/2020","27.95","28.43","29.94","27.60","","-1.23%"
"11/05/2020","28.30","29.24","29.24","27.75","","-5.03%"
"11/04/2020","29.80","35.75","35.75","29.44","","-14.36%"
"11/03/2020","34.80","36.84","36.84","34.64","","-7.07%"
"11/02/2020","37.44","38.71","38.89","36.57","","-1.32%"
"10/30/2020","37.94","39.89","40.23","37.45","","-4.30%"
"10/29/2020","39.65","40.15","41.91","38.50","","-2.22%"
"10/28/2020","40.55","39.19","42.10","37.43","","17.20%"
"10/27/2020","34.60","34.58","35.44","33.56","","2.72%"
"10/26/2020","33.68","32.45","33.81","31.96","","11.90%"
"10/23/2020","30.10","30.88","30.88","29.14","","-2.54%"
"10/22/2020","30.88","32.72","32.72","30.64","","-0.93%"
"10/21/2020","31.17","29.97","31.51","29.61","","5.25%"
"10/20/2020","29.62","29.43","29.95","28.58","","3.55%"
"10/19/2020","28.60","27.58","28.74","27.27","","5.12%"
"10/16/2020","27.21","28.23","28.23","26.13","","-5.42%"
"10/15/2020","28.77","26.14","29.56","26.13","","14.93%"
"10/14/2020","25.03","24.74","25.25","24.09","","1.46%"
"10/13/2020","24.67","24.08","24.88","23.55","","4.80%"
"10/12/2020","23.54","24.16","24.16","23.07","","0.29%"
"10/09/2020","23.47","25.04","25.05","23.47","","-7.05%"
"10/08/2020","25.25","25.80","26.05","24.92","","-4.03%"
"10/07/2020","26.31","26.76","26.99","26.10","","-1.05%"
"10/06/2020","26.59","27.36","27.54","26.11","","-3.73%"
"10/05/2020","27.62","28.84","28.98","27.49","","-2.26%"
"10/02/2020","28.26","28.87","30.03","28.10","","2.02%"
"10/01/2020","27.70","27.43","28.01","27.03","","1.65%"
"09/30/2020","27.25","28.27","28.52","26.80","","-2.68%"
"09/29/2020","28.00","28.83","29.04","27.62","","-0.74%"
"09/28/2020","28.21","28.66","28.72","27.75","","-3.32%"
"09/25/2020","29.18","29.50","31.09","29.00","","-1.59%"
"09/24/2020","29.65","29.93","30.31","28.78","","3.24%"
"09/23/2020","28.72","29.51","29.56","27.50","","-3.04%"
"09/22/2020","29.62","30.45","30.49","28.89","","-5.64%"
"09/21/2020","31.39","31.39","31.39","31.39","","27.65%"
"09/18/2020","24.59","24.76","25.13","23.32","","0.20%"
"09/17/2020","24.54","25.40","25.71","24.28","","1.78%"
"09/16/2020","24.11","23.48","24.50","22.81","","2.03%"
"09/15/2020","23.63","24.18","24.23","23.13","","-1.79%"
"09/14/2020","24.06","25.58","25.58","24.00","","-2.59%"
"09/11/2020","24.70","25.84","26.06","24.63","","-4.41%"
"09/10/2020","25.84","26.49","27.01","24.80","","-3.08%"
"09/09/2020","26.66","28.56","28.56","26.53","","-9.17%"
"09/08/2020","29.35","28.08","31.50","27.98","","3.71%"
"09/07/2020","28.30","30.49","30.66","28.06","","-11.51%"
"09/04/2020","31.98","30.43","33.28","28.36","","7.79%"
"09/03/2020","29.67","27.33","30.06","25.85","","8.40%"
"09/02/2020","27.37","27.58","27.64","26.23","","-2.49%"
"09/01/2020","28.07","26.95","28.60","26.02","","2.56%"
"08/31/2020","27.37","26.02","27.37","25.17","","3.63%"
"08/28/2020","26.41","25.17","26.64","24.81","","7.40%"
"08/27/2020","24.59","24.61","24.89","23.42","","5.36%"
"08/26/2020","23.34","24.04","24.25","23.29","","-3.87%"
"08/25/2020","24.28","23.79","24.53","23.28","","-0.12%"
"08/24/2020","24.31","24.74","24.87","24.00","","-4.70%"
"08/21/2020","25.51","25.04","27.25","24.26","","0.63%"
"08/20/2020","25.35","24.95","26.21","24.59","","8.33%"
"08/19/2020","23.40","24.46","24.78","23.40","","-4.41%"
"08/18/2020","24.48","24.60","24.95","22.90","","0.58%"
"08/17/2020","24.34","25.94","26.40","24.30","","-3.41%"
"08/14/2020","25.20","25.35","27.20","24.83","","4.13%"
"08/13/2020","24.20","24.34","25.19","24.10","","0.29%"
"08/12/2020","24.13","25.59","25.62","23.47","","-2.51%"
"08/11/2020","24.75","24.94","25.20","23.92","","-3.21%"
"08/10/2020","25.57","26.18","26.74","25.18","","0.00%"
"08/07/2020","25.57","26.55","27.16","25.23","","-2.78%"
"08/06/2020","26.30","25.16","26.86","24.57","","2.49%"
"08/05/2020","25.66","26.20","26.56","25.49","","-4.68%"
"08/04/2020","26.92","27.32","28.50","26.71","","-2.04%"
"08/03/2020","27.48","29.15","29.26","27.23","","-4.42%"
"07/31/2020","28.75","29.72","29.72","27.02","","-4.49%"
"07/30/2020","30.10","27.25","31.79","27.25","","15.59%"
"07/29/2020","26.04","26.27","26.47","25.70","","-0.34%"
"07/28/2020","26.13","26.12","27.35","25.67","","-2.24%"
"07/27/2020","26.73","27.62","27.79","26.64","","-1.29%"
"07/24/2020","27.08","28.00","28.46","26.83","","8.93%"
"07/23/2020","24.86","24.99","25.28","23.63","","-3.00%"
"07/22/2020","25.63","25.05","26.43","24.99","","2.52%"
"07/21/2020","25.00","24.64","25.08","23.26","","-2.53%"
"07/20/2020","25.65","27.95","28.45","25.63","","-5.66%"
"07/17/2020","27.19","27.81","27.90","26.94","","-4.26%"
"07/16/2020","28.40","29.13","29.51","27.92","","-3.24%"
"07/15/2020","29.35","29.64","29.65","28.62","","-5.54%"
"07/14/2020","31.07","31.11","32.56","30.93","","5.25%"
"07/13/2020","29.52","31.12","31.19","29.45","","-5.05%"
"07/10/2020","31.09","33.26","33.41","31.03","","-4.72%"
"07/09/2020","32.63","31.20","32.91","29.80","","2.67%"
"07/08/2020","31.78","31.01","31.93","30.34","","4.92%"
"07/07/2020","30.29","31.02","31.64","30.24","","0.93%"
"07/06/2020","30.01","31.16","31.16","30.00","","-3.35%"
"07/03/2020","31.05","29.70","31.26","29.52","","2.41%"
"07/02/2020","30.32","31.68","31.68","29.77","","-8.01%"
"07/01/2020","32.96","34.55","34.81","32.51","","-3.91%"
"06/30/2020","34.30","36.36","36.80","34.20","","-7.22%"
"06/29/2020","36.97","37.81","38.57","36.29","","-1.47%"
"06/26/2020","37.52","35.97","38.17","34.20","","0.89%"
"06/25/2020","37.19","40.07","40.91","36.99","","-4.54%"
"06/24/2020","38.96","34.44","38.99","34.39","","14.66%"
"06/23/2020","33.98","35.92","35.92","33.50","","-6.75%"
"06/22/2020","36.44","37.20","37.80","36.00","","4.95%"
"06/19/2020","34.72","36.49","36.49","33.70","","-6.36%"
"06/18/2020","37.08","36.97","39.02","35.93","","-0.46%"
"06/17/2020","37.25","38.03","38.30","36.32","","-3.62%"
"06/16/2020","38.65","39.73","40.64","35.76","","-4.50%"
"06/15/2020","40.47","44.89","46.01","40.26","","-4.53%"
"06/12/2020","42.39","40.29","42.90","38.24","","9.42%"
"06/11/2020","38.74","35.60","38.79","34.31","","18.87%"
"06/10/2020","32.59","31.88","34.27","31.66","","0.18%"
"06/09/2020","32.53","31.24","33.82","31.19","","4.87%"
"06/08/2020","31.02","31.70","31.75","30.16","","1.51%"
"06/05/2020","30.56","29.87","30.56","29.34","","1.43%"
"06/04/2020","30.13","32.00","32.06","29.77","","-6.22%"
"06/03/2020","32.13","32.40","32.42","31.09","","-1.95%"
"06/02/2020","32.77","32.45","32.77","31.33","","-2.03%"
"05/29/2020","33.45","33.15","33.54","32.17","","5.12%"
"05/28/2020","31.82","31.68","32.08","30.96","","-0.31%"
"05/27/2020","31.92","30.69","32.88","29.92","","3.77%"
"05/26/2020","30.76","31.67","32.15","30.57","","-3.57%"
"05/25/2020","31.90","34.75","34.88","31.85","","-6.89%"
"05/22/2020","34.26","36.95","37.66","34.06","","-2.53%"
"05/21/2020","35.15","33.05","35.28","32.29","","10.43%"
"05/20/2020","31.83","33.83","34.35","31.57","","-4.47%"
"05/19/2020","33.32","32.35","35.15","31.97","","0.33%"
"05/18/2020","33.21","36.60","36.60","32.99","","-12.37%"
"05/15/2020","37.90","38.08","39.13","36.35","","-7.90%"
"05/14/2020","41.15","37.71","44.27","37.10","","16.54%"
"05/13/2020","35.31","31.61","35.66","31.61","","15.28%"
"05/12/2020","30.63","33.59","33.59","30.54","","-8.54%"
"05/11/2020","33.49","32.19","34.85","31.56","","3.46%"
"05/08/2020","32.37","34.04","34.25","32.35","","-6.74%"
"05/07/2020","34.71","35.87","35.92","34.64","","-5.06%"
"05/06/2020","36.56","36.81","37.01","35.52","","-0.52%"
"05/05/2020","36.75","38.57","39.52","36.73","","-8.81%"
"05/04/2020","40.30","41.34","42.57","39.97","","9.99%"
"04/30/2020","36.64","34.29","37.35","34.06","","6.88%"
"04/29/2020","34.28","34.69","35.40","33.56","","-3.19%"
"04/28/2020","35.41","36.21","36.29","33.91","","-5.35%"
"04/27/2020","37.41","42.58","42.58","37.40","","-11.56%"
"04/24/2020","42.30","43.74","44.11","41.18","","0.79%"
"04/23/2020","41.97","44.84","45.50","41.30","","-8.16%"
"04/22/2020","45.70","49.59","49.61","45.50","","-8.96%"
"04/21/2020","50.20","45.99","50.25","45.74","","14.72%"
"04/20/2020","43.76","44.73","47.40","43.42","","0.51%"
"04/17/2020","43.54","45.00","45.00","42.84","","-4.87%"
"04/16/2020","45.77","45.86","46.92","44.66","","-2.08%"
"04/15/2020","46.74","42.81","46.93","42.81","","6.30%"
"04/14/2020","43.97","47.35","47.35","43.62","","-6.17%"
"04/09/2020","46.86","44.63","47.70","43.96","","1.17%"
"04/08/2020","46.32","47.47","48.09","46.27","","-1.00%"
"04/07/2020","46.79","42.43","47.13","41.71","","6.92%"
"04/06/2020","43.76","47.67","47.67","43.10","","-7.48%"
"04/03/2020","47.30","50.30","50.45","47.14","","-6.65%"
"04/02/2020","50.67","51.60","52.10","48.65","","-2.60%"
"04/01/2020","52.02","53.36","54.84","50.89","","3.11%"
"03/31/2020","50.45","55.29","55.29","49.83","","-11.79%"
"03/30/2020","57.19","62.86","63.99","57.07","","-8.03%"
"03/27/2020","62.18","57.96","64.16","57.70","","8.63%"
"03/26/2020","57.24","58.65","60.46","55.83","","-0.28%"
"03/25/2020","57.40","52.75","62.08","52.07","","6.16%"
"03/24/2020","54.07","63.94","64.94","52.40","","-16.34%"
"03/23/2020","64.63","73.86","73.92","62.67","","-4.87%"
"03/20/2020","67.94","74.48","74.48","62.68","","-11.59%"
"03/19/2020","76.85","82.24","84.47","76.76","","-6.53%"
"03/18/2020","82.22","79.37","86.30","79.37","","4.75%"
"03/17/2020","78.49","83.18","90.44","77.55","","-8.74%"
"03/16/2020","86.01","79.01","93.30","79.01","","15.78%"
"03/13/2020","74.29","70.88","75.57","62.98","","4.99%"
"03/12/2020","70.76","57.41","71.38","57.23","","32.51%"
"03/11/2020","53.40","53.46","54.94","51.12","","0.00%"
"03/10/2020","53.40","52.82","55.36","43.67","","-2.79%"
"03/09/2020","54.93","49.35","62.67","49.30","","37.39%"
"03/06/2020","39.98","36.42","42.25","36.31","","22.56%"
"03/05/2020","32.62","29.58","34.35","29.50","","9.50%"
"03/04/2020","29.79","32.74","32.79","29.20","","-8.68%"
"03/03/2020","32.62","30.91","32.93","29.04","","-4.37%"
"03/02/2020","34.11","35.53","38.72","32.43","","-14.96%"
"02/28/2020","40.11","38.49","43.19","36.93","","22.66%"
"02/27/2020","32.70","26.44","34.86","26.20","","35.18%"
"02/26/2020","24.19","26.92","30.71","24.09","","-8.65%"
"02/25/2020","26.48","22.15","26.54","22.15","","14.53%"
"02/24/2020","23.12","22.89","23.85","21.88","","35.20%"
"02/21/2020","17.10","16.89","17.92","15.89","","8.85%"
"02/20/2020","15.71","14.71","15.71","14.65","","7.31%"
"02/19/2020","14.64","14.92","14.93","14.38","","-5.37%"
"02/18/2020","15.47","15.10","15.57","14.82","","7.36%"
"02/17/2020","14.41","14.47","14.64","14.36","","0.70%"
"02/14/2020","14.31","14.47","14.52","14.02","","-2.12%"
"02/13/2020","14.62","14.47","15.88","14.35","","4.50%"
"02/12/2020","13.99","14.07","14.27","13.74","","-1.13%"
"02/11/2020","14.15","14.32","14.84","14.04","","-5.03%"
"02/10/2020","14.90","15.11","15.43","14.80","","3.04%"
"02/07/2020","14.46","14.12","15.11","13.89","","4.03%"
"02/06/2020","13.90","14.45","14.45","13.90","","-2.80%"
"02/05/2020","14.30","15.35","15.40","14.13","","-6.54%"
"02/04/2020","15.30","16.03","16.04","15.14","","-9.63%"
"02/03/2020","16.93","17.54","17.76","16.71","","-3.75%"
"01/31/2020","17.59","15.92","17.88","15.66","","4.33%"
"01/30/2020","16.86","16.57","17.38","16.00","","12.03%"
"01/29/2020","15.05","15.28","15.78","14.76","","-4.26%"
"01/28/2020","15.72","16.48","17.43","15.50","","-11.14%"
"01/27/2020","17.69","16.24","17.98","15.64","","30.65%"
"01/24/2020","13.54","13.53","13.57","12.53","","-3.84%"
"01/23/2020","14.08","13.85","14.42","13.24","","5.07%"
"01/22/2020","13.40","12.84","13.47","12.64","","3.16%"
"01/21/2020","12.99","13.89","13.90","12.95","","3.84%"
"01/20/2020","12.51","12.61","12.83","12.39","","3.56%"
"01/17/2020","12.08","12.03","12.28","11.57","","-1.31%"
"01/16/2020","12.24","12.42","12.66","12.16","","-7.27%"
"01/15/2020","13.20","13.70","13.71","13.16","","-1.42%"
"01/14/2020","13.39","13.89","14.36","13.39","","-2.26%"
"01/13/2020","13.70","13.74","13.95","13.39","","2.01%"
"01/10/2020","13.43","13.60","13.83","13.39","","-3.31%"
"01/09/2020","13.89","13.90","14.17","13.47","","-6.34%"
"01/08/2020","14.83","16.03","16.24","14.64","","-1.46%"
"01/07/2020","15.05","15.25","15.91","14.85","","-5.76%"
"01/06/2020","15.97","16.52","17.77","15.83","","5.34%"
"01/03/2020","15.16","14.90","15.79","14.89","","10.42%"
"01/02/2020","13.73","14.32","14.32","13.49","","-3.11%"
"12/30/2019","14.17","14.09","14.36","14.04","","6.62%"
"12/27/2019","13.29","13.45","13.45","12.78","","1.76%"
"12/23/2019","13.06","12.73","13.08","12.62","","7.40%"
"12/20/2019","12.16","12.91","13.08","12.16","","-7.10%"
"12/19/2019","13.09","13.10","13.55","13.04","","-0.30%"
"12/18/2019","13.13","13.34","13.35","12.75","","-1.06%"
"12/17/2019","13.27","12.95","13.48","12.80","","4.82%"
"12/16/2019","12.66","13.13","13.28","12.66","","-8.99%"
"12/13/2019","13.91","13.35","14.83","13.00","","-9.26%"
"12/12/2019","15.33","15.63","16.24","14.87","","-2.85%"
"12/11/2019","15.78","15.81","16.52","15.61","","-0.82%"
"12/10/2019","15.91","16.67","17.36","15.71","","1.27%"
"12/09/2019","15.71","15.44","15.77","15.25","","4.66%"
"12/06/2019","15.01","16.10","16.16","15.00","","-7.57%"
"12/05/2019","16.24","15.83","16.35","15.57","","1.37%"
"12/04/2019","16.02","17.46","17.46","15.90","","-9.80%"
"12/03/2019","17.76","16.35","18.79","16.20","","4.29%"
"12/02/2019","17.03","14.70","17.35","14.26","","17.69%"
"11/29/2019","14.47","14.61","14.64","14.17","","2.62%"
"11/28/2019","14.10","13.99","14.19","13.81","","4.14%"
"11/27/2019","13.54","13.72","13.91","13.37","","-0.29%"
"11/26/2019","13.58","14.06","14.18","13.54","","-3.62%"
"11/25/2019","14.09","14.46","14.75","14.05","","-4.15%"
"11/22/2019","14.70","14.33","14.73","14.02","","-0.14%"
"11/21/2019","14.72","15.25","15.61","14.59","","1.73%"
"11/20/2019","14.47","15.40","15.60","14.25","","1.33%"
"11/19/2019","14.28","13.23","14.45","13.00","","4.85%"
"11/18/2019","13.62","13.33","14.09","13.18","","4.29%"
"11/15/2019","13.06","13.69","13.81","13.05","","-5.50%"
"11/14/2019","13.82","13.96","14.01","13.52","","-0.72%"
"11/13/2019","13.92","13.88","14.93","13.84","","1.46%"
"11/12/2019","13.72","14.04","14.13","13.59","","-4.06%"
"11/11/2019","14.30","14.50","15.01","14.30","","2.44%"
"11/08/2019","13.96","13.93","14.42","13.69","","2.50%"
"11/07/2019","13.62","13.71","13.87","13.50","","-2.58%"
"11/06/2019","13.98","14.00","14.49","13.85","","0.00%"
"11/05/2019","13.98","13.65","14.10","13.57","","1.53%"
"11/04/2019","13.77","13.67","13.81","13.16","","3.07%"
"11/01/2019","13.36","13.91","14.05","13.23","","-5.98%"
"10/31/2019","14.21","13.80","15.14","13.63","","-0.14%"
"10/30/2019","14.23","14.33","14.95","14.14","","0.35%"
"10/29/2019","14.18","14.24","14.53","14.04","","2.01%"
"10/28/2019","13.90","13.86","14.22","13.81","","1.83%"
"10/25/2019","13.65","14.03","14.09","13.61","","-2.29%"
"10/24/2019","13.97","14.15","14.34","13.90","","-2.58%"
"10/23/2019","14.34","15.35","15.36","14.34","","-4.84%"
"10/22/2019","15.07","15.13","15.45","14.98","","-2.21%"
"10/21/2019","15.41","15.99","15.99","15.31","","-3.08%"
"10/18/2019","15.90","15.86","16.21","15.45","","3.18%"
"10/17/2019","15.41","15.25","15.58","14.42","","1.78%"
"10/16/2019","15.14","15.07","15.47","14.77","","2.02%"
"10/15/2019","14.84","15.37","15.70","14.52","","-7.37%"
"10/14/2019","16.02","16.33","17.03","15.91","","0.69%"
"10/11/2019","15.91","16.98","17.10","15.85","","-9.19%"
"10/10/2019","17.52","18.65","19.28","17.42","","-5.30%"
"10/09/2019","18.50","19.50","19.55","18.12","","-3.60%"
"10/08/2019","19.19","18.00","19.51","17.94","","6.49%"
"10/07/2019","18.02","19.08","19.12","17.82","","-2.44%"
"10/04/2019","18.47","20.54","20.66","18.46","","-11.37%"
"10/02/2019","20.84","18.69","21.28","18.67","","20.95%"
"10/01/2019","17.23","15.63","17.56","15.57","","7.15%"
"09/30/2019","16.08","17.03","17.05","16.04","","0.00%"
"09/27/2019","16.08","16.09","16.49","15.73","","-4.96%"
"09/26/2019","16.92","17.14","17.15","16.25","","-3.59%"
"09/25/2019","17.55","17.49","18.47","17.41","","5.98%"
"09/24/2019","16.56","15.92","16.60","15.56","","2.79%"
"09/23/2019","16.11","15.61","17.10","15.60","","12.34%"
"09/20/2019","14.34","14.94","15.05","14.16","","-3.76%"
"09/19/2019","14.90","15.37","15.44","14.75","","-4.97%"
"09/18/2019","15.68","16.07","16.09","15.68","","-2.31%"
"09/17/2019","16.05","16.25","16.61","15.84","","1.58%"
"09/16/2019","15.80","15.26","16.08","15.06","","10.41%"
"09/13/2019","14.31","14.79","14.80","14.01","","-3.25%"
"09/12/2019","14.79","15.71","15.81","14.45","","-6.04%"
"09/11/2019","15.74","15.21","15.97","15.15","","2.01%"
"09/10/2019","15.43","15.42","15.94","15.30","","1.71%"
"09/09/2019","15.17","14.93","15.49","14.92","","1.74%"
"09/06/2019","14.91","15.29","15.38","14.69","","-4.79%"
"09/05/2019","15.66","16.30","16.43","15.59","","-7.23%"
"09/04/2019","16.88","17.43","17.43","16.68","","-9.10%"
"09/03/2019","18.57","19.16","19.45","18.22","","3.80%"
"09/02/2019","17.89","17.97","18.14","17.57","","-0.06%"
"08/30/2019","17.90","17.72","18.13","16.56","","-0.67%"
"08/29/2019","18.02","19.19","19.35","17.84","","-8.34%"
"08/28/2019","19.66","20.02","21.29","19.61","","0.20%"
"08/27/2019","19.62","20.62","20.69","19.08","","-3.96%"
"08/26/2019","20.43","21.50","22.00","20.06","","-0.34%"
"08/23/2019","20.50","17.94","20.66","17.79","","9.74%"
"08/22/2019","18.68","17.71","19.23","16.99","","7.67%"
"08/21/2019","17.35","18.57","18.57","17.28","","-9.21%"
"08/20/2019","19.11","18.55","19.50","17.92","","1.38%"
"08/19/2019","18.85","20.78","20.79","18.83","","-11.50%"
"08/16/2019","21.30","22.95","22.96","20.84","","-11.06%"
"08/15/2019","23.95","23.44","27.17","22.61","","4.72%"
"08/14/2019","22.87","19.34","23.37","18.83","","17.34%"
"08/13/2019","19.49","20.46","21.60","18.88","","-2.50%"
"08/12/2019","19.99","19.79","20.55","18.49","","2.62%"
"08/09/2019","19.48","18.86","19.65","18.32","","4.00%"
"08/08/2019","18.73","20.40","20.49","18.45","","-13.25%"
"08/07/2019","21.59","20.96","22.35","19.62","","-1.01%"
"08/06/2019","21.81","21.24","22.07","20.11","","2.59%"
"08/05/2019","21.26","19.32","21.80","19.31","","14.98%"
"08/02/2019","18.49","16.44","19.27","16.38","","27.34%"
"08/01/2019","14.52","15.32","15.33","14.43","","-5.65%"
"07/31/2019","15.39","15.67","15.72","15.10","","-1.16%"
"07/30/2019","15.57","14.05","15.99","14.04","","12.10%"
"07/29/2019","13.89","14.36","14.36","13.80","","1.09%"
"07/26/2019","13.74","14.60","14.63","13.74","","-6.28%"
"07/25/2019","14.66","14.16","15.58","13.79","","2.30%"
"07/24/2019","14.33","14.01","14.36","13.90","","3.02%"
"07/23/2019","13.91","14.19","14.31","13.73","","-5.44%"
"07/22/2019","14.71","15.19","15.21","14.38","","0.48%"
"07/19/2019","14.64","14.47","15.19","14.00","","0.00%"
"07/18/2019","14.64","14.97","15.00","14.42","","3.61%"
"07/17/2019","14.13","13.80","14.37","13.34","","2.84%"
"07/16/2019","13.74","14.02","14.28","13.58","","-2.55%"
"07/15/2019","14.10","13.58","14.64","13.53","","2.25%"
"07/12/2019","13.79","13.91","14.11","13.52","","0.22%"
"07/11/2019","13.76","13.73","14.04","13.33","","-0.58%"
"07/10/2019","13.84","13.83","14.31","13.37","","1.76%"
"07/09/2019","13.60","13.96","14.53","13.54","","1.34%"
"07/08/2019","13.42","13.84","13.86","13.40","","0.22%"
"07/05/2019","13.39","12.88","13.78","12.82","","5.10%"
"07/04/2019","12.74","12.61","12.83","12.61","","0.24%"
"07/03/2019","12.71","12.95","12.97","12.56","","-2.23%"
"07/02/2019","13.00","13.62","13.62","12.97","","-3.99%"
"07/01/2019","13.54","14.74","14.74","13.40","","-7.83%"
"06/28/2019","14.69","15.20","15.20","14.68","","-3.80%"
"06/27/2019","15.27","15.04","15.70","14.66","","0.66%"
"06/26/2019","15.17","15.47","15.51","14.89","","-0.13%"
"06/25/2019","15.19","15.29","15.36","15.05","","0.40%"
"06/24/2019","15.13","14.93","15.21","14.84","","4.92%"
"06/21/2019","14.42","14.24","14.75","14.08","","2.85%"
"06/20/2019","14.02","14.15","14.22","13.46","","-2.16%"
"06/19/2019","14.33","14.14","14.53","14.08","","1.63%"
"06/18/2019","14.10","15.51","15.78","14.01","","-5.62%"
"06/17/2019","14.94","15.45","15.49","14.93","","0.13%"
"06/14/2019","14.92","15.30","15.75","14.89","","-0.47%"
"06/13/2019","14.99","15.53","15.62","14.88","","-3.17%"
"06/12/2019","15.48","15.65","15.91","15.42","","1.78%"
"06/11/2019","15.21","15.87","15.87","14.83","","-1.55%"
"06/07/2019","15.45","16.19","16.21","15.15","","-4.92%"
"06/06/2019","16.25","16.44","16.76","15.91","","-2.46%"
"06/05/2019","16.66","16.80","17.18","16.28","","-0.95%"
"06/04/2019","16.82","17.97","17.98","16.78","","-5.24%"
"06/03/2019","17.75","18.96","19.26","17.73","","-1.39%"
"05/31/2019","18.00","18.43","19.00","17.95","","5.26%"
"05/30/2019","17.10","17.66","17.70","16.86","","-5.73%"
"05/29/2019","18.14","18.20","18.61","17.77","","8.17%"
"05/28/2019","16.77","16.79","17.44","16.43","","-0.24%"
"05/27/2019","16.81","16.86","17.28","16.68","","-2.38%"
"05/24/2019","17.22","17.47","17.65","16.72","","-5.18%"
"05/23/2019","18.16","16.79","18.49","16.78","","13.78%"
"05/22/2019","15.96","16.22","17.43","15.45","","-2.03%"
"05/21/2019","16.29","16.89","17.15","16.12","","-8.23%"
"05/20/2019","17.75","16.36","18.29","15.82","","14.22%"
"05/17/2019","15.54","15.72","16.79","15.37","","0.71%"
"05/16/2019","15.43","17.05","17.26","15.43","","-9.45%"
"05/15/2019","17.04","17.47","18.56","16.94","","-4.22%"
"05/14/2019","17.79","19.01","19.01","17.79","","-8.20%"
"05/13/2019","19.38","18.65","19.89","18.26","","5.10%"
"05/10/2019","18.44","19.67","19.74","17.75","","-7.85%"
"05/09/2019","20.01","18.86","20.50","18.86","","10.67%"
"05/08/2019","18.08","17.65","19.26","17.26","","0.00%"
"05/07/2019","18.08","16.07","18.43","15.76","","11.47%"
"05/06/2019","16.22","16.36","17.73","16.11","","15.28%"
"05/03/2019","14.07","14.62","14.63","13.97","","-4.55%"
"05/02/2019","14.74","14.55","14.87","13.99","","4.32%"
"04/30/2019","14.13","14.08","14.48","13.92","","1.15%"
"04/29/2019","13.97","14.23","14.50","13.83","","2.12%"
"04/26/2019","13.68","14.20","14.36","13.67","","-3.59%"
"04/25/2019","14.19","14.30","14.73","14.04","","0.71%"
"04/24/2019","14.09","13.89","14.23","13.76","","2.85%"
"04/23/2019","13.70","13.44","13.78","13.35","","10.04%"
"04/18/2019","12.45","12.86","12.94","12.26","","-1.11%"
"04/17/2019","12.59","12.44","12.59","12.16","","1.21%"
"04/16/2019","12.44","12.39","12.48","12.10","","-0.32%"
"04/15/2019","12.48","13.28","13.28","12.41","","-3.33%"
"04/12/2019","12.91","13.56","13.58","12.75","","-2.86%"
"04/11/2019","13.29","14.72","14.87","13.27","","-9.22%"
"04/10/2019","14.64","15.17","15.17","14.48","","-3.49%"
"04/09/2019","15.17","14.92","15.57","14.28","","2.36%"
"04/08/2019","14.82","14.57","14.91","14.50","","6.08%"
"04/05/2019","13.97","14.51","14.52","13.89","","-3.92%"
"04/04/2019","14.54","14.56","14.70","14.33","","1.18%"
"04/03/2019","14.37","14.69","14.69","14.25","","-3.56%"
"04/02/2019","14.90","15.07","15.19","14.64","","-1.26%"
"04/01/2019","15.09","16.28","16.32","15.00","","-3.82%"
"03/29/2019","15.69","16.63","16.79","15.63","","-7.38%"
"03/28/2019","16.94","16.84","17.22","16.30","","1.19%"
"03/27/2019","16.74","16.39","17.24","16.17","","1.45%"
"03/26/2019","16.50","17.81","17.91","16.41","","-8.03%"
"03/25/2019","17.94","18.90","19.09","17.89","","-1.59%"
"03/22/2019","18.23","16.20","18.27","15.97","","11.43%"
"03/21/2019","16.36","15.61","17.34","15.44","","9.36%"
"03/20/2019","14.96","13.71","15.05","13.60","","12.23%"
"03/19/2019","13.33","13.60","13.60","12.87","","-2.42%"
"03/18/2019","13.66","13.81","13.96","13.49","","1.86%"
"03/15/2019","13.41","14.60","14.68","13.38","","-7.71%"
"03/14/2019","14.53","14.46","14.68","14.05","","0.07%"
"03/13/2019","14.52","14.79","14.85","14.19","","-1.22%"
"03/12/2019","14.70","15.02","15.23","14.67","","-2.20%"
"03/11/2019","15.03","15.76","15.77","14.93","","-1.89%"
"03/08/2019","15.32","15.25","15.65","15.18","","3.51%"
"03/07/2019","14.80","14.76","15.34","14.41","","3.35%"
"03/06/2019","14.32","14.59","14.68","14.10","","-1.04%"
"03/05/2019","14.47","15.05","15.06","14.44","","-3.92%"
"03/04/2019","15.06","15.67","15.68","14.89","","-1.05%"
"03/01/2019","15.22","15.73","15.73","15.04","","-2.56%"
"02/28/2019","15.62","16.36","16.42","15.59","","-3.04%"
"02/27/2019","16.11","15.96","16.36","15.95","","2.55%"
"02/26/2019","15.71","16.00","16.17","15.63","","-0.06%"
"02/25/2019","15.72","16.46","16.46","15.64","","-1.93%"
"02/22/2019","16.03","16.61","16.61","15.91","","-3.49%"
"02/21/2019","16.61","16.76","16.96","16.48","","-1.13%"
"02/20/2019","16.80","17.13","17.41","16.74","","-2.21%"
"02/19/2019","17.18","17.15","18.03","16.78","","0.47%"
"02/18/2019","17.10","17.34","17.47","16.92","","0.88%"
"02/15/2019","16.95","18.32","18.42","16.80","","-4.45%"
"02/14/2019","17.74","16.78","17.81","16.53","","6.29%"
"02/13/2019","16.69","16.45","16.83","16.13","","1.03%"
"02/12/2019","16.52","17.33","17.33","16.44","","-5.44%"
"02/11/2019","17.47","18.58","18.62","17.42","","-7.03%"
"02/08/2019","18.79","18.11","19.17","17.74","","4.91%"
"02/07/2019","17.91","15.63","17.94","15.49","","16.37%"
"02/06/2019","15.39","15.56","15.73","15.28","","0.07%"
"02/05/2019","15.38","16.07","16.08","15.33","","-4.29%"
"02/04/2019","16.07","16.70","16.84","16.05","","-0.19%"
"02/01/2019","16.10","16.97","16.98","16.06","","-5.41%"
"01/31/2019","17.02","17.07","17.75","16.77","","-2.85%"
"01/30/2019","17.52","17.85","17.96","17.47","","-1.07%"
"01/29/2019","17.71","17.96","17.97","17.36","","-0.45%"
"01/28/2019","17.79","17.38","17.90","17.18","","7.56%"
"01/25/2019","16.54","17.38","17.38","16.52","","-4.94%"
"01/24/2019","17.40","18.25","18.26","17.37","","-4.24%"
"01/23/2019","18.17","18.41","18.55","17.73","","2.60%"
"01/22/2019","17.71","17.41","17.95","17.19","","3.03%"
"01/21/2019","17.19","16.94","17.30","16.92","","6.11%"
"01/18/2019","16.20","17.07","17.18","16.19","","-5.48%"
"01/17/2019","17.14","18.09","18.41","17.06","","-3.71%"
"01/16/2019","17.80","19.45","19.45","17.72","","-8.95%"
"01/15/2019","19.55","19.98","20.80","19.54","","-3.88%"
"01/14/2019","20.34","20.63","20.99","20.03","","2.52%"
"01/11/2019","19.84","20.44","20.91","19.82","","-3.97%"
"01/10/2019","20.66","20.90","21.04","20.54","","1.37%"
"01/09/2019","20.38","20.41","20.76","20.02","","-1.12%"
"01/08/2019","20.61","20.91","20.93","20.13","","-3.19%"
"01/07/2019","21.29","21.89","22.23","21.25","","-0.88%"
"01/04/2019","21.48","23.61","23.61","21.27","","-9.67%"
"01/03/2019","23.78","23.42","25.03","23.42","","2.28%"
"01/02/2019","23.25","24.66","24.66","23.19","","-0.60%"
"12/28/2018","23.39","25.13","25.14","23.30","","-7.70%"
"12/27/2018","25.34","22.59","25.92","22.45","","21.19%"
"12/21/2018","20.91","21.47","22.58","20.84","","-2.20%"
"12/20/2018","21.38","20.23","21.69","20.14","","4.50%"
"12/19/2018","20.46","21.17","21.17","20.35","","-3.90%"
"12/18/2018","21.29","21.16","21.35","20.23","","1.91%"
"12/17/2018","20.89","20.99","21.67","19.84","","2.96%"
"12/14/2018","20.29","20.36","21.60","20.10","","1.00%"
"12/13/2018","20.09","20.40","20.50","19.74","","-3.09%"
"12/12/2018","20.73","21.84","21.84","20.55","","-4.73%"
"12/11/2018","21.76","24.17","24.17","21.18","","-9.60%"
"12/10/2018","24.07","23.62","24.41","22.98","","7.60%"
"12/07/2018","22.37","24.95","24.95","21.39","","-7.90%"
"12/06/2018","24.29","21.25","24.29","21.09","","20.61%"
"12/05/2018","20.14","18.81","20.16","18.81","","9.69%"
"12/04/2018","18.36","18.18","18.47","17.94","","1.21%"
"12/03/2018","18.14","20.71","20.71","17.54","","-7.78%"
"11/30/2018","19.67","19.82","20.34","19.47","","-0.20%"
"11/29/2018","19.71","19.64","20.02","19.14","","1.44%"
"11/28/2018","19.43","19.43","19.65","19.26","","0.21%"
"11/27/2018","19.39","18.99","19.86","18.86","","1.73%"
"11/26/2018","19.06","19.40","19.54","18.88","","-3.74%"
"11/23/2018","19.80","19.77","20.41","19.40","","-0.15%"
"11/22/2018","19.83","19.51","20.10","19.38","","3.17%"
"11/21/2018","19.22","20.17","20.17","19.22","","-8.61%"
"11/20/2018","21.03","19.70","21.55","19.55","","9.82%"
"11/19/2018","19.15","18.90","19.32","18.51","","0.21%"
"11/16/2018","19.11","20.27","21.26","18.76","","-10.24%"
"11/15/2018","21.29","18.94","22.36","18.76","","10.20%"
"11/14/2018","19.32","18.62","19.34","18.15","","7.93%"
"11/13/2018","17.90","18.39","18.82","17.83","","-5.44%"
"11/12/2018","18.93","17.36","18.93","17.33","","10.19%"
"11/09/2018","17.18","17.25","17.76","16.91","","1.48%"
"11/08/2018","16.93","16.83","17.16","16.55","","-1.97%"
"11/07/2018","17.27","17.95","17.99","17.25","","-10.10%"
"11/06/2018","19.21","19.44","19.92","19.06","","-2.09%"
"11/05/2018","19.62","20.14","20.40","19.30","","-0.36%"
"11/02/2018","19.69","18.86","19.86","18.52","","0.25%"
"11/01/2018","19.64","20.53","20.55","19.38","","-4.61%"
"10/31/2018","20.59","21.35","21.37","20.25","","-8.37%"
"10/30/2018","22.47","22.60","24.13","22.21","","-0.04%"
"10/29/2018","22.48","23.06","23.12","21.47","","-5.51%"
"10/26/2018","23.79","22.22","25.16","22.22","","12.38%"
"10/25/2018","21.17","22.82","22.82","21.13","","-4.29%"
"10/24/2018","22.12","20.88","22.49","20.06","","2.60%"
"10/23/2018","21.56","20.50","22.43","20.42","","11.31%"
"10/22/2018","19.37","18.68","19.99","18.50","","1.95%"
"10/19/2018","19.00","18.35","20.06","18.31","","2.54%"
"10/18/2018","18.53","17.45","18.60","16.83","","7.05%"
"10/17/2018","17.31","16.49","17.95","16.44","","0.87%"
"10/16/2018","17.16","18.67","18.70","17.13","","-9.73%"
"10/15/2018","19.01","20.30","20.39","18.96","","-4.71%"
"10/12/2018","19.95","19.41","20.27","19.23","","-4.09%"
"10/11/2018","20.80","20.19","21.38","19.53","","11.05%"
"10/10/2018","18.73","17.13","18.87","17.03","","9.53%"
"10/09/2018","17.10","17.10","18.32","16.90","","-2.62%"
"10/08/2018","17.56","17.37","17.86","16.96","","4.21%"
"10/05/2018","16.85","16.24","16.95","16.13","","3.88%"
"10/04/2018","16.22","15.59","16.62","15.45","","5.19%"
"10/02/2018","15.42","15.64","16.10","15.10","","5.26%"
"10/01/2018","14.65","15.50","15.54","14.45","","-3.49%"
"09/28/2018","15.18","14.42","16.55","14.24","","8.82%"
"09/27/2018","13.95","14.21","14.97","13.85","","0.79%"
"09/26/2018","13.84","13.83","14.04","13.74","","0.22%"
"09/25/2018","13.81","14.21","14.38","13.80","","-3.90%"
"09/24/2018","14.37","14.29","14.49","14.01","","6.92%"
"09/21/2018","13.44","13.74","13.81","13.32","","-3.38%"
"09/20/2018","13.91","14.19","14.26","13.70","","-2.66%"
"09/19/2018","14.29","14.72","14.85","14.26","","-4.41%"
"09/18/2018","14.95","15.55","15.62","14.87","","-2.92%"
"09/17/2018","15.40","15.69","15.79","15.30","","4.19%"
"09/14/2018","14.78","15.06","15.14","14.70","","-4.27%"
"09/13/2018","15.44","16.29","16.32","15.29","","-5.68%"
"09/12/2018","16.37","16.58","16.81","16.26","","-3.25%"
"09/11/2018","16.92","16.73","17.60","16.70","","-0.65%"
"09/10/2018","17.03","17.93","18.07","16.84","","-3.68%"
"09/07/2018","17.68","18.06","18.76","17.67","","-3.55%"
"09/06/2018","18.33","18.65","18.69","17.47","","-0.70%"
"09/05/2018","18.46","17.87","18.62","17.71","","5.85%"
"09/04/2018","17.44","16.44","18.23","16.44","","3.93%"
"09/03/2018","16.78","17.19","17.37","16.77","","0.12%"
"08/31/2018","16.76","16.36","17.04","16.26","","7.57%"
"08/30/2018","15.58","14.83","15.99","14.76","","7.75%"
"08/29/2018","14.46","14.72","15.10","14.44","","-0.62%"
"08/28/2018","14.55","14.42","14.86","14.31","","0.14%"
"08/27/2018","14.53","14.50","14.86","14.45","","-0.07%"
"08/24/2018","14.54","14.77","15.02","14.37","","-3.20%"
"08/23/2018","15.02","15.12","15.43","14.71","","-2.15%"
"08/22/2018","15.35","15.41","15.67","14.99","","-0.58%"
"08/21/2018","15.44","15.83","15.91","14.95","","-4.04%"
"08/20/2018","16.09","17.15","17.37","15.77","","-10.36%"
"08/17/2018","17.95","17.56","18.23","17.09","","1.53%"
"08/16/2018","17.68","19.32","19.33","17.66","","-13.08%"
"08/15/2018","20.34","17.88","20.44","17.54","","12.56%"
"08/14/2018","18.07","17.54","18.64","17.42","","-0.66%"
"08/13/2018","18.19","19.05","19.38","17.88","","1.45%"
"08/10/2018","17.93","16.43","18.67","16.18","","17.73%"
"08/09/2018","15.23","15.98","16.03","15.17","","-3.49%"
"08/08/2018","15.78","15.80","16.00","15.03","","2.14%"
"08/07/2018","15.45","15.81","15.87","15.25","","-5.45%"
"08/06/2018","16.34","16.43","16.95","15.82","","0.99%"
"08/03/2018","16.18","16.86","16.90","15.99","","-7.17%"
"08/02/2018","17.43","16.70","18.10","16.70","","11.80%"
"08/01/2018","15.59","15.06","16.10","15.04","","3.45%"
"07/31/2018","15.07","15.19","15.56","14.97","","0.13%"
"07/30/2018","15.05","14.95","15.06","14.62","","7.42%"
"07/27/2018","14.01","14.60","14.60","13.70","","-5.34%"
"07/26/2018","14.80","15.66","15.66","14.78","","-11.22%"
"07/25/2018","16.67","15.23","17.18","15.22","","10.54%"
"07/24/2018","15.08","15.76","15.92","14.70","","-6.97%"
"07/23/2018","16.21","16.85","17.13","16.17","","3.84%"
"07/20/2018","15.61","14.62","17.19","14.35","","8.03%"
"07/19/2018","14.45","13.85","15.08","13.71","","5.17%"
"07/18/2018","13.74","13.42","14.08","13.22","","-1.01%"
"07/17/2018","13.88","14.68","14.93","13.82","","-3.28%"
"07/16/2018","14.35","14.41","14.88","14.02","","1.63%"
"07/13/2018","14.12","14.38","14.78","14.07","","-4.27%"
"07/12/2018","14.75","15.59","15.91","14.71","","-7.06%"
"07/11/2018","15.87","15.82","16.15","15.24","","11.21%"
"07/10/2018","14.27","15.19","15.22","14.24","","-6.67%"
"07/09/2018","15.29","16.01","16.09","15.26","","-4.38%"
"07/06/2018","15.99","16.85","17.06","15.95","","-5.05%"
"07/05/2018","16.84","17.34","17.51","16.69","","-3.77%"
"07/04/2018","17.50","17.73","17.74","17.30","","-0.74%"
"07/03/2018","17.63","18.19","18.65","17.24","","-8.56%"
"07/02/2018","19.28","20.47","20.69","18.80","","8.13%"
"06/29/2018","17.83","18.07","18.79","17.45","","-9.22%"
"06/28/2018","19.64","18.90","20.79","18.41","","6.68%"
"06/27/2018","18.41","18.91","20.49","17.10","","-1.76%"
"06/26/2018","18.74","18.61","19.68","18.27","","-4.14%"
"06/25/2018","19.55","17.42","19.57","16.93","","23.58%"
"06/22/2018","15.82","17.04","17.24","15.63","","-9.70%"
"06/21/2018","17.52","15.95","18.16","15.65","","12.31%"
"06/20/2018","15.60","15.68","16.04","14.98","","-6.25%"
"06/19/2018","16.64","17.74","18.07","16.47","","8.05%"
"06/18/2018","15.40","14.55","16.47","14.49","","16.05%"
"06/15/2018","13.27","12.89","14.25","12.83","","3.83%"
"06/14/2018","12.78","14.49","14.76","12.57","","-11.62%"
"06/13/2018","14.46","15.00","15.43","14.31","","-3.98%"
"06/12/2018","15.06","15.05","15.35","14.82","","-1.05%"
"06/11/2018","15.22","15.59","16.06","15.21","","-3.67%"
"06/08/2018","15.80","16.58","17.24","15.60","","2.73%"
"06/07/2018","15.38","15.52","16.12","15.22","","-1.66%"
"06/06/2018","15.64","15.98","16.86","15.63","","-2.07%"
"06/05/2018","15.97","15.62","16.03","14.68","","3.03%"
"06/04/2018","15.50","16.34","16.42","15.50","","-6.23%"
"06/01/2018","16.53","16.92","16.92","16.00","","-6.61%"
"05/31/2018","17.70","17.20","19.25","16.81","","0.40%"
"05/30/2018","17.63","19.02","19.04","17.30","","-7.94%"
"05/29/2018","19.15","18.77","20.96","18.55","","6.57%"
"05/28/2018","17.97","16.28","18.87","16.06","","8.51%"
"05/25/2018","16.56","16.53","18.54","15.60","","-3.72%"
"05/24/2018","17.20","16.42","18.41","15.71","","3.24%"
"05/23/2018","16.66","16.13","17.52","16.05","","13.57%"
"05/22/2018","14.67","15.89","16.10","14.43","","-7.50%"
"05/18/2018","15.86","15.47","17.04","15.47","","2.85%"
"05/17/2018","15.42","15.46","16.01","15.24","","-0.84%"
"05/16/2018","15.55","14.69","16.14","14.63","","5.71%"
"05/15/2018","14.71","14.65","15.56","14.05","","1.38%"
"05/14/2018","14.51","14.25","15.01","14.20","","2.54%"
"05/11/2018","14.15","14.28","14.64","14.11","","-2.21%"
"05/10/2018","14.47","14.84","15.40","14.41","","-3.47%"
"05/09/2018","14.99","15.22","15.31","14.80","","-2.54%"
"05/08/2018","15.38","14.61","15.91","14.56","","4.98%"
"05/07/2018","14.65","15.47","15.47","14.55","","-2.07%"
"05/04/2018","14.96","15.48","15.82","14.94","","-7.48%"
"05/03/2018","16.17","15.53","16.57","15.25","","5.55%"
"05/02/2018","15.32","15.73","15.73","15.04","","-2.30%"
"04/30/2018","15.68","15.64","16.04","15.46","","2.28%"
"04/27/2018","15.33","15.28","15.95","15.06","","-1.98%"
"04/26/2018","15.64","16.47","16.48","15.52","","-5.15%"
"04/25/2018","16.49","15.88","17.26","15.46","","9.57%"
"04/24/2018","15.05","15.02","15.55","14.52","","0.47%"
"04/23/2018","14.98","15.86","16.43","14.98","","-1.90%"
"04/20/2018","15.27","15.40","15.51","14.70","","-0.72%"
"04/19/2018","15.38","14.84","15.72","14.65","","4.55%"
"04/18/2018","14.71","14.79","15.09","14.33","","-1.21%"
"04/17/2018","14.89","15.64","15.64","14.73","","-7.80%"
"04/16/2018","16.15","16.88","16.88","16.02","","-3.81%"
"04/13/2018","16.79","17.48","17.48","16.52","","-4.71%"
"04/12/2018","17.62","19.09","19.09","17.56","","-7.60%"
"04/11/2018","19.07","18.46","19.81","18.18","","4.61%"
"04/10/2018","18.23","18.36","18.80","18.14","","-3.54%"
"04/09/2018","18.90","18.74","19.48","18.36","","1.02%"
"04/06/2018","18.71","18.67","19.15","17.93","","3.94%"
"04/05/2018","18.00","19.02","19.02","17.98","","-11.50%"
"04/04/2018","20.34","20.08","21.91","20.08","","2.52%"
"04/03/2018","19.84","20.26","21.23","19.66","","7.59%"
"03/29/2018","18.44","20.07","20.10","18.21","","-10.70%"
"03/28/2018","20.65","20.55","22.18","20.21","","4.98%"
"03/27/2018","19.67","20.19","20.58","19.32","","-13.54%"
"03/26/2018","22.75","21.34","23.41","20.66","","4.74%"
"03/23/2018","21.72","20.97","23.33","20.44","","6.78%"
"03/22/2018","20.34","17.08","21.49","16.52","","21.00%"
"03/21/2018","16.81","17.04","17.49","16.54","","-0.83%"
"03/20/2018","16.95","17.47","18.17","16.80","","-6.77%"
"03/19/2018","18.18","16.59","18.39","16.13","","17.75%"
"03/16/2018","15.44","17.27","17.30","15.29","","-10.13%"
"03/15/2018","17.18","17.56","18.46","17.15","","-6.63%"
"03/14/2018","18.40","17.95","18.58","17.11","","0.49%"
"03/13/2018","18.31","16.65","18.79","16.36","","9.25%"
"03/12/2018","16.76","17.23","17.42","16.71","","-1.99%"
"03/09/2018","17.10","17.93","18.01","17.08","","-5.32%"
"03/08/2018","18.06","19.23","19.51","18.00","","-8.04%"
"03/07/2018","19.64","20.83","20.83","19.33","","-1.41%"
"03/06/2018","19.92","20.14","20.19","19.02","","-4.55%"
"03/05/2018","20.87","24.28","24.29","20.65","","-13.65%"
"03/02/2018","24.17","22.96","25.03","22.74","","10.26%"
"03/01/2018","21.92","20.01","22.67","19.67","","13.05%"
"02/28/2018","19.39","19.07","19.74","18.49","","3.47%"
"02/27/2018","18.74","17.95","18.82","17.82","","4.81%"
"02/26/2018","17.88","18.37","18.54","17.80","","-4.79%"
"02/23/2018","18.78","19.39","19.71","18.49","","-2.54%"
"02/22/2018","19.27","20.65","21.30","19.24","","-1.33%"
"02/21/2018","19.53","19.82","20.76","19.49","","1.45%"
"02/20/2018","19.25","19.58","20.70","19.21","","-2.97%"
"02/19/2018","19.84","18.95","20.14","18.72","","6.32%"
"02/16/2018","18.66","20.17","20.25","18.57","","-9.81%"
"02/15/2018","20.69","19.67","21.18","18.79","","0.29%"
"02/14/2018","20.63","24.36","24.41","20.61","","-18.88%"
"02/13/2018","25.43","27.14","27.19","25.09","","-11.73%"
"02/12/2018","28.81","32.87","32.88","28.54","","-28.10%"
"02/09/2018","40.07","28.38","40.10","26.95","","50.81%"
"02/08/2018","26.57","20.95","26.57","20.74","","28.36%"
"02/07/2018","20.70","24.87","24.87","20.26","","-18.98%"
"02/06/2018","25.55","23.67","28.74","22.25","","32.73%"
"02/05/2018","19.25","21.49","21.49","18.95","","-0.72%"
"02/02/2018","19.39","18.03","19.54","17.49","","10.05%"
"02/01/2018","17.62","15.29","18.18","14.65","","10.13%"
"01/31/2018","16.00","15.41","16.16","15.07","","0.95%"
"01/30/2018","15.85","15.22","16.63","14.91","","8.12%"
"01/29/2018","14.66","14.51","14.76","14.16","","6.00%"
"01/26/2018","13.83","13.90","13.90","13.44","","-1.14%"
"01/25/2018","13.99","14.00","14.45","13.10","","3.94%"
"01/24/2018","13.46","12.86","13.46","12.56","","5.40%"
"01/23/2018","12.77","12.67","13.10","12.43","","1.11%"
"01/22/2018","12.63","12.98","12.98","12.43","","0.16%"
"01/19/2018","12.61","12.58","12.78","12.27","","0.24%"
"01/18/2018","12.58","12.92","13.03","12.46","","-2.63%"
"01/17/2018","12.92","12.37","13.08","12.19","","4.79%"
"01/16/2018","12.33","11.89","12.49","11.83","","2.32%"
"01/15/2018","12.05","12.36","12.36","11.74","","0.42%"
"01/12/2018","12.00","12.32","12.36","11.63","","-2.99%"
"01/11/2018","12.37","12.52","12.78","12.12","","-2.06%"
"01/10/2018","12.63","12.32","12.71","12.12","","3.19%"
"01/09/2018","12.24","12.47","12.54","12.22","","-2.24%"
"01/08/2018","12.52","12.72","12.84","12.45","","1.95%"
"01/05/2018","12.28","11.95","12.37","11.94","","0.41%"
"01/04/2018","12.23","12.52","12.60","11.95","","-3.24%"
"01/03/2018","12.64","13.51","13.51","12.51","","-8.34%"
"01/02/2018","13.79","14.84","14.99","13.61","","-2.54%"