"Date","Price","Open","High","Low","Vol.","Change %"
"05/11/2001","19.63","19.80","19.98","19.20","","1.19%"
"05/14/2001","20.36","20.02","20.52","19.87","","3.72%"
"05/15/2001","20.58","20.37","20.70","20.18","","1.08%"
"05/16/2001","19.70","20.92","21.13","19.64","","-4.28%"
"05/17/2001","19.50","19.67","19.97","19.30","","-1.02%"
"05/18/2001","19.18","19.74","19.95","18.85","","-1.64%"
"05/21/2001","18.88","19.73","20.12","18.72","","-1.56%"
"05/22/2001","18.72","19.22","19.32","18.30","","-0.85%"
"05/23/2001","18.51","18.66","18.86","18.20","","-1.12%"
"05/24/2001","18.20","18.63","18.63","18.04","","-1.67%"
"05/25/2001","18.12","17.91","18.47","17.78","","-0.44%"
"05/28/2001","18.47","18.74","18.74","18.23","","1.93%"
"05/29/2001","19.38","18.49","19.42","18.29","","4.93%"
"05/30/2001","19.88","19.45","19.94","19.33","","2.58%"
"05/31/2001","19.72","20.24","20.28","19.43","","-0.80%"
"06/01/2001","18.80","19.98","20.35","18.70","","-4.67%"
"06/04/2001","18.73","18.95","19.41","18.65","","-0.37%"
"06/05/2001","17.62","19.33","19.34","17.37","","-5.93%"
"06/06/2001","17.97","17.63","18.16","17.20","","1.99%"
"06/07/2001","17.66","17.84","18.16","17.63","","-1.73%"
"06/08/2001","17.81","17.56","18.08","17.15","","0.85%"
"06/11/2001","18.17","19.59","19.69","17.87","","2.02%"
"06/12/2001","19.43","18.27","20.35","18.16","","6.93%"
"06/13/2001","19.06","19.94","19.94","18.74","","-1.90%"
"06/14/2001","20.39","19.33","20.45","19.19","","6.98%"
"06/15/2001","21.72","20.40","21.85","20.14","","6.52%"
"06/18/2001","22.56","22.06","22.87","21.46","","3.87%"
"06/19/2001","21.30","22.30","22.32","20.68","","-5.59%"
"06/20/2001","21.94","21.89","22.63","21.50","","3.00%"
"06/21/2001","20.58","21.58","21.82","20.58","","-6.20%"
"06/22/2001","20.05","20.68","20.80","20.04","","-2.58%"
"06/25/2001","20.30","20.52","20.64","20.04","","1.25%"
"06/26/2001","21.21","20.75","21.76","20.75","","4.48%"
"06/27/2001","21.39","21.55","21.68","21.17","","0.85%"
"06/28/2001","19.69","21.72","22.08","19.64","","-7.95%"
"06/29/2001","18.73","20.35","20.36","18.63","","-4.88%"
"07/02/2001","18.22","19.21","19.33","18.05","","-2.72%"
"07/03/2001","18.50","18.39","18.94","18.23","","1.54%"
"07/04/2001","19.17","18.54","19.27","18.53","","3.62%"
"07/05/2001","19.29","20.81","20.90","19.00","","0.63%"
"07/06/2001","22.04","20.45","22.18","19.65","","14.26%"
"07/09/2001","21.78","22.02","23.54","21.68","","-1.18%"
"07/10/2001","22.73","21.65","22.73","21.18","","4.36%"
"07/11/2001","22.80","22.85","23.70","22.70","","0.31%"
"07/12/2001","22.07","22.42","22.44","21.49","","-3.20%"
"07/13/2001","21.25","22.16","22.30","21.23","","-3.72%"
"07/16/2001","22.17","21.82","22.22","21.71","","4.33%"
"07/17/2001","22.27","22.24","22.74","22.00","","0.45%"
"07/18/2001","23.47","22.63","23.82","22.43","","5.39%"
"07/19/2001","22.06","23.28","23.40","21.81","","-6.01%"
"07/20/2001","22.07","22.40","22.58","21.71","","0.05%"
"07/23/2001","21.35","22.30","22.51","20.95","","-3.26%"
"07/24/2001","22.56","21.74","22.81","21.48","","5.67%"
"07/25/2001","23.65","22.72","24.10","22.05","","4.83%"
"07/26/2001","22.34","22.98","23.42","22.22","","-5.54%"
"07/27/2001","21.04","21.96","22.05","20.68","","-5.82%"
"07/30/2001","20.67","21.60","21.63","20.37","","-1.76%"
"07/31/2001","19.71","20.74","20.96","19.49","","-4.64%"
"08/01/2001","19.60","20.39","20.39","19.37","","-0.56%"
"08/02/2001","20.06","19.48","20.15","18.54","","2.35%"
"08/03/2001","20.12","19.77","20.20","19.59","","0.30%"
"08/06/2001","20.58","20.58","21.02","19.96","","2.29%"
"08/07/2001","20.30","20.52","21.14","19.95","","-1.36%"
"08/08/2001","21.36","20.17","21.80","20.17","","5.22%"
"08/09/2001","22.12","21.46","22.49","21.32","","3.56%"
"08/10/2001","22.34","21.01","23.19","20.89","","0.99%"
"08/13/2001","22.05","23.04","23.08","21.99","","-1.30%"
"08/14/2001","21.31","21.38","21.62","20.93","","-3.36%"
"08/15/2001","21.52","21.48","21.89","20.95","","0.99%"
"08/16/2001","22.35","22.19","22.95","22.01","","3.86%"
"08/17/2001","23.73","22.22","23.96","21.68","","6.17%"
"08/20/2001","23.78","23.47","24.36","23.26","","0.21%"
"08/21/2001","22.99","23.51","23.77","22.90","","-3.32%"
"08/22/2001","23.50","23.65","23.98","22.39","","2.22%"
"08/23/2001","22.57","23.06","23.55","22.30","","-3.96%"
"08/24/2001","21.31","22.05","22.27","21.16","","-5.58%"
"08/27/2001","22.07","22.02","22.15","21.15","","3.57%"
"08/28/2001","23.32","21.94","23.53","21.73","","5.66%"
"08/29/2001","23.38","23.32","23.97","22.81","","0.26%"
"08/30/2001","25.15","23.55","25.54","23.40","","7.57%"
"08/31/2001","24.48","25.30","25.46","24.32","","-2.66%"
"09/03/2001","25.83","25.23","26.30","24.87","","5.51%"
"09/04/2001","25.08","24.87","26.52","24.71","","-2.90%"
"09/05/2001","26.83","26.08","27.03","25.50","","6.98%"
"09/06/2001","28.44","25.97","28.66","25.92","","6.00%"
"09/07/2001","30.15","27.88","30.16","27.76","","6.01%"
"09/10/2001","32.36","30.94","33.88","30.75","","7.33%"
"09/11/2001","29.64","29.87","29.99","29.02","","-8.41%"
"09/12/2001","38.86","40.18","42.69","38.32","","31.11%"
"09/13/2001","36.41","36.02","36.63","34.27","","-6.30%"
"09/14/2001","43.39","32.57","43.44","32.42","","19.17%"
"09/17/2001","44.92","49.78","49.86","44.30","","3.53%"
"09/18/2001","39.32","40.82","41.28","39.18","","-12.47%"
"09/19/2001","39.31","37.21","39.52","36.47","","-0.03%"
"09/20/2001","44.19","39.90","44.38","39.87","","12.41%"
"09/21/2001","46.85","49.05","52.15","46.47","","6.02%"
"09/24/2001","41.89","43.74","44.65","41.74","","-10.59%"
"09/25/2001","41.84","40.51","42.00","39.56","","-0.12%"
"09/26/2001","40.78","40.55","40.88","38.83","","-2.53%"
"09/27/2001","39.06","39.24","40.22","38.92","","-4.22%"
"09/28/2001","35.87","36.97","37.53","35.74","","-8.17%"
"10/01/2001","36.63","35.61","37.57","34.61","","2.12%"
"10/02/2001","37.23","36.18","38.34","36.15","","1.64%"
"10/03/2001","34.30","36.44","37.06","34.30","","-7.87%"
"10/04/2001","35.46","33.43","35.73","33.10","","3.38%"
"10/05/2001","37.13","36.70","37.37","35.15","","4.71%"
"10/08/2001","37.30","37.12","39.77","36.67","","0.46%"
"10/09/2001","36.22","36.07","37.58","35.83","","-2.90%"
"10/10/2001","33.91","35.12","35.99","33.70","","-6.38%"
"10/11/2001","33.57","32.18","34.17","32.01","","-1.00%"
"10/12/2001","36.18","32.76","36.33","32.69","","7.77%"
"10/15/2001","36.81","34.48","37.56","34.20","","1.74%"
"10/16/2001","35.20","36.83","36.87","35.10","","-4.37%"
"10/17/2001","36.47","33.48","36.99","33.40","","3.61%"
"10/18/2001","37.47","36.98","38.59","36.58","","2.74%"
"10/19/2001","38.11","37.21","39.02","36.95","","1.71%"
"10/22/2001","35.12","37.46","38.03","34.55","","-7.85%"
"10/23/2001","33.54","34.56","34.69","33.14","","-4.50%"
"10/24/2001","33.58","33.76","34.22","32.50","","0.12%"
"10/25/2001","34.83","33.54","35.67","32.85","","3.72%"
"10/26/2001","33.24","33.27","34.38","33.23","","-4.57%"
"10/29/2001","35.23","34.54","35.40","33.96","","5.99%"
"10/30/2001","36.92","35.98","37.88","35.38","","4.80%"
"10/31/2001","36.49","36.90","38.05","35.89","","-1.16%"
"11/01/2001","36.17","37.01","37.44","35.66","","-0.88%"
"11/02/2001","36.26","35.93","36.72","35.32","","0.25%"
"11/05/2001","33.91","35.85","36.25","33.77","","-6.48%"
"11/06/2001","35.15","34.11","35.31","33.51","","3.66%"
"11/07/2001","33.22","34.89","35.74","32.99","","-5.49%"
"11/08/2001","31.70","33.48","33.74","31.23","","-4.58%"
"11/09/2001","31.71","31.89","32.40","31.16","","0.03%"
"11/12/2001","34.21","32.07","35.45","31.78","","7.88%"
"11/13/2001","31.27","32.92","33.07","30.80","","-8.59%"
"11/14/2001","31.50","30.23","31.64","30.18","","0.74%"
"11/15/2001","30.43","29.01","31.51","29.01","","-3.40%"
"11/16/2001","29.28","30.45","30.47","28.68","","-3.78%"
"11/19/2001","28.27","29.10","29.19","27.88","","-3.45%"
"11/20/2001","28.30","29.01","29.52","28.26","","0.11%"
"11/21/2001","27.90","28.62","28.78","27.84","","-1.41%"
"11/22/2001","26.51","28.07","28.07","26.15","","-4.98%"
"11/23/2001","25.74","25.63","27.28","25.46","","-2.90%"
"11/26/2001","25.99","26.47","26.50","25.52","","0.97%"
"11/27/2001","26.95","25.71","27.21","25.57","","3.69%"
"11/28/2001","28.00","27.08","28.00","26.70","","3.90%"
"11/29/2001","27.81","27.90","28.33","27.42","","-0.68%"
"11/30/2001","26.78","27.38","27.45","26.39","","-3.70%"
"12/03/2001","27.17","27.22","28.42","27.14","","1.46%"
"12/04/2001","26.47","27.10","27.21","26.37","","-2.58%"
"12/05/2001","25.21","25.64","25.97","24.64","","-4.76%"
"12/06/2001","26.02","26.32","26.47","24.51","","3.21%"
"12/07/2001","25.98","26.70","26.70","25.20","","-0.15%"
"12/10/2001","26.66","26.80","27.05","26.14","","2.62%"
"12/11/2001","26.69","26.75","27.10","26.34","","0.11%"
"12/12/2001","27.53","26.79","27.85","25.97","","3.15%"
"12/13/2001","28.28","27.41","28.55","26.84","","2.72%"
"12/14/2001","28.30","28.70","29.04","28.02","","0.07%"
"12/17/2001","27.09","28.60","28.60","27.04","","-4.28%"
"12/18/2001","27.80","26.74","28.03","26.59","","2.62%"
"12/19/2001","27.89","27.99","28.59","27.64","","0.32%"
"12/20/2001","28.35","28.51","28.69","27.76","","1.65%"
"12/21/2001","27.34","28.89","29.13","27.15","","-3.56%"
"12/27/2001","26.70","27.05","27.50","26.49","","-2.34%"
"12/28/2001","26.07","26.56","26.61","25.83","","-2.36%"
"01/02/2002","27.44","27.79","27.99","26.99","","5.26%"
"01/03/2002","25.85","26.62","27.29","25.79","","-5.79%"
"01/04/2002","25.11","25.67","25.72","24.41","","-2.86%"
"01/07/2002","25.84","25.07","26.20","24.83","","2.91%"
"01/08/2002","25.48","26.17","26.36","25.34","","-1.39%"
"01/09/2002","25.12","25.64","26.21","25.11","","-1.41%"
"01/10/2002","25.99","25.79","26.49","25.65","","3.46%"
"01/11/2002","25.48","25.41","26.21","25.22","","-1.96%"
"01/14/2002","27.12","26.22","27.40","26.22","","6.44%"
"01/15/2002","27.10","27.18","27.51","26.61","","-0.07%"
"01/16/2002","27.95","27.42","28.63","27.42","","3.14%"
"01/17/2002","26.70","27.39","28.01","26.47","","-4.47%"
"01/18/2002","26.34","26.52","26.99","25.89","","-1.35%"
"01/21/2002","26.77","26.73","27.65","26.72","","1.63%"
"01/22/2002","26.76","26.63","27.34","25.70","","-0.04%"
"01/23/2002","25.05","26.54","26.82","24.51","","-6.39%"
"01/24/2002","23.83","24.76","25.32","23.66","","-4.87%"
"01/25/2002","23.54","24.17","24.65","23.38","","-1.22%"
"01/28/2002","23.49","23.87","23.88","23.04","","-0.21%"
"01/29/2002","24.41","23.23","24.46","22.56","","3.92%"
"01/30/2002","24.88","24.49","25.33","23.98","","1.93%"
"01/31/2002","23.81","24.36","24.76","23.68","","-4.30%"
"02/01/2002","23.33","23.90","23.94","22.91","","-2.02%"
"02/04/2002","24.64","23.94","24.84","23.65","","5.62%"
"02/05/2002","25.66","24.85","26.31","24.65","","4.14%"
"02/06/2002","27.24","25.44","27.87","25.42","","6.16%"
"02/07/2002","26.52","27.82","28.24","26.43","","-2.64%"
"02/08/2002","26.38","26.81","26.87","25.64","","-0.53%"
"02/11/2002","25.52","27.75","28.08","25.52","","-3.26%"
"02/12/2002","25.87","25.44","26.06","24.85","","1.37%"
"02/13/2002","25.22","25.53","26.02","25.11","","-2.51%"
"02/14/2002","24.69","25.01","25.27","24.43","","-2.10%"
"02/15/2002","25.22","24.89","25.51","24.01","","2.15%"
"02/18/2002","25.32","25.12","25.41","24.79","","0.40%"
"02/19/2002","26.18","25.47","26.58","25.41","","3.40%"
"02/20/2002","26.33","25.76","26.80","25.72","","0.57%"
"02/21/2002","25.22","25.69","25.82","24.79","","-4.22%"
"02/22/2002","26.07","25.46","26.34","25.46","","3.37%"
"02/25/2002","25.00","25.54","26.14","24.93","","-4.10%"
"02/26/2002","24.30","24.36","24.83","23.73","","-2.80%"
"02/27/2002","23.66","23.98","24.10","23.33","","-2.63%"
"02/28/2002","23.45","23.79","24.04","22.95","","-0.89%"
"03/01/2002","22.38","23.49","23.63","22.32","","-4.56%"
"03/04/2002","22.71","22.43","22.80","22.02","","1.47%"
"03/05/2002","22.83","22.61","23.10","22.48","","0.53%"
"03/06/2002","22.61","22.85","23.20","22.45","","-0.96%"
"03/07/2002","23.00","22.47","23.19","22.18","","1.72%"
"03/08/2002","22.57","22.79","22.79","22.35","","-1.87%"
"03/11/2002","22.65","23.00","23.06","22.38","","0.35%"
"03/12/2002","23.01","22.84","23.38","22.74","","1.59%"
"03/13/2002","22.90","22.95","23.19","22.52","","-0.48%"
"03/14/2002","22.22","22.82","22.95","22.14","","-2.97%"
"03/15/2002","21.68","22.10","22.58","21.19","","-2.43%"
"03/18/2002","21.76","21.84","22.02","21.34","","0.37%"
"03/19/2002","21.13","21.60","21.68","21.10","","-2.90%"
"03/20/2002","21.30","21.38","21.45","20.70","","0.80%"
"03/21/2002","20.74","21.41","21.53","20.63","","-2.63%"
"03/22/2002","20.17","20.47","20.60","19.97","","-2.75%"
"03/25/2002","20.30","20.62","20.62","19.98","","0.64%"
"03/26/2002","19.86","20.44","20.56","19.64","","-2.17%"
"03/27/2002","19.05","19.82","19.94","18.87","","-4.08%"
"03/28/2002","19.00","18.90","19.03","18.51","","-0.26%"
"04/02/2002","20.52","19.68","20.80","19.56","","8.00%"
"04/03/2002","20.52","20.67","20.96","20.33","","0.00%"
"04/04/2002","21.27","20.66","21.71","20.57","","3.65%"
"04/05/2002","20.72","20.98","21.19","20.50","","-2.59%"
"04/08/2002","22.99","21.15","23.12","21.04","","10.96%"
"04/09/2002","22.22","22.37","22.65","21.89","","-3.35%"
"04/10/2002","21.58","22.31","22.47","21.51","","-2.88%"
"04/11/2002","22.71","21.59","22.80","21.35","","5.24%"
"04/12/2002","22.34","22.41","22.59","21.99","","-1.63%"
"04/15/2002","21.92","22.54","22.59","21.92","","-1.88%"
"04/16/2002","20.82","21.86","21.96","20.74","","-5.02%"
"04/17/2002","20.90","20.70","21.08","20.40","","0.38%"
"04/18/2002","21.89","20.95","22.08","20.46","","4.74%"
"04/19/2002","20.80","21.57","21.81","20.56","","-4.98%"
"04/22/2002","21.64","21.15","22.01","21.11","","4.04%"
"04/23/2002","21.95","21.59","22.39","21.33","","1.43%"
"04/24/2002","21.71","21.77","22.17","21.40","","-1.09%"
"04/25/2002","23.03","22.07","23.43","21.97","","6.08%"
"04/26/2002","23.22","22.83","23.37","22.39","","0.83%"
"04/29/2002","23.42","23.79","24.11","23.14","","0.86%"
"04/30/2002","23.04","23.72","24.02","22.76","","-1.62%"
"05/02/2002","23.43","23.21","23.80","22.78","","1.69%"
"05/03/2002","23.96","23.80","24.58","22.83","","2.26%"
"05/06/2002","24.19","24.47","24.79","23.82","","0.96%"
"05/07/2002","24.77","24.72","25.79","24.47","","2.40%"
"05/08/2002","23.06","24.31","24.63","22.89","","-6.90%"
"05/09/2002","23.03","23.03","23.54","22.78","","-0.13%"
"05/10/2002","24.36","23.32","24.56","23.01","","5.78%"
"05/13/2002","23.77","24.75","24.75","23.48","","-2.42%"
"05/14/2002","23.05","23.92","23.92","22.71","","-3.03%"
"05/15/2002","22.77","22.93","23.43","22.77","","-1.21%"
"05/16/2002","22.79","23.01","23.24","22.61","","0.09%"
"05/17/2002","22.58","22.36","22.58","21.63","","-0.92%"
"05/20/2002","22.91","22.50","23.07","22.44","","1.46%"
"05/21/2002","23.01","23.06","23.40","22.39","","0.44%"
"05/22/2002","23.88","23.12","24.38","22.90","","3.78%"
"05/23/2002","23.96","23.95","24.43","23.42","","0.34%"
"05/24/2002","23.35","23.64","23.65","23.22","","-2.55%"
"05/27/2002","23.20","23.40","23.41","22.75","","-0.64%"
"05/28/2002","23.69","22.80","23.72","22.50","","2.11%"
"05/29/2002","23.82","23.51","24.15","23.41","","0.55%"
"05/30/2002","25.19","23.83","25.25","23.63","","5.75%"
"05/31/2002","24.29","24.57","24.85","23.77","","-3.57%"
"06/03/2002","25.19","24.63","25.30","24.20","","3.71%"
"06/04/2002","27.20","25.34","27.20","25.34","","7.98%"
"06/05/2002","26.75","26.01","26.99","26.01","","-1.65%"
"06/06/2002","26.22","25.79","26.39","25.05","","-1.98%"
"06/07/2002","27.19","27.40","28.14","27.02","","3.70%"
"06/10/2002","27.31","25.79","27.42","25.72","","0.44%"
"06/11/2002","26.08","26.30","27.46","25.56","","-4.50%"
"06/12/2002","27.80","26.91","28.09","26.80","","6.60%"
"06/13/2002","28.02","27.03","28.71","26.49","","0.79%"
"06/14/2002","30.84","29.16","31.66","29.15","","10.06%"
"06/17/2002","28.25","29.87","30.00","28.22","","-8.40%"
"06/18/2002","28.58","27.32","29.16","27.08","","1.17%"
"06/19/2002","29.70","28.05","30.04","27.89","","3.92%"
"06/20/2002","32.88","28.51","32.89","28.48","","10.71%"
"06/21/2002","33.22","34.18","34.34","31.75","","1.03%"
"06/24/2002","34.70","32.41","35.72","32.14","","4.46%"
"06/25/2002","32.62","33.10","33.59","32.10","","-5.99%"
"06/26/2002","36.12","36.70","37.49","35.02","","10.73%"
"06/27/2002","34.16","35.08","35.10","33.40","","-5.43%"
"06/28/2002","32.13","32.35","33.20","31.76","","-5.94%"
"07/01/2002","32.64","31.95","33.02","31.09","","1.59%"
"07/02/2002","35.90","31.46","35.91","31.43","","9.99%"
"07/03/2002","37.39","33.90","38.02","33.90","","4.15%"
"07/04/2002","35.67","32.70","36.81","32.70","","-4.60%"
"07/05/2002","32.50","32.68","33.81","32.49","","-8.89%"
"07/08/2002","33.29","31.27","33.88","31.25","","2.43%"
"07/09/2002","33.60","29.84","34.16","29.81","","0.93%"
"07/10/2002","36.75","33.96","37.08","33.65","","9.38%"
"07/11/2002","40.73","38.43","41.00","37.89","","10.83%"
"07/12/2002","40.39","38.64","40.40","38.30","","-0.83%"
"07/15/2002","45.08","40.92","45.22","40.68","","11.61%"
"07/16/2002","44.86","43.47","46.83","42.90","","-0.49%"
"07/17/2002","44.30","47.03","47.32","43.02","","-1.25%"
"07/18/2002","41.94","43.88","43.99","41.59","","-5.33%"
"07/19/2002","44.19","43.10","44.52","42.61","","5.36%"
"07/22/2002","47.50","46.06","48.30","45.12","","7.49%"
"07/23/2002","50.75","46.14","50.91","46.09","","6.84%"
"07/24/2002","50.35","50.38","55.90","50.14","","-0.79%"
"07/25/2002","51.94","49.94","52.35","48.87","","3.16%"
"07/26/2002","50.08","50.34","52.36","49.38","","-3.58%"
"07/29/2002","44.44","47.99","48.27","44.21","","-11.26%"
"07/30/2002","42.47","44.50","44.88","42.34","","-4.43%"
"07/31/2002","44.69","42.84","44.69","40.75","","5.23%"
"08/01/2002","45.83","43.27","46.42","42.28","","2.55%"
"08/02/2002","48.13","46.10","48.14","45.63","","5.02%"
"08/05/2002","51.64","49.36","52.46","49.03","","7.29%"
"08/06/2002","50.19","53.56","53.83","49.65","","-2.81%"
"08/07/2002","51.82","50.35","51.82","49.13","","3.25%"
"08/08/2002","48.66","49.90","50.82","48.50","","-6.10%"
"08/09/2002","47.35","48.38","49.27","47.18","","-2.69%"
"08/12/2002","48.52","47.45","48.85","47.28","","2.47%"
"08/13/2002","47.62","48.02","49.79","47.62","","-1.85%"
"08/14/2002","47.33","48.28","49.06","46.93","","-0.61%"
"08/15/2002","42.95","45.01","45.36","41.97","","-9.25%"
"08/16/2002","39.77","42.12","42.12","39.36","","-7.40%"
"08/19/2002","35.19","38.62","39.99","35.16","","-11.52%"
"08/20/2002","36.22","34.13","36.64","33.78","","2.93%"
"08/21/2002","35.61","36.07","36.35","34.39","","-1.68%"
"08/22/2002","35.50","34.20","35.84","34.04","","-0.31%"
"08/23/2002","35.70","34.56","35.93","34.34","","0.56%"
"08/26/2002","37.19","36.13","37.25","35.19","","4.17%"
"08/27/2002","36.04","35.88","37.08","35.34","","-3.09%"
"08/28/2002","39.24","36.66","39.40","36.61","","8.88%"
"08/29/2002","42.65","40.04","44.23","39.60","","8.69%"
"08/30/2002","41.74","40.31","43.47","40.31","","-2.13%"
"09/02/2002","44.46","40.13","44.58","40.13","","6.52%"
"09/03/2002","51.65","45.57","51.66","45.37","","16.17%"
"09/04/2002","51.89","46.91","52.86","46.68","","0.46%"
"09/05/2002","50.93","50.45","52.94","49.97","","-1.85%"
"09/06/2002","46.70","50.90","51.02","46.70","","-8.31%"
"09/09/2002","47.71","43.30","48.17","42.96","","2.16%"
"09/10/2002","45.56","46.92","47.03","45.14","","-4.51%"
"09/11/2002","42.16","40.75","44.87","40.75","","-7.46%"
"09/12/2002","44.71","39.76","44.71","39.74","","6.05%"
"09/13/2002","46.68","37.55","48.03","37.45","","4.41%"
"09/16/2002","46.43","46.59","47.17","45.68","","-0.54%"
"09/17/2002","45.99","43.55","46.18","42.68","","-0.95%"
"09/18/2002","50.16","48.03","50.28","47.32","","9.07%"
"09/19/2002","51.05","47.87","51.40","47.61","","1.77%"
"09/20/2002","49.44","50.72","51.02","49.07","","-3.15%"
"09/23/2002","53.25","48.29","53.29","48.29","","7.71%"
"09/24/2002","55.42","51.87","55.57","51.32","","4.08%"
"09/25/2002","52.75","54.48","54.72","51.74","","-4.82%"
"09/26/2002","49.87","51.28","51.96","49.13","","-5.46%"
"09/27/2002","50.38","48.15","50.39","47.87","","1.02%"
"09/30/2002","57.96","53.11","58.23","52.54","","15.05%"
"10/01/2002","53.67","54.42","56.84","53.67","","-7.40%"
"10/02/2002","52.43","50.74","54.42","50.48","","-2.31%"
"10/03/2002","53.92","52.38","53.96","51.85","","2.84%"
"10/04/2002","56.83","53.69","57.08","53.59","","5.40%"
"10/07/2002","58.25","56.75","59.39","56.75","","2.50%"
"10/08/2002","58.13","55.82","58.99","55.33","","-0.21%"
"10/09/2002","56.20","56.05","58.15","54.94","","-3.32%"
"10/10/2002","51.59","49.90","55.99","49.03","","-8.20%"
"10/11/2002","48.28","49.51","50.39","47.96","","-6.42%"
"10/14/2002","49.76","48.16","50.08","47.94","","3.07%"
"10/15/2002","46.84","47.62","48.05","46.40","","-5.87%"
"10/16/2002","48.12","46.44","48.31","45.56","","2.73%"
"10/17/2002","47.91","46.84","48.37","46.49","","-0.44%"
"10/18/2002","47.58","48.05","49.64","47.49","","-0.69%"
"10/21/2002","46.36","48.82","49.46","46.23","","-2.56%"
"10/22/2002","47.47","47.30","47.61","46.18","","2.39%"
"10/23/2002","49.11","46.55","49.88","45.59","","3.45%"
"10/24/2002","47.71","48.16","49.09","47.23","","-2.85%"
"10/25/2002","46.76","48.57","48.85","46.18","","-1.99%"
"10/28/2002","45.37","45.85","46.23","44.52","","-2.97%"
"10/29/2002","47.88","45.91","48.04","44.71","","5.53%"
"10/30/2002","45.99","47.46","48.16","45.79","","-3.95%"
"10/31/2002","44.34","46.48","46.61","43.88","","-3.59%"
"11/01/2002","44.93","45.05","46.10","44.07","","1.33%"
"11/04/2002","43.72","44.32","44.32","42.80","","-2.69%"
"11/05/2002","42.65","40.69","44.23","40.69","","-2.45%"
"11/06/2002","44.16","42.27","45.09","42.07","","3.54%"
"11/07/2002","46.48","43.28","47.37","42.97","","5.25%"
"11/08/2002","47.02","46.35","47.70","45.86","","1.16%"
"11/11/2002","47.31","48.10","48.37","46.53","","0.62%"
"11/12/2002","46.02","46.59","47.16","45.73","","-2.73%"
"11/13/2002","45.60","46.29","46.92","45.15","","-0.91%"
"11/14/2002","43.16","45.41","45.86","43.05","","-5.35%"
"11/15/2002","41.23","42.60","43.00","41.05","","-4.47%"
"11/18/2002","40.51","41.30","41.30","39.81","","-1.75%"
"11/19/2002","39.61","40.70","40.99","39.58","","-2.22%"
"11/20/2002","39.38","39.14","40.09","38.90","","-0.58%"
"11/21/2002","36.96","37.91","38.17","36.33","","-6.15%"
"11/22/2002","34.63","36.30","36.38","34.55","","-6.30%"
"11/25/2002","34.77","35.01","35.27","34.22","","0.40%"
"11/26/2002","35.67","35.32","35.70","33.19","","2.59%"
"11/27/2002","33.34","35.58","35.72","33.05","","-6.53%"
"11/28/2002","33.10","33.36","33.77","32.48","","-0.72%"
"11/29/2002","33.47","32.92","33.83","32.31","","1.12%"
"12/02/2002","34.13","34.42","34.46","32.11","","1.97%"
"12/03/2002","36.93","34.40","36.97","34.28","","8.20%"
"12/04/2002","37.81","37.81","38.98","37.07","","2.38%"
"12/05/2002","39.27","37.23","39.48","35.58","","3.86%"
"12/06/2002","40.42","39.07","42.37","38.76","","2.93%"
"12/09/2002","42.87","40.81","42.94","39.97","","6.06%"
"12/10/2002","40.93","42.52","42.52","40.64","","-4.53%"
"12/11/2002","39.58","41.17","41.18","39.21","","-3.30%"
"12/12/2002","40.09","39.01","40.84","39.01","","1.29%"
"12/13/2002","41.06","39.99","41.37","39.98","","2.42%"
"12/16/2002","39.30","41.80","41.80","39.20","","-4.29%"
"12/17/2002","39.78","38.44","39.86","38.44","","1.22%"
"12/18/2002","42.86","40.01","42.88","39.81","","7.74%"
"12/19/2002","45.20","42.16","45.67","41.88","","5.46%"
"12/20/2002","43.63","45.11","45.48","43.53","","-3.47%"
"12/23/2002","43.21","40.75","44.84","40.63","","-0.96%"
"12/27/2002","45.71","44.90","45.71","44.09","","5.79%"
"12/30/2002","46.55","45.74","46.90","45.74","","1.84%"
"01/02/2003","42.92","46.85","46.85","42.22","","-7.80%"
"01/03/2003","41.10","41.52","41.90","40.91","","-4.24%"
"01/06/2003","40.93","41.37","42.72","40.63","","-0.41%"
"01/07/2003","42.16","40.88","42.47","40.28","","3.01%"
"01/08/2003","42.68","42.13","42.71","41.74","","1.23%"
"01/09/2003","42.21","41.94","43.97","41.88","","-1.10%"
"01/10/2003","40.80","42.01","42.35","39.99","","-3.34%"
"01/13/2003","40.88","40.34","40.99","39.33","","0.20%"
"01/14/2003","39.89","40.36","40.73","39.29","","-2.42%"
"01/15/2003","40.64","39.67","40.79","39.38","","1.88%"
"01/16/2003","39.80","40.53","40.75","39.33","","-2.07%"
"01/17/2003","42.15","40.40","42.65","39.76","","5.90%"
"01/20/2003","43.37","42.57","44.31","41.79","","2.89%"
"01/21/2003","44.53","42.91","44.81","42.50","","2.67%"
"01/22/2003","46.60","44.47","48.00","43.99","","4.65%"
"01/23/2003","46.36","45.63","47.27","44.99","","-0.52%"
"01/24/2003","47.94","46.50","48.25","45.20","","3.41%"
"01/27/2003","52.00","49.85","52.92","49.61","","8.47%"
"01/28/2003","51.14","50.74","52.69","49.83","","-1.65%"
"01/29/2003","50.18","51.60","54.05","49.66","","-1.88%"
"01/30/2003","47.95","49.15","49.65","46.68","","-4.44%"
"01/31/2003","44.45","46.08","49.02","43.88","","-7.30%"
"02/03/2003","43.83","43.91","44.79","43.08","","-1.39%"
"02/04/2003","46.16","44.08","46.89","44.08","","5.32%"
"02/05/2003","44.63","45.20","47.51","44.60","","-3.31%"
"02/06/2003","46.20","43.00","46.91","43.00","","3.52%"
"02/07/2003","46.02","43.76","46.52","43.76","","-0.39%"
"02/10/2003","45.88","45.98","46.81","45.32","","-0.30%"
"02/11/2003","42.82","45.14","45.26","42.09","","-6.67%"
"02/12/2003","43.82","43.00","44.21","42.84","","2.34%"
"02/13/2003","44.06","42.16","44.52","42.16","","0.55%"
"02/14/2003","42.01","43.18","43.18","41.40","","-4.65%"
"02/17/2003","41.11","40.97","41.63","40.96","","-2.14%"
"02/18/2003","40.68","38.40","41.64","38.40","","-1.05%"
"02/19/2003","42.04","40.88","42.04","40.26","","3.34%"
"02/20/2003","41.72","41.67","42.47","40.56","","-0.76%"
"02/21/2003","40.63","41.45","41.96","39.95","","-2.61%"
"02/24/2003","43.18","40.38","43.42","40.32","","6.28%"
"02/25/2003","46.62","43.51","47.41","43.49","","7.97%"
"02/26/2003","46.71","45.91","47.48","45.07","","0.19%"
"02/27/2003","45.67","46.40","46.78","45.56","","-2.23%"
"02/28/2003","42.82","45.38","45.60","42.57","","-6.24%"
"03/03/2003","43.41","42.92","43.47","42.23","","1.38%"
"03/04/2003","43.86","43.78","44.45","43.41","","1.04%"
"03/05/2003","43.69","44.18","44.87","43.14","","-0.39%"
"03/06/2003","43.85","43.36","44.47","43.25","","0.37%"
"03/07/2003","44.33","43.06","45.05","43.06","","1.09%"
"03/10/2003","46.11","43.28","46.24","43.12","","4.02%"
"03/11/2003","46.16","45.97","46.87","45.37","","0.11%"
"03/12/2003","48.15","44.68","49.67","44.54","","4.31%"
"03/13/2003","45.26","46.83","47.44","45.21","","-6.00%"
"03/14/2003","44.97","44.45","45.17","43.54","","-0.64%"
"03/17/2003","47.00","47.18","48.17","46.49","","4.51%"
"03/18/2003","48.48","46.48","48.60","45.63","","3.15%"
"03/19/2003","48.99","47.86","49.33","46.94","","1.05%"
"03/20/2003","47.54","48.48","49.14","47.39","","-2.96%"
"03/21/2003","43.50","46.55","46.55","42.17","","-8.50%"
"03/24/2003","47.42","44.54","47.48","44.35","","9.01%"
"03/25/2003","46.26","47.71","48.82","46.07","","-2.45%"
"03/26/2003","44.18","43.31","46.54","43.08","","-4.50%"
"03/27/2003","43.96","44.04","45.38","43.19","","-0.50%"
"03/28/2003","43.53","43.14","44.10","42.40","","-0.98%"
"03/31/2003","45.56","44.83","46.35","44.83","","4.66%"
"04/01/2003","44.69","43.15","45.39","42.84","","-1.91%"
"04/02/2003","43.71","43.63","43.94","42.52","","-2.19%"
"04/03/2003","43.90","41.52","44.14","41.52","","0.43%"
"04/04/2003","44.20","43.29","44.26","42.74","","0.68%"
"04/07/2003","42.47","42.77","43.24","42.10","","-3.91%"
"04/08/2003","41.84","41.93","43.29","41.24","","-1.48%"
"04/09/2003","40.37","42.03","42.40","39.54","","-3.51%"
"04/10/2003","39.60","40.84","40.84","38.37","","-1.91%"
"04/11/2003","37.38","38.28","38.48","36.49","","-5.61%"
"04/14/2003","35.84","37.40","38.07","35.55","","-4.12%"
"04/15/2003","34.40","36.05","36.05","33.80","","-4.02%"
"04/16/2003","34.68","33.28","35.18","33.28","","0.81%"
"04/17/2003","34.70","34.79","35.46","33.99","","0.06%"
"04/22/2003","34.24","35.54","36.07","34.18","","-1.33%"
"04/23/2003","32.66","34.12","34.45","32.28","","-4.61%"
"04/24/2003","33.42","33.12","33.85","31.75","","2.33%"
"04/25/2003","33.41","33.23","34.23","33.06","","-0.03%"
"04/28/2003","32.21","34.02","34.68","31.59","","-3.59%"
"04/29/2003","33.27","32.04","33.39","31.59","","3.29%"
"04/30/2003","32.33","32.79","33.17","31.58","","-2.83%"
"05/02/2003","32.05","32.36","33.20","31.54","","-0.87%"
"05/05/2003","32.37","31.81","33.09","31.33","","1.00%"
"05/06/2003","31.62","32.71","32.71","31.33","","-2.32%"
"05/07/2003","31.87","31.70","32.04","30.90","","0.79%"
"05/08/2003","33.62","31.65","34.01","31.47","","5.49%"
"05/09/2003","33.24","32.80","34.55","32.63","","-1.13%"
"05/12/2003","33.74","33.72","34.96","33.14","","1.50%"
"05/13/2003","34.04","33.88","34.53","33.55","","0.89%"
"05/14/2003","33.29","34.21","34.57","32.95","","-2.20%"
"05/15/2003","30.82","33.47","33.60","30.46","","-7.42%"
"05/16/2003","29.25","30.84","30.84","28.17","","-5.09%"
"05/19/2003","33.89","30.31","34.34","30.04","","15.86%"
"05/20/2003","34.55","33.67","34.63","33.37","","1.95%"
"05/21/2003","34.79","33.77","35.77","33.77","","0.69%"
"05/22/2003","32.60","34.27","34.27","32.45","","-6.29%"
"05/23/2003","33.04","30.68","33.71","30.54","","1.35%"
"05/26/2003","33.35","32.88","33.45","31.93","","0.94%"
"05/27/2003","32.74","33.19","34.57","32.50","","-1.83%"
"05/28/2003","30.76","31.26","31.50","30.08","","-6.05%"
"05/29/2003","30.20","30.83","30.85","29.41","","-1.82%"
"05/30/2003","29.67","30.27","30.90","29.48","","-1.75%"
"06/02/2003","29.37","29.08","29.80","28.92","","-1.01%"
"06/03/2003","30.59","29.66","30.89","29.52","","4.15%"
"06/04/2003","29.78","30.04","30.44","28.90","","-2.65%"
"06/05/2003","30.62","29.12","31.21","29.00","","2.82%"
"06/06/2003","29.29","30.11","30.37","28.72","","-4.34%"
"06/09/2003","29.71","29.59","30.25","29.31","","1.43%"
"06/10/2003","28.73","29.75","29.78","28.63","","-3.30%"
"06/11/2003","27.76","28.39","28.76","27.53","","-3.38%"
"06/12/2003","27.79","27.20","28.11","26.78","","0.11%"
"06/13/2003","28.69","27.88","28.76","27.12","","3.24%"
"06/16/2003","28.00","29.06","29.42","27.92","","-2.41%"
"06/17/2003","28.80","27.28","29.11","27.17","","2.86%"
"06/18/2003","28.87","28.84","29.26","28.46","","0.24%"
"06/19/2003","29.28","28.40","29.30","28.02","","1.42%"
"06/20/2003","27.34","29.05","29.21","27.15","","-6.63%"
"06/23/2003","28.14","27.94","28.68","27.25","","2.93%"
"06/24/2003","28.38","28.36","28.85","27.94","","0.85%"
"06/25/2003","28.83","28.04","28.89","27.76","","1.59%"
"06/26/2003","27.24","28.93","29.27","26.90","","-5.52%"
"06/27/2003","26.94","26.92","27.39","26.00","","-1.10%"
"06/30/2003","27.44","27.01","27.92","26.47","","1.86%"
"07/01/2003","28.75","27.10","29.15","27.10","","4.77%"
"07/02/2003","26.92","27.27","27.61","26.81","","-6.37%"
"07/03/2003","26.99","26.78","27.74","26.18","","0.26%"
"07/04/2003","26.73","26.81","27.07","26.32","","-0.96%"
"07/07/2003","26.87","26.41","26.92","26.10","","0.52%"
"07/08/2003","27.11","26.69","27.53","26.59","","0.89%"
"07/09/2003","26.62","27.08","27.12","26.38","","-1.81%"
"07/10/2003","26.95","26.70","27.28","26.65","","1.24%"
"07/11/2003","25.90","26.89","27.12","25.83","","-3.90%"
"07/14/2003","25.37","25.95","26.12","25.25","","-2.05%"
"07/15/2003","25.52","25.44","25.67","25.02","","0.59%"
"07/16/2003","26.06","24.93","26.19","24.93","","2.12%"
"07/17/2003","26.89","26.00","27.58","25.97","","3.18%"
"07/18/2003","25.74","26.93","27.24","25.43","","-4.28%"
"07/21/2003","28.11","25.56","28.21","25.56","","9.21%"
"07/22/2003","27.38","27.59","28.26","26.88","","-2.60%"
"07/23/2003","27.26","26.98","27.87","26.52","","-0.44%"
"07/24/2003","25.45","27.13","27.48","25.15","","-6.64%"
"07/25/2003","25.06","25.91","26.09","25.01","","-1.53%"
"07/28/2003","25.14","25.10","25.42","24.55","","0.32%"
"07/29/2003","24.96","25.20","25.55","24.03","","-0.72%"
"07/30/2003","24.86","25.24","25.32","24.42","","-0.40%"
"07/31/2003","24.66","24.70","25.35","23.97","","-0.80%"
"08/01/2003","24.67","24.38","25.08","24.04","","0.04%"
"08/04/2003","26.30","25.10","26.91","24.81","","6.61%"
"08/05/2003","25.97","26.11","26.64","25.33","","-1.25%"
"08/06/2003","27.83","26.85","29.46","26.69","","7.16%"
"08/07/2003","28.58","28.34","29.29","28.15","","2.69%"
"08/08/2003","27.62","28.50","28.56","27.09","","-3.36%"
"08/11/2003","27.59","27.77","28.16","27.23","","-0.11%"
"08/12/2003","26.71","27.27","27.51","26.53","","-3.19%"
"08/13/2003","26.96","26.40","27.31","26.08","","0.94%"
"08/14/2003","26.07","26.46","26.79","25.72","","-3.30%"
"08/15/2003","25.20","26.02","26.02","24.77","","-3.34%"
"08/18/2003","24.25","25.01","25.28","24.02","","-3.77%"
"08/19/2003","24.43","23.47","24.73","23.29","","0.74%"
"08/20/2003","24.72","24.08","25.10","24.08","","1.19%"
"08/21/2003","23.83","24.46","24.58","23.36","","-3.60%"
"08/22/2003","23.61","23.82","23.89","22.74","","-0.92%"
"08/25/2003","24.88","24.27","25.14","24.27","","5.38%"
"08/26/2003","26.02","24.82","26.19","24.38","","4.58%"
"08/27/2003","25.02","25.71","25.84","24.88","","-3.84%"
"08/28/2003","24.27","25.13","25.18","24.20","","-3.00%"
"08/29/2003","24.35","24.36","24.53","23.74","","0.33%"
"09/01/2003","23.56","24.39","24.39","23.39","","-3.24%"
"09/02/2003","24.47","23.56","24.67","23.26","","3.86%"
"09/03/2003","24.43","23.80","24.73","23.57","","-0.16%"
"09/04/2003","24.13","24.56","24.79","24.01","","-1.23%"
"09/05/2003","24.84","23.95","24.84","23.87","","2.94%"
"09/08/2003","24.82","25.35","25.51","24.76","","-0.08%"
"09/09/2003","25.85","24.61","25.98","24.58","","4.15%"
"09/10/2003","26.90","26.14","27.05","25.99","","4.06%"
"09/11/2003","26.13","27.36","27.75","26.07","","-2.86%"
"09/12/2003","26.70","25.98","27.08","25.23","","2.18%"
"09/15/2003","26.60","26.77","26.77","26.16","","-0.37%"
"09/16/2003","24.90","26.39","26.54","24.90","","-6.39%"
"09/17/2003","24.51","24.09","24.60","24.04","","-1.57%"
"09/18/2003","23.28","24.84","24.84","23.16","","-5.02%"
"09/19/2003","22.95","23.47","23.47","22.31","","-1.42%"
"09/22/2003","27.24","24.90","27.25","24.75","","18.69%"
"09/23/2003","28.36","26.66","28.59","26.52","","4.11%"
"09/24/2003","31.06","27.91","31.25","26.97","","9.52%"
"09/25/2003","30.04","30.25","30.55","29.39","","-3.28%"
"09/26/2003","30.76","30.67","31.67","29.57","","2.40%"
"09/29/2003","30.46","29.92","31.05","28.72","","-0.98%"
"09/30/2003","32.04","30.49","33.10","29.99","","5.19%"
"10/01/2003","30.07","30.30","32.64","30.00","","-6.15%"
"10/02/2003","30.19","28.50","30.70","28.50","","0.40%"
"10/03/2003","27.44","29.75","29.84","27.42","","-9.11%"
"10/06/2003","28.36","28.22","29.03","28.10","","3.35%"
"10/07/2003","29.94","28.70","30.67","28.70","","5.57%"
"10/08/2003","29.03","29.72","29.78","28.02","","-3.04%"
"10/09/2003","26.71","28.56","29.00","26.69","","-7.99%"
"10/10/2003","26.51","27.00","27.08","25.94","","-0.75%"
"10/13/2003","26.10","26.33","26.44","25.87","","-1.55%"
"10/14/2003","26.57","25.55","26.95","25.54","","1.80%"
"10/15/2003","26.55","25.83","26.64","25.79","","-0.08%"
"10/16/2003","24.92","26.67","26.85","24.88","","-6.14%"
"10/17/2003","26.73","25.51","27.07","24.82","","7.26%"
"10/20/2003","25.75","26.67","27.33","25.68","","-3.67%"
"10/21/2003","24.82","25.51","25.56","24.31","","-3.61%"
"10/22/2003","27.10","24.76","27.13","24.72","","9.19%"
"10/23/2003","26.33","28.36","28.36","26.27","","-2.84%"
"10/24/2003","26.74","26.62","27.12","25.70","","1.56%"
"10/27/2003","25.54","26.18","26.46","25.25","","-4.49%"
"10/28/2003","24.08","24.79","24.88","24.07","","-5.72%"
"10/29/2003","23.98","23.96","24.50","23.75","","-0.42%"
"10/30/2003","23.58","23.94","24.36","23.06","","-1.67%"
"10/31/2003","22.53","23.83","23.85","22.45","","-4.45%"
"11/03/2003","22.13","22.93","22.97","21.90","","-1.78%"
"11/04/2003","22.90","22.07","22.93","21.82","","3.48%"
"11/05/2003","23.47","22.79","23.71","22.47","","2.49%"
"11/06/2003","23.18","23.63","23.97","23.07","","-1.24%"
"11/07/2003","22.96","22.31","23.22","22.31","","-0.95%"
"11/10/2003","23.60","23.73","23.87","22.88","","2.79%"
"11/11/2003","23.60","24.04","24.26","23.49","","0.00%"
"11/12/2003","23.11","23.46","23.94","23.07","","-2.08%"
"11/13/2003","23.04","22.44","23.46","22.32","","-0.30%"
"11/14/2003","22.50","23.21","23.24","22.20","","-2.34%"
"11/17/2003","25.62","24.39","25.62","23.82","","13.87%"
"11/18/2003","25.67","24.75","25.84","24.54","","0.20%"
"11/19/2003","26.20","26.77","27.08","25.91","","2.06%"
"11/20/2003","27.30","25.73","28.77","25.46","","4.20%"
"11/21/2003","26.28","27.45","27.45","25.73","","-3.74%"
"11/24/2003","24.07","26.21","26.24","23.87","","-8.41%"
"11/25/2003","23.51","23.80","23.93","23.26","","-2.33%"
"11/26/2003","23.87","24.04","24.04","22.48","","1.53%"
"11/27/2003","22.75","23.43","23.43","22.58","","-4.69%"
"11/28/2003","23.16","22.78","23.80","22.47","","1.80%"
"12/01/2003","22.72","22.67","23.01","22.44","","-1.90%"
"12/02/2003","22.89","22.62","23.13","22.34","","0.75%"
"12/03/2003","21.94","22.78","22.83","21.75","","-4.15%"
"12/04/2003","21.84","22.72","22.72","21.59","","-0.46%"
"12/05/2003","21.91","22.14","22.53","21.74","","0.32%"
"12/08/2003","23.18","23.25","23.73","22.69","","5.80%"
"12/09/2003","22.70","23.41","23.54","22.16","","-2.07%"
"12/10/2003","23.08","22.96","23.45","22.70","","1.67%"
"12/11/2003","22.11","22.90","22.93","22.00","","-4.20%"
"12/12/2003","22.63","21.69","22.63","21.49","","2.35%"
"12/15/2003","22.59","22.70","22.78","21.99","","-0.18%"
"12/16/2003","22.59","22.90","23.06","22.31","","0.00%"
"12/17/2003","22.64","22.53","22.91","22.41","","0.22%"
"12/18/2003","22.05","23.05","23.05","21.98","","-2.61%"
"12/19/2003","20.70","21.89","21.89","20.52","","-6.12%"
"12/22/2003","20.96","21.13","21.20","20.71","","1.26%"
"12/23/2003","20.80","20.74","20.86","20.43","","-0.76%"
"12/29/2003","20.91","21.50","21.60","20.89","","0.53%"
"12/30/2003","20.70","20.64","20.72","20.12","","-1.00%"
"01/02/2004","20.79","20.86","20.98","20.55","","0.43%"
"01/05/2004","20.76","21.16","21.32","20.66","","-0.14%"
"01/06/2004","20.19","20.67","21.03","20.19","","-2.75%"
"01/07/2004","20.17","20.02","20.25","19.60","","-0.10%"
"01/08/2004","19.01","19.80","19.80","18.66","","-5.75%"
"01/09/2004","19.78","19.33","20.18","18.77","","4.05%"
"01/12/2004","20.57","20.39","20.82","20.36","","3.99%"
"01/13/2004","20.35","20.48","20.50","19.42","","-1.07%"
"01/14/2004","19.78","20.42","20.51","19.56","","-2.80%"
"01/15/2004","19.31","19.99","19.99","19.29","","-2.38%"
"01/16/2004","18.55","18.83","18.87","18.09","","-3.94%"
"01/19/2004","18.57","18.97","18.97","18.46","","0.11%"
"01/20/2004","18.95","18.69","18.98","18.44","","2.05%"
"01/21/2004","18.61","18.87","18.96","18.46","","-1.79%"
"01/22/2004","18.64","18.49","18.69","17.97","","0.16%"
"01/23/2004","18.34","18.77","18.77","17.89","","-1.61%"
"01/26/2004","18.88","18.72","19.02","18.60","","2.94%"
"01/27/2004","18.86","18.57","18.95","18.15","","-0.11%"
"01/28/2004","19.29","19.18","19.32","18.89","","2.28%"
"01/29/2004","20.43","19.64","20.90","19.64","","5.91%"
"01/30/2004","21.12","20.29","21.13","19.80","","3.38%"
"02/02/2004","21.17","21.12","21.45","20.83","","0.24%"
"02/03/2004","21.30","21.20","21.85","21.02","","0.61%"
"02/04/2004","21.12","21.59","21.66","20.88","","-0.85%"
"02/05/2004","20.65","21.23","21.24","19.98","","-2.23%"
"02/06/2004","19.87","20.31","20.68","19.77","","-3.78%"
"02/09/2004","19.22","19.80","19.95","18.95","","-3.27%"
"02/10/2004","18.91","19.33","19.38","18.83","","-1.61%"
"02/11/2004","18.83","18.95","18.95","18.42","","-0.42%"
"02/12/2004","18.05","18.63","18.79","18.02","","-4.14%"
"02/13/2004","18.42","18.02","18.43","17.48","","2.05%"
"02/16/2004","18.29","18.90","18.98","18.26","","-0.71%"
"02/17/2004","18.20","18.73","18.81","17.85","","-0.49%"
"02/18/2004","17.46","18.03","18.20","17.38","","-4.07%"
"02/19/2004","16.88","17.08","17.17","16.85","","-3.32%"
"02/20/2004","17.97","17.16","17.98","16.50","","6.46%"
"02/23/2004","18.21","17.78","18.21","17.39","","1.34%"
"02/24/2004","19.72","18.30","20.50","18.25","","8.29%"
"02/25/2004","19.57","19.63","20.17","19.12","","-0.76%"
"02/26/2004","19.84","19.13","19.89","19.00","","1.38%"
"02/27/2004","18.82","19.14","19.16","18.52","","-5.14%"
"03/01/2004","18.49","18.84","18.84","18.48","","-1.75%"
"03/02/2004","17.60","18.30","18.30","17.60","","-4.81%"
"03/03/2004","18.34","17.97","18.46","17.65","","4.20%"
"03/04/2004","17.79","18.16","18.33","17.70","","-3.00%"
"03/05/2004","17.45","17.85","18.32","17.33","","-1.91%"
"03/08/2004","17.55","17.68","17.78","17.38","","0.57%"
"03/09/2004","18.28","18.04","18.71","17.82","","4.16%"
"03/10/2004","19.48","19.37","19.69","19.04","","6.56%"
"03/11/2004","23.29","21.20","24.57","21.20","","19.56%"
"03/12/2004","23.38","24.87","25.25","23.17","","0.39%"
"03/15/2004","26.14","23.71","26.15","23.52","","11.80%"
"03/16/2004","25.35","25.72","26.87","24.97","","-3.02%"
"03/17/2004","22.96","24.88","24.88","22.96","","-9.43%"
"03/18/2004","24.19","22.90","24.19","22.41","","5.36%"
"03/19/2004","23.79","23.43","24.26","23.10","","-1.65%"
"03/22/2004","26.99","24.82","27.62","24.82","","13.45%"
"03/23/2004","26.25","26.85","27.04","25.49","","-2.74%"
"03/24/2004","26.60","26.16","26.89","25.39","","1.33%"
"03/25/2004","24.01","25.25","25.39","23.88","","-9.74%"
"03/26/2004","23.15","23.07","23.28","22.65","","-3.58%"
"03/29/2004","21.85","22.93","23.21","21.63","","-5.62%"
"03/30/2004","22.13","21.94","22.49","21.78","","1.28%"
"03/31/2004","22.14","21.75","22.35","20.89","","0.05%"
"04/01/2004","20.66","21.50","21.69","20.52","","-6.68%"
"04/02/2004","18.97","20.45","21.10","18.94","","-8.18%"
"04/05/2004","18.45","19.12","19.14","17.88","","-2.74%"
"04/06/2004","18.92","19.00","19.08","17.93","","2.55%"
"04/07/2004","19.57","19.10","19.57","18.44","","3.44%"
"04/08/2004","19.78","19.13","19.88","18.47","","1.07%"
"04/13/2004","19.67","19.60","19.68","18.96","","-0.56%"
"04/14/2004","20.98","20.26","22.21","20.21","","6.66%"
"04/15/2004","21.29","21.28","21.47","20.58","","1.48%"
"04/16/2004","19.86","21.26","21.38","19.67","","-6.72%"
"04/19/2004","20.10","20.20","20.76","19.88","","1.21%"
"04/20/2004","19.41","19.72","19.75","18.76","","-3.43%"
"04/21/2004","20.22","20.13","20.63","19.77","","4.17%"
"04/22/2004","19.34","19.76","20.66","19.14","","-4.35%"
"04/23/2004","18.60","17.92","18.70","17.91","","-3.83%"
"04/26/2004","18.45","18.80","18.88","18.01","","-0.81%"
"04/27/2004","18.32","18.50","18.78","18.18","","-0.70%"
"04/28/2004","20.36","18.75","20.53","18.54","","11.14%"
"04/29/2004","22.01","20.83","22.43","20.65","","8.10%"
"04/30/2004","21.93","22.27","22.57","21.73","","-0.36%"
"05/03/2004","21.81","22.58","22.96","21.71","","-0.55%"
"05/04/2004","21.77","21.68","22.48","21.31","","-0.18%"
"05/05/2004","20.49","22.05","22.08","20.37","","-5.88%"
"05/06/2004","22.92","20.74","23.15","20.65","","11.86%"
"05/07/2004","22.70","22.69","24.26","22.49","","-0.96%"
"05/10/2004","25.80","25.94","26.39","24.91","","13.66%"
"05/11/2004","23.20","24.34","24.47","23.15","","-10.08%"
"05/12/2004","24.83","23.19","24.83","23.09","","7.03%"
"05/13/2004","24.22","23.67","24.41","23.35","","-2.46%"
"05/14/2004","23.95","24.01","25.39","23.57","","-1.11%"
"05/17/2004","24.97","26.42","26.53","24.92","","4.26%"
"05/18/2004","24.15","24.43","24.79","23.95","","-3.28%"
"05/19/2004","22.18","23.40","23.42","21.91","","-8.16%"
"05/20/2004","23.24","23.30","23.54","23.05","","4.78%"
"05/21/2004","22.53","22.89","22.97","21.96","","-3.06%"
"05/24/2004","21.88","22.28","22.38","21.12","","-2.89%"
"05/25/2004","22.41","22.45","22.78","22.05","","2.42%"
"05/26/2004","21.58","21.19","21.73","20.86","","-3.70%"
"05/27/2004","20.91","21.45","21.46","20.48","","-3.10%"
"05/28/2004","20.94","20.34","21.15","20.34","","0.14%"
"05/31/2004","20.99","21.16","21.19","20.70","","0.24%"
"06/01/2004","22.47","21.09","22.83","21.07","","7.05%"
"06/02/2004","21.67","21.93","22.16","21.09","","-3.56%"
"06/03/2004","21.12","21.66","22.08","21.10","","-2.54%"
"06/04/2004","19.74","21.12","21.14","19.64","","-6.53%"
"06/07/2004","19.12","19.30","19.39","18.94","","-3.14%"
"06/08/2004","18.98","18.70","19.24","18.70","","-0.73%"
"06/09/2004","18.96","19.19","19.21","18.09","","-0.11%"
"06/10/2004","18.14","20.20","20.20","18.10","","-4.32%"
"06/11/2004","18.16","18.55","18.67","18.08","","0.11%"
"06/14/2004","19.89","19.16","20.05","18.80","","9.53%"
"06/15/2004","18.86","21.16","21.16","18.54","","-5.18%"
"06/16/2004","18.05","18.46","18.50","17.77","","-4.29%"
"06/17/2004","18.51","18.73","18.85","17.69","","2.55%"
"06/18/2004","17.97","18.94","18.95","17.59","","-2.92%"
"06/21/2004","17.96","17.86","18.21","17.19","","-0.06%"
"06/22/2004","19.02","18.07","19.13","17.80","","5.90%"
"06/23/2004","18.57","19.23","19.31","18.01","","-2.37%"
"06/24/2004","17.87","17.82","18.18","17.33","","-3.77%"
"06/25/2004","17.67","18.67","18.67","17.46","","-1.12%"
"06/28/2004","17.45","18.07","18.19","16.91","","-1.25%"
"06/29/2004","17.23","17.48","17.76","17.23","","-1.26%"
"06/30/2004","17.86","17.50","17.86","16.77","","3.66%"
"07/01/2004","17.85","18.31","18.31","16.30","","-0.06%"
"07/02/2004","17.80","18.25","18.28","17.68","","-0.28%"
"07/05/2004","17.73","18.25","18.25","17.55","","-0.39%"
"07/06/2004","19.18","17.66","19.38","17.61","","8.18%"
"07/07/2004","19.29","19.18","19.64","18.66","","0.57%"
"07/08/2004","18.45","19.95","20.19","18.44","","-4.35%"
"07/09/2004","18.80","19.02","19.65","18.52","","1.90%"
"07/12/2004","19.68","19.54","19.81","19.04","","4.68%"
"07/13/2004","19.17","19.46","19.50","18.81","","-2.59%"
"07/14/2004","19.03","19.77","20.17","18.95","","-0.73%"
"07/15/2004","19.12","19.18","19.66","18.94","","0.47%"
"07/16/2004","18.37","19.19","19.19","17.54","","-3.92%"
"07/19/2004","18.80","18.72","19.03","18.32","","2.34%"
"07/20/2004","18.46","19.07","19.27","18.46","","-1.81%"
"07/21/2004","18.07","17.92","18.11","17.25","","-2.11%"
"07/22/2004","19.34","19.21","19.63","18.87","","7.03%"
"07/23/2004","19.62","19.44","19.68","18.86","","1.45%"
"07/26/2004","20.36","19.96","20.66","19.46","","3.77%"
"07/27/2004","19.60","20.23","20.32","19.40","","-3.73%"
"07/28/2004","19.54","19.31","19.64","18.30","","-0.31%"
"07/29/2004","18.42","19.22","19.28","18.33","","-5.73%"
"07/30/2004","18.53","18.56","18.77","17.93","","0.60%"
"08/02/2004","18.78","18.61","19.45","18.56","","1.35%"
"08/03/2004","18.08","18.46","18.68","17.88","","-3.73%"
"08/04/2004","18.90","18.62","19.30","18.59","","4.54%"
"08/05/2004","18.80","19.51","19.59","18.18","","-0.53%"
"08/06/2004","21.06","19.77","21.28","19.71","","12.02%"
"08/09/2004","21.73","21.51","22.88","21.29","","3.18%"
"08/10/2004","21.10","21.78","21.80","21.05","","-2.90%"
"08/11/2004","22.02","21.05","22.45","20.97","","4.36%"
"08/12/2004","22.01","21.61","22.52","21.16","","-0.05%"
"08/13/2004","22.18","22.42","22.67","22.05","","0.77%"
"08/16/2004","21.43","22.74","23.03","21.21","","-3.38%"
"08/17/2004","21.04","21.37","21.54","20.41","","-1.82%"
"08/18/2004","20.54","21.17","21.44","20.53","","-2.38%"
"08/19/2004","20.40","20.18","20.66","19.70","","-0.68%"
"08/20/2004","19.99","20.95","21.18","19.96","","-2.01%"
"08/23/2004","19.09","20.26","20.26","18.79","","-4.50%"
"08/24/2004","18.97","19.39","19.43","18.03","","-0.63%"
"08/25/2004","18.34","18.72","18.89","18.31","","-3.32%"
"08/26/2004","17.67","17.92","17.92","17.34","","-3.65%"
"08/27/2004","17.37","17.63","18.06","17.16","","-1.70%"
"08/30/2004","18.22","18.56","18.56","17.55","","4.89%"
"08/31/2004","19.50","18.83","19.53","18.29","","7.03%"
"09/01/2004","18.33","19.52","19.55","18.29","","-6.00%"
"09/02/2004","18.36","18.65","18.78","17.92","","0.16%"
"09/03/2004","17.57","18.50","18.58","17.09","","-4.30%"
"09/06/2004","17.23","17.64","17.78","17.08","","-1.94%"
"09/07/2004","17.01","17.28","17.63","16.67","","-1.28%"
"09/08/2004","16.97","17.00","17.15","16.81","","-0.24%"
"09/09/2004","17.33","17.34","17.78","17.21","","2.12%"
"09/10/2004","16.60","17.35","17.39","16.52","","-4.21%"
"09/13/2004","16.35","16.92","16.92","16.23","","-1.51%"
"09/14/2004","16.62","16.70","16.74","16.30","","1.65%"
"09/15/2004","17.04","17.25","17.33","16.35","","2.53%"
"09/16/2004","16.83","19.17","19.17","16.64","","-1.23%"
"09/17/2004","16.10","17.56","17.56","15.90","","-4.34%"
"09/20/2004","16.36","16.76","16.96","16.15","","1.61%"
"09/21/2004","15.94","17.47","17.47","15.80","","-2.57%"
"09/22/2004","16.65","17.32","17.34","15.71","","4.45%"
"09/23/2004","17.05","17.07","17.23","16.65","","2.40%"
"09/24/2004","16.51","17.09","17.14","16.27","","-3.17%"
"09/27/2004","17.21","17.00","17.52","16.93","","4.24%"
"09/28/2004","16.67","17.39","17.78","16.61","","-3.14%"
"09/29/2004","16.40","16.57","16.69","15.94","","-1.62%"
"09/30/2004","16.96","16.15","17.15","15.79","","3.41%"
"10/01/2004","15.54","16.50","16.57","15.49","","-8.37%"
"10/04/2004","16.13","16.57","16.57","15.16","","3.80%"
"10/05/2004","16.17","15.93","16.27","15.47","","0.25%"
"10/06/2004","16.27","16.05","16.44","15.90","","0.62%"
"10/07/2004","16.31","16.01","16.51","15.89","","0.25%"
"10/08/2004","16.54","16.77","16.94","16.15","","1.41%"
"10/11/2004","16.64","16.97","17.05","16.47","","0.60%"
"10/12/2004","17.67","16.86","17.80","16.83","","6.19%"
"10/13/2004","17.03","16.98","17.19","16.19","","-3.62%"
"10/14/2004","17.63","17.46","17.93","17.35","","3.52%"
"10/15/2004","17.60","17.93","18.13","17.40","","-0.17%"
"10/18/2004","18.19","17.75","18.36","17.61","","3.35%"
"10/19/2004","17.69","17.60","17.70","16.91","","-2.75%"
"10/20/2004","18.05","18.34","18.71","18.04","","2.04%"
"10/21/2004","17.86","17.83","18.39","17.53","","-1.05%"
"10/22/2004","17.28","17.64","17.64","16.88","","-3.25%"
"10/25/2004","19.08","18.80","19.34","18.70","","10.42%"
"10/26/2004","18.90","19.14","19.18","18.74","","-0.94%"
"10/27/2004","18.35","18.48","18.89","18.15","","-2.91%"
"10/28/2004","17.85","17.83","18.06","17.40","","-2.72%"
"10/29/2004","17.82","17.80","17.86","17.18","","-0.17%"
"11/01/2004","17.46","17.77","18.07","17.36","","-2.02%"
"11/02/2004","16.87","17.48","17.66","16.85","","-3.38%"
"11/03/2004","16.53","16.55","16.73","16.18","","-2.02%"
"11/04/2004","15.70","16.54","16.54","15.63","","-5.02%"
"11/05/2004","16.27","15.77","16.29","15.17","","3.63%"
"11/08/2004","15.75","16.12","16.21","15.69","","-3.20%"
"11/09/2004","15.52","15.88","15.88","15.40","","-1.46%"
"11/10/2004","15.04","15.25","15.33","14.92","","-3.09%"
"11/11/2004","14.66","15.09","15.13","14.47","","-2.53%"
"11/12/2004","14.36","14.51","14.75","14.31","","-2.05%"
"11/15/2004","14.77","14.47","14.94","14.35","","2.86%"
"11/16/2004","15.01","15.39","15.39","14.62","","1.62%"
"11/17/2004","14.24","14.70","14.83","14.16","","-5.13%"
"11/18/2004","14.30","14.30","14.55","14.20","","0.42%"
"11/19/2004","14.44","14.31","14.59","13.66","","0.98%"
"11/22/2004","14.86","15.67","15.67","14.77","","2.91%"
"11/23/2004","14.96","14.63","15.02","14.39","","0.67%"
"11/24/2004","14.64","14.73","14.84","14.52","","-2.14%"
"11/25/2004","14.06","14.55","14.59","14.06","","-3.96%"
"11/26/2004","14.32","14.31","14.53","14.23","","1.85%"
"11/29/2004","14.97","14.42","15.02","14.09","","4.54%"
"11/30/2004","15.39","14.93","15.59","14.88","","2.81%"
"12/01/2004","14.76","15.45","15.52","14.67","","-4.09%"
"12/02/2004","14.82","14.67","15.09","14.61","","0.41%"
"12/03/2004","14.68","14.80","15.17","14.51","","-0.94%"
"12/06/2004","14.86","15.03","15.04","14.81","","1.23%"
"12/07/2004","15.07","14.83","15.08","14.52","","1.41%"
"12/08/2004","15.34","15.49","15.49","15.01","","1.79%"
"12/09/2004","15.72","15.34","15.82","15.12","","2.48%"
"12/10/2004","14.93","15.80","15.81","14.93","","-5.03%"
"12/13/2004","15.38","15.34","15.38","15.02","","3.01%"
"12/14/2004","15.12","15.28","15.28","15.02","","-1.69%"
"12/15/2004","15.07","15.09","15.14","14.83","","-0.33%"
"12/16/2004","14.36","14.90","14.92","14.07","","-4.71%"
"12/17/2004","14.44","14.17","14.49","13.70","","0.56%"
"12/20/2004","13.80","14.60","14.62","13.80","","-4.43%"
"12/21/2004","13.55","13.97","13.97","13.55","","-1.81%"
"12/22/2004","13.53","13.38","13.53","13.26","","-0.15%"
"12/23/2004","13.20","13.56","13.56","13.11","","-2.44%"
"12/27/2004","13.56","13.52","13.62","13.39","","2.73%"
"12/28/2004","13.35","13.53","13.57","13.32","","-1.55%"
"12/29/2004","13.61","13.37","13.62","13.22","","1.95%"
"12/30/2004","13.68","13.53","13.68","13.42","","0.51%"
"01/03/2005","14.22","14.05","14.28","13.79","","3.95%"
"01/04/2005","14.26","14.16","14.39","14.07","","0.28%"
"01/05/2005","14.47","14.53","14.54","14.29","","1.47%"
"01/06/2005","14.18","14.51","14.51","14.12","","-2.00%"
"01/07/2005","13.73","14.27","14.27","13.68","","-3.17%"
"01/10/2005","13.79","13.99","14.10","13.64","","0.44%"
"01/11/2005","14.02","13.77","14.16","13.63","","1.67%"
"01/12/2005","14.34","14.20","14.60","13.98","","2.28%"
"01/13/2005","14.21","14.33","14.42","14.09","","-0.91%"
"01/14/2005","13.65","14.30","14.32","13.56","","-3.94%"
"01/17/2005","13.51","13.82","13.82","13.46","","-1.03%"
"01/18/2005","13.47","13.62","13.86","13.40","","-0.30%"
"01/19/2005","13.52","13.49","13.61","13.34","","0.37%"
"01/20/2005","13.79","13.88","14.00","13.74","","2.00%"
"01/21/2005","13.66","13.90","13.94","13.55","","-0.94%"
"01/24/2005","14.01","14.15","14.36","13.91","","2.56%"
"01/25/2005","13.29","14.04","14.06","13.24","","-5.14%"
"01/26/2005","13.40","13.34","13.42","13.21","","0.83%"
"01/27/2005","13.01","13.27","13.36","12.82","","-2.91%"
"01/28/2005","12.82","12.80","13.01","12.43","","-1.46%"
"01/31/2005","12.58","12.87","12.89","12.51","","-1.87%"
"02/01/2005","12.01","12.68","12.68","12.00","","-4.53%"
"02/02/2005","12.00","12.19","12.19","11.91","","-0.08%"
"02/03/2005","12.11","12.10","12.21","11.96","","0.92%"
"02/04/2005","11.49","12.04","12.11","11.46","","-5.12%"
"02/07/2005","11.51","11.58","11.68","11.48","","0.17%"
"02/08/2005","11.38","11.50","11.59","11.28","","-1.13%"
"02/09/2005","11.56","11.29","11.62","11.26","","1.58%"
"02/10/2005","11.45","11.44","11.48","11.23","","-0.95%"
"02/11/2005","10.98","11.37","11.37","10.96","","-4.10%"
"02/14/2005","11.17","11.16","11.25","11.04","","1.73%"
"02/15/2005","11.30","11.20","11.30","11.06","","1.16%"
"02/16/2005","11.97","11.29","12.27","11.29","","5.93%"
"02/17/2005","11.83","12.00","12.00","11.66","","-1.17%"
"02/18/2005","11.79","11.95","11.98","11.40","","-0.34%"
"02/21/2005","12.04","11.97","12.07","11.79","","2.12%"
"02/22/2005","12.39","12.12","12.78","12.05","","2.91%"
"02/23/2005","12.62","12.71","13.00","12.55","","1.86%"
"02/24/2005","12.27","12.57","12.66","12.18","","-2.77%"
"02/25/2005","11.71","12.03","12.03","11.54","","-4.56%"
"02/28/2005","11.70","11.83","11.83","11.52","","-0.09%"
"03/01/2005","11.25","11.72","11.79","11.18","","-3.85%"
"03/02/2005","11.84","11.27","12.01","11.26","","5.24%"
"03/03/2005","11.76","11.87","11.96","11.55","","-0.68%"
"03/04/2005","11.11","11.69","11.74","11.08","","-5.53%"
"03/07/2005","11.02","11.40","11.46","10.99","","-0.81%"
"03/08/2005","11.44","11.12","11.51","10.99","","3.81%"
"03/09/2005","11.94","11.34","12.17","11.12","","4.37%"
"03/10/2005","12.84","12.78","12.90","12.36","","7.54%"
"03/11/2005","12.31","12.52","12.52","12.05","","-4.13%"
"03/14/2005","12.37","12.61","12.80","12.34","","0.49%"
"03/15/2005","11.67","12.32","12.32","11.67","","-5.66%"
"03/16/2005","13.25","11.98","13.25","11.83","","13.54%"
"03/17/2005","12.78","13.22","13.30","12.70","","-3.55%"
"03/18/2005","12.06","12.79","12.79","11.82","","-5.63%"
"03/21/2005","12.41","12.43","12.49","11.89","","2.90%"
"03/22/2005","12.10","12.33","12.82","12.09","","-2.50%"
"03/23/2005","12.34","12.58","12.97","12.33","","1.98%"
"03/24/2005","11.87","12.35","12.35","11.76","","-3.81%"
"03/29/2005","12.24","12.47","12.88","12.18","","3.12%"
"03/30/2005","12.58","12.43","12.76","12.37","","2.78%"
"03/31/2005","12.22","12.29","12.31","11.90","","-2.86%"
"04/01/2005","11.95","12.16","12.23","11.51","","-2.21%"
"04/04/2005","12.67","12.26","12.89","12.12","","6.03%"
"04/05/2005","12.13","12.45","12.47","12.05","","-4.26%"
"04/06/2005","11.80","12.12","12.15","11.78","","-2.72%"
"04/07/2005","11.44","11.93","11.93","11.37","","-3.05%"
"04/08/2005","11.30","11.30","11.41","11.03","","-1.22%"
"04/11/2005","11.47","11.93","11.93","11.34","","1.50%"
"04/12/2005","11.85","11.49","11.90","11.36","","3.31%"
"04/13/2005","11.22","11.60","11.61","11.13","","-5.32%"
"04/14/2005","11.40","11.42","11.52","11.07","","1.60%"
"04/15/2005","13.51","12.05","13.59","11.95","","18.51%"
"04/18/2005","16.66","15.15","17.51","15.12","","23.32%"
"04/19/2005","15.49","15.96","15.96","15.18","","-7.02%"
"04/20/2005","15.87","15.26","16.07","14.35","","2.45%"
"04/21/2005","15.22","16.15","16.20","14.91","","-4.10%"
"04/22/2005","14.58","14.68","14.68","14.07","","-4.20%"
"04/25/2005","14.32","14.78","14.88","14.07","","-1.78%"
"04/26/2005","14.29","14.08","14.71","14.08","","-0.21%"
"04/27/2005","15.37","14.63","15.91","14.63","","7.56%"
"04/28/2005","15.39","15.17","16.07","14.84","","0.13%"
"04/29/2005","15.56","15.73","15.84","15.06","","1.10%"
"05/02/2005","14.70","15.40","15.40","14.61","","-5.53%"
"05/03/2005","14.12","14.67","14.79","13.86","","-3.95%"
"05/04/2005","13.46","14.05","14.43","13.40","","-4.67%"
"05/05/2005","12.41","13.53","13.53","12.36","","-7.80%"
"05/06/2005","12.18","12.56","13.00","12.09","","-1.85%"
"05/09/2005","12.52","12.54","12.66","12.35","","2.79%"
"05/10/2005","13.47","12.33","13.58","12.06","","7.59%"
"05/11/2005","14.03","13.47","14.14","13.34","","4.16%"
"05/12/2005","13.37","13.64","13.64","13.06","","-4.70%"
"05/13/2005","13.41","13.58","13.94","13.40","","0.30%"
"05/16/2005","13.77","13.83","13.99","13.42","","2.68%"
"05/17/2005","13.85","13.70","14.33","13.50","","0.58%"
"05/18/2005","12.29","13.51","13.51","12.20","","-11.26%"
"05/19/2005","12.11","11.99","12.20","11.77","","-1.46%"
"05/20/2005","11.52","12.20","12.21","11.12","","-4.87%"
"05/23/2005","11.45","11.23","11.66","11.23","","-0.61%"
"05/24/2005","11.86","11.43","11.92","11.43","","3.58%"
"05/25/2005","11.95","11.76","12.10","11.51","","0.76%"
"05/26/2005","11.18","11.66","11.66","11.06","","-6.44%"
"05/27/2005","11.32","11.15","11.48","11.07","","1.25%"
"05/30/2005","11.12","11.58","11.63","11.12","","-1.77%"
"05/31/2005","12.07","11.35","12.07","11.32","","8.54%"
"06/01/2005","11.66","11.84","12.05","11.43","","-3.40%"
"06/02/2005","11.51","11.65","11.79","11.42","","-1.29%"
"06/03/2005","11.66","11.25","11.75","11.18","","1.30%"
"06/06/2005","12.06","11.98","12.06","11.69","","3.43%"
"06/07/2005","11.19","11.60","11.68","10.90","","-7.21%"
"06/08/2005","11.59","11.30","11.68","11.19","","3.57%"
"06/09/2005","11.75","11.70","11.87","11.52","","1.38%"
"06/10/2005","11.52","11.37","11.76","11.32","","-1.96%"
"06/13/2005","11.60","11.60","11.93","11.52","","0.69%"
"06/14/2005","11.35","11.67","11.76","11.35","","-2.16%"
"06/15/2005","12.27","11.44","12.48","11.41","","8.11%"
"06/16/2005","11.82","11.87","12.16","11.71","","-3.67%"
"06/17/2005","11.56","11.83","11.83","10.99","","-2.20%"
"06/20/2005","11.94","11.91","12.33","11.83","","3.29%"
"06/21/2005","11.59","11.75","11.86","11.52","","-2.93%"
"06/22/2005","11.59","11.53","11.78","11.05","","0.00%"
"06/23/2005","11.24","11.61","11.63","11.22","","-3.02%"
"06/24/2005","11.98","11.87","12.22","11.82","","6.58%"
"06/27/2005","12.43","12.60","12.83","12.41","","3.76%"
"06/28/2005","11.92","12.50","12.50","11.86","","-4.10%"
"06/29/2005","11.21","11.72","11.74","11.08","","-5.96%"
"06/30/2005","11.24","11.31","11.46","10.99","","0.27%"
"07/01/2005","10.99","11.18","11.18","10.77","","-2.22%"
"07/04/2005","11.01","11.15","11.19","10.98","","0.18%"
"07/05/2005","11.56","11.24","11.88","11.20","","5.00%"
"07/06/2005","11.28","11.41","11.43","11.12","","-2.42%"
"07/07/2005","13.10","11.65","18.01","11.54","","16.13%"
"07/08/2005","11.48","12.52","12.52","11.38","","-12.37%"
"07/11/2005","11.56","11.20","11.78","11.16","","0.70%"
"07/12/2005","12.30","11.69","12.41","11.68","","6.40%"
"07/13/2005","11.75","12.16","12.27","11.74","","-4.47%"
"07/14/2005","11.88","11.69","11.95","11.47","","1.11%"
"07/15/2005","12.06","11.83","12.23","11.63","","1.52%"
"07/18/2005","12.16","12.34","12.43","12.14","","0.83%"
"07/19/2005","12.02","12.12","12.12","11.80","","-1.15%"
"07/20/2005","12.35","11.90","12.42","11.90","","2.75%"
"07/21/2005","13.04","12.11","13.38","12.10","","5.59%"
"07/22/2005","12.82","13.01","13.09","12.64","","-1.69%"
"07/25/2005","12.94","12.98","13.26","12.79","","0.94%"
"07/26/2005","12.58","12.87","12.96","12.44","","-2.78%"
"07/27/2005","11.95","12.52","12.55","11.82","","-5.01%"
"07/28/2005","12.14","12.00","12.20","11.81","","1.59%"
"07/29/2005","12.36","12.08","12.57","12.04","","1.81%"
"08/01/2005","12.69","12.60","12.78","12.44","","2.67%"
"08/02/2005","12.16","12.64","12.82","12.14","","-4.18%"
"08/03/2005","12.63","12.25","12.88","12.08","","3.87%"
"08/04/2005","13.26","12.74","13.45","12.69","","4.99%"
"08/05/2005","13.85","13.48","13.87","13.17","","4.45%"
"08/08/2005","13.91","14.00","14.08","13.69","","0.43%"
"08/09/2005","13.33","13.82","13.89","13.31","","-4.17%"
"08/10/2005","13.03","13.17","13.20","12.77","","-2.25%"
"08/11/2005","13.63","13.26","13.94","13.14","","4.60%"
"08/12/2005","14.03","13.52","14.04","13.49","","2.93%"
"08/15/2005","14.23","14.26","14.40","14.01","","1.43%"
"08/16/2005","14.76","14.11","14.76","14.02","","3.72%"
"08/17/2005","14.80","14.78","15.10","14.68","","0.27%"
"08/18/2005","14.71","14.71","15.23","14.64","","-0.61%"
"08/19/2005","13.95","14.66","14.71","13.58","","-5.17%"
"08/22/2005","14.39","14.14","14.50","14.03","","3.15%"
"08/23/2005","14.70","14.50","14.80","14.34","","2.15%"
"08/24/2005","14.42","14.72","15.03","14.36","","-1.90%"
"08/25/2005","14.65","14.65","15.22","14.65","","1.60%"
"08/26/2005","15.14","14.81","15.23","14.27","","3.34%"
"08/29/2005","15.29","15.99","16.01","15.28","","0.99%"
"08/30/2005","14.96","14.97","15.31","14.80","","-2.16%"
"08/31/2005","14.85","15.19","15.31","14.67","","-0.74%"
"09/01/2005","14.43","14.55","14.74","14.19","","-2.83%"
"09/02/2005","14.45","14.47","14.94","14.22","","0.14%"
"09/05/2005","14.06","14.59","14.59","14.06","","-2.70%"
"09/06/2005","13.78","14.07","14.19","13.78","","-1.99%"
"09/07/2005","13.94","13.88","14.19","13.74","","1.16%"
"09/08/2005","13.68","13.89","14.11","13.68","","-1.87%"
"09/09/2005","13.90","13.73","13.98","13.57","","1.61%"
"09/12/2005","15.21","13.88","15.30","13.87","","9.42%"
"09/13/2005","16.02","15.20","16.58","15.17","","5.33%"
"09/14/2005","15.82","16.05","16.27","15.69","","-1.25%"
"09/15/2005","15.37","15.99","16.02","15.36","","-2.84%"
"09/16/2005","15.70","15.35","15.79","14.62","","2.15%"
"09/19/2005","14.86","16.64","16.79","14.19","","-5.35%"
"09/20/2005","14.46","14.70","14.80","14.32","","-2.69%"
"09/21/2005","15.27","14.93","15.44","14.70","","5.60%"
"09/22/2005","15.48","15.59","15.86","15.31","","1.38%"
"09/23/2005","15.00","15.20","15.25","14.83","","-3.10%"
"09/26/2005","14.53","14.58","14.65","14.35","","-3.13%"
"09/27/2005","14.94","14.87","14.97","14.59","","2.82%"
"09/28/2005","14.73","14.63","14.73","14.42","","-1.41%"
"09/29/2005","15.39","14.59","15.52","14.53","","4.48%"
"09/30/2005","15.38","15.01","15.62","15.01","","-0.06%"
"10/03/2005","15.29","15.18","15.48","15.18","","-0.59%"
"10/04/2005","15.32","15.21","15.44","15.14","","0.20%"
"10/05/2005","15.91","15.59","16.09","15.59","","3.85%"
"10/06/2005","16.85","16.65","17.23","16.65","","5.91%"
"10/07/2005","16.81","16.93","17.09","16.42","","-0.24%"
"10/10/2005","16.90","16.73","16.98","16.52","","0.54%"
"10/11/2005","16.68","16.79","16.81","16.42","","-1.30%"
"10/12/2005","17.21","17.05","17.33","16.72","","3.18%"
"10/13/2005","17.65","17.43","17.99","17.13","","2.56%"
"10/14/2005","16.73","17.45","17.65","16.60","","-5.21%"
"10/17/2005","16.36","16.81","16.91","16.35","","-2.21%"
"10/18/2005","16.35","16.30","16.52","16.00","","-0.06%"
"10/19/2005","17.73","17.00","18.50","16.85","","8.44%"
"10/20/2005","17.38","17.04","17.45","16.67","","-1.97%"
"10/21/2005","17.45","17.79","17.79","17.15","","0.40%"
"10/24/2005","16.88","17.75","17.86","16.70","","-3.27%"
"10/25/2005","17.13","16.67","17.19","16.45","","1.48%"
"10/26/2005","16.71","16.96","16.99","16.53","","-2.45%"
"10/27/2005","18.01","16.80","18.03","16.71","","7.78%"
"10/28/2005","17.94","18.03","18.27","17.61","","-0.39%"
"10/31/2005","17.16","17.43","17.55","17.10","","-4.35%"
"11/01/2005","17.10","17.11","17.24","16.91","","-0.35%"
"11/02/2005","16.35","17.13","17.13","16.34","","-4.39%"
"11/03/2005","15.34","16.22","16.26","15.34","","-6.18%"
"11/04/2005","15.76","15.44","15.78","15.30","","2.74%"
"11/07/2005","15.27","15.63","15.71","15.02","","-3.11%"
"11/08/2005","15.47","15.15","15.57","15.00","","1.31%"
"11/09/2005","15.03","15.34","15.34","14.83","","-2.84%"
"11/10/2005","14.75","14.77","14.81","14.24","","-1.86%"
"11/11/2005","14.05","13.89","14.19","13.89","","-4.75%"
"11/14/2005","14.51","14.44","14.54","14.13","","3.27%"
"11/15/2005","14.56","14.42","14.80","14.34","","0.34%"
"11/16/2005","14.65","14.57","15.38","14.54","","0.62%"
"11/17/2005","14.54","14.44","14.67","14.11","","-0.75%"
"11/18/2005","14.35","14.08","14.41","13.79","","-1.31%"
"11/21/2005","13.56","14.31","14.36","13.52","","-5.51%"
"11/22/2005","13.69","13.57","13.69","13.40","","0.96%"
"11/23/2005","13.11","13.38","13.42","13.10","","-4.24%"
"11/24/2005","13.21","13.12","13.31","12.94","","0.76%"
"11/25/2005","13.26","13.11","13.31","13.01","","0.38%"
"11/28/2005","13.74","13.34","13.83","13.03","","3.62%"
"11/29/2005","13.87","13.92","13.94","13.45","","0.95%"
"11/30/2005","13.75","13.85","14.04","13.61","","-0.87%"
"12/01/2005","13.17","13.64","13.65","13.15","","-4.22%"
"12/02/2005","12.69","12.80","13.05","12.61","","-3.64%"
"12/05/2005","13.29","12.88","13.34","12.74","","4.73%"
"12/06/2005","13.04","12.98","13.22","12.84","","-1.88%"
"12/07/2005","13.63","13.13","13.63","12.97","","4.52%"
"12/08/2005","13.42","13.92","13.94","13.42","","-1.54%"
"12/09/2005","12.95","13.77","13.77","12.73","","-3.50%"
"12/12/2005","13.04","13.09","13.09","12.70","","0.69%"
"12/13/2005","13.16","13.25","13.25","12.91","","0.92%"
"12/14/2005","13.41","13.08","13.50","13.08","","1.90%"
"12/15/2005","13.47","13.32","13.53","13.29","","0.45%"
"12/16/2005","12.64","13.46","13.47","12.56","","-6.16%"
"12/19/2005","12.71","13.05","13.05","12.58","","0.55%"
"12/20/2005","12.85","12.83","12.90","12.59","","1.10%"
"12/21/2005","12.55","12.66","12.69","12.30","","-2.33%"
"12/22/2005","12.40","12.60","12.60","12.33","","-1.20%"
"12/23/2005","12.10","12.25","12.40","12.03","","-2.42%"
"12/27/2005","12.45","12.44","12.47","12.17","","2.89%"
"12/28/2005","12.80","12.50","12.89","12.42","","2.81%"
"12/29/2005","13.34","12.79","13.37","12.64","","4.22%"
"12/30/2005","14.12","13.43","14.14","13.40","","5.85%"
"01/02/2006","13.83","14.26","14.33","13.83","","-2.05%"
"01/03/2006","13.66","13.79","13.82","13.31","","-1.23%"
"01/04/2006","13.42","13.17","13.62","13.17","","-1.76%"
"01/05/2006","13.54","13.47","13.64","13.38","","0.89%"
"01/06/2006","13.22","13.52","13.60","13.04","","-2.36%"
"01/09/2006","13.58","13.35","13.71","13.24","","2.72%"
"01/10/2006","13.73","13.73","14.16","13.68","","1.10%"
"01/11/2006","13.28","13.57","13.57","13.26","","-3.28%"
"01/12/2006","12.93","13.38","13.43","12.85","","-2.64%"
"01/13/2006","13.69","13.07","13.89","13.00","","5.88%"
"01/16/2006","13.41","14.02","14.05","13.41","","-2.05%"
"01/17/2006","14.26","14.14","14.27","13.99","","6.34%"
"01/18/2006","14.90","15.22","15.32","14.72","","4.49%"
"01/19/2006","14.62","14.55","14.72","14.45","","-1.88%"
"01/20/2006","15.16","14.81","15.16","14.00","","3.69%"
"01/23/2006","15.37","15.65","15.76","15.33","","1.39%"
"01/24/2006","14.93","15.39","15.39","14.61","","-2.86%"
"01/25/2006","14.37","14.77","14.84","14.29","","-3.75%"
"01/26/2006","14.52","14.19","14.61","13.89","","1.04%"
"01/27/2006","14.55","13.99","14.98","13.99","","0.21%"
"01/30/2006","14.85","14.92","15.07","14.82","","2.06%"
"01/31/2006","15.67","14.87","15.74","14.66","","5.52%"
"02/01/2006","15.22","15.80","15.92","14.96","","-2.87%"
"02/02/2006","16.00","15.06","16.00","15.04","","5.12%"
"02/03/2006","15.79","15.90","16.37","15.52","","-1.31%"
"02/06/2006","16.02","15.88","16.08","15.49","","1.46%"
"02/07/2006","15.84","15.73","16.20","15.69","","-1.12%"
"02/08/2006","15.63","16.11","16.46","15.52","","-1.33%"
"02/09/2006","15.30","15.25","15.35","15.17","","-2.11%"
"02/10/2006","15.67","15.50","15.73","15.18","","2.42%"
"02/13/2006","15.77","15.99","16.24","15.73","","0.64%"
"02/14/2006","15.79","15.59","16.07","15.48","","0.13%"
"02/15/2006","15.90","15.80","16.06","15.73","","0.70%"
"02/16/2006","15.03","15.70","15.79","15.00","","-5.47%"
"02/17/2006","14.54","15.11","15.11","14.18","","-3.26%"
"02/20/2006","14.79","14.90","14.95","14.70","","1.72%"
"02/21/2006","15.10","14.70","15.16","14.49","","2.10%"
"02/22/2006","14.26","14.99","15.09","14.18","","-5.56%"
"02/23/2006","14.56","14.18","14.81","14.06","","2.10%"
"02/24/2006","14.27","14.48","14.48","14.20","","-1.99%"
"02/27/2006","14.04","14.44","14.45","14.03","","-1.61%"
"02/28/2006","14.97","14.07","15.00","13.96","","6.62%"
"03/01/2006","14.33","14.80","14.88","14.33","","-4.28%"
"03/02/2006","14.76","14.22","15.16","14.18","","3.00%"
"03/03/2006","15.12","14.98","15.45","14.48","","2.44%"
"03/06/2006","15.04","15.08","15.22","14.75","","-0.53%"
"03/07/2006","15.38","15.32","15.81","15.29","","2.26%"
"03/08/2006","15.57","15.34","15.86","15.21","","1.24%"
"03/09/2006","15.09","15.26","15.29","14.95","","-3.08%"
"03/10/2006","14.47","15.17","15.21","14.37","","-4.11%"
"03/13/2006","14.22","14.59","14.59","14.09","","-1.73%"
"03/14/2006","14.18","14.38","14.40","14.14","","-0.28%"
"03/15/2006","14.07","14.12","14.21","13.94","","-0.78%"
"03/16/2006","14.35","14.12","14.48","14.07","","1.99%"
"03/17/2006","14.64","14.25","14.66","13.77","","2.02%"
"03/20/2006","14.89","14.89","14.95","14.51","","1.71%"
"03/21/2006","14.74","14.90","15.33","14.65","","-1.01%"
"03/22/2006","14.39","14.96","15.09","14.36","","-2.37%"
"03/23/2006","14.29","14.35","14.46","14.18","","-0.69%"
"03/24/2006","13.78","14.12","14.24","13.73","","-3.57%"
"03/27/2006","14.91","14.19","14.91","13.95","","8.20%"
"03/28/2006","14.87","14.89","15.17","14.61","","-0.27%"
"03/29/2006","14.69","14.77","14.88","14.48","","-1.21%"
"03/30/2006","13.73","14.40","14.40","13.73","","-6.54%"
"03/31/2006","14.03","13.93","14.19","13.74","","2.18%"
"04/03/2006","13.60","13.97","14.04","13.60","","-3.06%"
"04/04/2006","13.94","14.00","14.02","13.75","","2.50%"
"04/05/2006","13.81","13.84","14.05","13.73","","-0.93%"
"04/06/2006","13.73","13.79","13.94","13.63","","-0.58%"
"04/07/2006","14.40","13.67","14.54","13.51","","4.88%"
"04/10/2006","14.49","14.68","14.87","14.46","","0.63%"
"04/11/2006","15.43","14.57","15.48","14.52","","6.49%"
"04/12/2006","15.25","15.58","15.91","15.18","","-1.17%"
"04/13/2006","14.82","15.17","15.31","14.74","","-2.82%"
"04/18/2006","15.42","15.54","15.97","15.37","","4.05%"
"04/19/2006","14.95","14.85","15.03","14.65","","-3.05%"
"04/20/2006","14.32","14.93","14.93","14.00","","-4.21%"
"04/21/2006","14.38","14.21","14.46","13.97","","0.42%"
"04/24/2006","15.03","15.15","15.17","14.82","","4.52%"
"04/25/2006","14.93","14.93","15.00","14.64","","-0.67%"
"04/26/2006","14.31","14.71","14.77","14.23","","-4.15%"
"04/27/2006","14.89","14.29","15.34","14.29","","4.05%"
"04/28/2006","15.10","14.94","15.32","14.70","","1.41%"
"05/02/2006","14.89","15.49","15.49","14.88","","-1.39%"
"05/03/2006","15.77","14.53","15.81","14.52","","5.91%"
"05/04/2006","14.78","15.53","15.70","14.78","","-6.28%"
"05/05/2006","13.73","14.78","14.78","13.72","","-7.10%"
"05/08/2006","14.13","13.93","14.19","13.82","","2.91%"
"05/09/2006","14.04","14.22","14.32","14.00","","-0.64%"
"05/10/2006","14.20","14.25","14.27","13.86","","1.14%"
"05/11/2006","14.64","13.96","14.71","13.60","","3.10%"
"05/12/2006","16.10","15.02","16.22","14.82","","9.97%"
"05/15/2006","17.11","16.69","18.23","16.58","","6.27%"
"05/16/2006","16.71","17.21","17.39","16.42","","-2.34%"
"05/17/2006","18.72","16.40","18.81","16.04","","12.03%"
"05/18/2006","19.48","18.44","19.85","18.44","","4.06%"
"05/19/2006","19.00","19.55","19.55","18.71","","-2.46%"
"05/22/2006","23.24","19.99","23.28","19.93","","22.32%"
"05/23/2006","20.18","22.42","22.42","19.25","","-13.17%"
"05/24/2006","22.17","20.45","22.94","20.45","","9.86%"
"05/25/2006","20.10","21.74","22.12","19.82","","-9.34%"
"05/26/2006","18.98","19.54","20.42","18.96","","-5.57%"
"05/29/2006","19.34","19.53","19.54","19.24","","1.90%"
"05/30/2006","22.58","19.39","22.68","19.36","","16.75%"
"05/31/2006","21.53","23.70","24.19","21.41","","-4.65%"
"06/01/2006","20.34","21.93","22.87","20.20","","-5.53%"
"06/02/2006","19.85","19.77","19.91","19.40","","-2.41%"
"06/05/2006","20.91","20.25","21.70","20.25","","5.34%"
"06/06/2006","23.09","22.41","23.41","21.76","","10.43%"
"06/07/2006","22.06","22.80","23.24","21.64","","-4.46%"
"06/08/2006","24.34","24.03","24.55","23.08","","10.34%"
"06/09/2006","22.06","23.27","23.27","22.00","","-9.37%"
"06/12/2006","23.32","22.67","23.41","22.54","","5.71%"
"06/13/2006","25.41","24.79","25.71","24.51","","8.96%"
"06/14/2006","25.12","25.26","26.23","24.88","","-1.14%"
"06/15/2006","21.99","24.30","24.39","21.85","","-12.46%"
"06/16/2006","22.49","21.19","22.64","20.43","","2.27%"
"06/19/2006","21.32","22.15","22.24","20.47","","-5.20%"
"06/20/2006","20.32","22.07","22.11","20.32","","-4.69%"
"06/21/2006","19.70","20.09","20.79","19.42","","-3.05%"
"06/22/2006","19.24","18.59","19.76","18.41","","-2.34%"
"06/23/2006","19.25","19.30","19.61","18.34","","0.05%"
"06/26/2006","19.86","19.33","20.07","19.23","","3.17%"
"06/27/2006","20.69","19.40","20.79","19.30","","4.18%"
"06/28/2006","20.78","21.28","21.38","20.19","","0.43%"
"06/29/2006","19.33","20.20","20.23","18.99","","-6.98%"
"06/30/2006","16.89","18.02","18.02","16.70","","-12.62%"
"07/03/2006","16.39","16.99","17.19","16.39","","-2.96%"
"07/04/2006","16.10","16.43","16.70","16.05","","-1.77%"
"07/05/2006","18.64","16.64","18.81","16.55","","15.78%"
"07/06/2006","17.20","18.46","18.46","17.05","","-7.73%"
"07/07/2006","17.33","17.56","18.15","17.01","","0.76%"
"07/10/2006","17.36","17.77","18.48","17.21","","0.17%"
"07/11/2006","18.84","18.15","19.23","17.68","","8.53%"
"07/12/2006","18.48","18.48","18.76","17.30","","-1.91%"
"07/13/2006","20.50","19.29","20.77","19.29","","10.93%"
"07/14/2006","22.01","21.45","22.09","20.80","","7.37%"
"07/17/2006","22.12","22.23","23.58","22.10","","0.50%"
"07/18/2006","22.07","22.25","22.38","21.58","","-0.23%"
"07/19/2006","19.23","21.76","21.76","19.09","","-12.87%"
"07/20/2006","19.44","18.88","19.59","18.46","","1.09%"
"07/21/2006","20.20","19.95","20.64","19.38","","3.91%"
"07/24/2006","18.70","18.70","18.70","18.70","","-7.43%"
"07/25/2006","19.09","19.09","19.09","19.09","","2.09%"
"07/26/2006","18.67","18.67","18.67","18.67","","-2.20%"
"07/27/2006","17.83","17.83","17.83","17.83","","-4.50%"
"07/28/2006","17.01","17.01","17.01","17.01","","-4.60%"
"07/31/2006","17.97","17.97","17.97","17.97","","5.64%"
"08/01/2006","19.35","19.35","19.35","19.35","","7.68%"
"08/02/2006","18.15","18.15","18.15","18.15","","-6.20%"
"08/03/2006","19.08","19.08","19.08","19.08","","5.12%"
"08/04/2006","18.15","18.15","18.15","18.15","","-4.87%"
"08/07/2006","20.00","20.00","20.00","20.00","","10.19%"
"08/08/2006","20.00","20.00","20.00","20.00","","0.00%"
"08/09/2006","18.41","18.41","18.41","18.41","","-7.95%"
"08/10/2006","19.59","19.59","19.59","19.59","","6.41%"
"08/11/2006","18.95","18.95","18.95","18.95","","-3.27%"
"08/14/2006","18.29","18.29","18.29","18.29","","-3.48%"
"08/15/2006","17.38","17.38","17.38","17.38","","-4.98%"
"08/16/2006","16.85","16.85","16.85","16.85","","-3.05%"
"08/17/2006","16.89","16.89","16.89","16.89","","0.24%"
"08/18/2006","16.50","16.50","16.50","16.50","","-2.31%"
"08/21/2006","16.82","16.82","16.82","16.82","","1.94%"
"08/22/2006","16.23","16.23","16.23","16.23","","-3.51%"
"08/23/2006","16.59","16.59","16.59","16.59","","2.22%"
"08/24/2006","16.27","16.27","16.27","16.27","","-1.93%"
"08/25/2006","15.82","15.82","15.82","15.82","","-2.77%"
"08/28/2006","15.84","15.84","15.84","15.84","","0.13%"
"08/29/2006","16.36","16.36","16.36","16.36","","3.28%"
"08/30/2006","16.00","16.00","16.00","16.00","","-2.20%"
"08/31/2006","16.08","16.08","16.08","16.08","","0.50%"
"09/01/2006","15.44","15.44","15.44","15.44","","-3.98%"
"09/04/2006","15.47","15.47","15.47","15.47","","0.19%"
"09/05/2006","16.10","16.10","16.10","16.10","","4.07%"
"09/06/2006","17.34","17.34","17.34","17.34","","7.70%"
"09/07/2006","17.85","17.85","17.85","17.85","","2.94%"
"09/08/2006","17.26","17.26","17.26","17.26","","-3.31%"
"09/11/2006","17.64","17.64","17.64","17.64","","2.20%"
"09/12/2006","16.40","16.40","16.40","16.40","","-7.03%"
"09/13/2006","16.13","16.13","16.13","16.13","","-1.65%"
"09/14/2006","16.01","16.01","16.01","16.01","","-0.74%"
"09/15/2006","15.33","15.33","15.33","15.33","","-4.25%"
"09/18/2006","15.75","15.75","15.75","15.75","","2.74%"
"09/19/2006","16.35","16.35","16.35","16.35","","3.81%"
"09/20/2006","15.35","15.35","15.35","15.35","","-6.12%"
"09/21/2006","15.12","15.12","15.12","15.12","","-1.50%"
"09/22/2006","16.34","16.34","16.34","16.34","","8.07%"
"09/25/2006","16.29","16.29","16.29","16.29","","-0.31%"
"09/26/2006","15.23","15.23","15.23","15.23","","-6.51%"
"09/27/2006","15.18","15.18","15.18","15.18","","-0.33%"
"09/28/2006","15.31","15.31","15.31","15.31","","0.86%"
"09/29/2006","15.25","15.25","15.25","15.25","","-0.39%"
"10/02/2006","15.90","15.90","15.90","15.90","","4.26%"
"10/03/2006","16.04","16.04","16.04","16.04","","0.88%"
"10/04/2006","15.15","15.15","15.15","15.15","","-5.55%"
"10/05/2006","14.99","14.99","14.99","14.99","","-1.06%"
"10/06/2006","14.79","14.79","14.79","14.79","","-1.33%"
"10/09/2006","15.48","15.48","15.48","15.48","","4.67%"
"10/10/2006","14.88","14.88","14.88","14.88","","-3.88%"
"10/11/2006","14.97","14.97","14.97","14.97","","0.60%"
"10/12/2006","14.52","14.52","14.52","14.52","","-3.01%"
"10/13/2006","14.19","14.19","14.19","14.19","","-2.27%"
"10/16/2006","14.20","14.20","14.20","14.20","","0.07%"
"10/17/2006","15.34","15.34","15.34","15.34","","8.03%"
"10/18/2006","14.76","14.76","14.76","14.76","","-3.78%"
"10/19/2006","14.70","14.70","14.70","14.70","","-0.41%"
"10/20/2006","14.15","14.15","14.15","14.15","","-3.74%"
"10/23/2006","13.82","13.82","13.82","13.82","","-2.33%"
"10/24/2006","13.80","13.80","13.80","13.80","","-0.14%"
"10/25/2006","13.58","13.58","13.58","13.58","","-1.59%"
"10/26/2006","13.44","13.44","13.44","13.44","","-1.03%"
"10/27/2006","13.94","13.94","13.94","13.94","","3.72%"
"10/30/2006","14.10","14.10","14.10","14.10","","1.15%"
"10/31/2006","13.69","13.69","13.69","13.69","","-2.91%"
"11/01/2006","13.03","13.03","13.03","13.03","","-4.82%"
"11/02/2006","13.83","13.83","13.83","13.83","","6.14%"
"11/03/2006","13.48","13.48","13.48","13.48","","-2.53%"
"11/06/2006","12.66","12.66","12.66","12.66","","-6.08%"
"11/07/2006","12.73","12.73","12.73","12.73","","0.55%"
"11/08/2006","12.84","12.84","12.84","12.84","","0.86%"
"11/09/2006","12.85","12.85","12.85","12.85","","0.08%"
"11/10/2006","12.62","12.62","12.62","12.62","","-1.79%"
"11/13/2006","12.71","12.71","12.71","12.71","","0.71%"
"11/14/2006","12.91","12.91","12.91","12.91","","1.57%"
"11/15/2006","12.48","12.48","12.48","12.48","","-3.33%"
"11/16/2006","12.46","12.46","12.46","12.46","","-0.16%"
"11/17/2006","12.34","12.34","12.34","12.34","","-0.96%"
"11/20/2006","12.21","12.21","12.21","12.21","","-1.05%"
"11/21/2006","11.91","11.91","11.91","11.91","","-2.46%"
"11/22/2006","12.01","12.01","12.01","12.01","","0.84%"
"11/23/2006","12.27","12.27","12.27","12.27","","2.16%"
"11/24/2006","13.55","13.55","13.55","13.55","","10.43%"
"11/27/2006","15.41","15.41","15.41","15.41","","13.73%"
"11/28/2006","14.88","14.88","14.88","14.88","","-3.44%"
"11/29/2006","13.84","13.84","13.84","13.84","","-6.99%"
"11/30/2006","14.76","14.76","14.76","14.76","","6.65%"
"12/01/2006","15.41","15.41","15.41","15.41","","4.40%"
"12/04/2006","15.40","15.40","15.40","15.40","","-0.06%"
"12/05/2006","14.10","14.10","14.10","14.10","","-8.44%"
"12/06/2006","14.56","14.56","14.56","14.56","","3.26%"
"12/07/2006","14.21","14.21","14.21","14.21","","-2.40%"
"12/08/2006","13.82","13.82","13.82","13.82","","-2.74%"
"12/11/2006","13.65","13.65","13.65","13.65","","-1.23%"
"12/12/2006","13.66","13.66","13.66","13.66","","0.07%"
"12/13/2006","13.30","13.30","13.30","13.30","","-2.64%"
"12/14/2006","12.96","12.96","12.96","12.96","","-2.56%"
"12/15/2006","12.24","12.24","12.24","12.24","","-5.56%"
"12/18/2006","12.56","12.56","12.56","12.56","","2.61%"
"12/19/2006","13.41","13.41","13.41","13.41","","6.77%"
"12/20/2006","12.76","12.76","12.76","12.76","","-4.85%"
"12/21/2006","12.97","12.97","12.97","12.97","","1.65%"
"12/22/2006","14.11","14.11","14.11","14.11","","8.79%"
"12/27/2006","13.72","13.72","13.72","13.72","","-2.76%"
"12/28/2006","13.29","13.29","13.29","13.29","","-3.13%"
"12/29/2006","13.85","13.85","13.85","13.85","","4.21%"
"01/02/2007","13.53","13.53","13.53","13.53","","-2.31%"
"01/03/2007","13.61","13.61","13.61","13.61","","0.59%"
"01/04/2007","13.95","13.95","13.95","13.95","","2.50%"
"01/05/2007","15.07","15.07","15.07","15.07","","8.03%"
"01/08/2007","15.59","15.59","15.59","15.59","","3.45%"
"01/09/2007","15.70","15.70","15.70","15.70","","0.71%"
"01/10/2007","16.35","16.35","16.35","16.35","","4.14%"
"01/11/2007","14.43","14.43","14.43","14.43","","-11.74%"
"01/12/2007","14.06","14.06","14.06","14.06","","-2.56%"
"01/15/2007","14.02","14.02","14.02","14.02","","-0.28%"
"01/16/2007","14.64","14.64","14.64","14.64","","4.42%"
"01/17/2007","14.87","14.87","14.87","14.87","","1.57%"
"01/18/2007","14.94","14.94","14.94","14.94","","0.47%"
"01/19/2007","13.87","13.87","13.87","13.87","","-7.16%"
"01/22/2007","15.02","15.02","15.02","15.02","","8.29%"
"01/23/2007","15.20","15.20","15.20","15.20","","1.20%"
"01/24/2007","14.05","14.05","14.05","14.05","","-7.57%"
"01/25/2007","14.65","14.65","14.65","14.65","","4.27%"
"01/26/2007","15.05","15.05","15.05","15.05","","2.73%"
"01/29/2007","15.07","15.07","15.07","15.07","","0.13%"
"01/30/2007","14.06","14.06","14.06","14.06","","-6.70%"
"01/31/2007","14.45","14.45","14.45","14.45","","2.77%"
"02/01/2007","13.43","13.43","13.43","13.43","","-7.06%"
"02/02/2007","12.79","12.79","12.79","12.79","","-4.77%"
"02/05/2007","13.18","13.18","13.18","13.18","","3.05%"
"02/06/2007","13.44","13.44","13.44","13.44","","1.97%"
"02/07/2007","12.99","12.99","12.99","12.99","","-3.35%"
"02/08/2007","13.45","13.45","13.45","13.45","","3.54%"
"02/09/2007","13.13","13.13","13.13","13.13","","-2.38%"
"02/12/2007","14.24","14.24","14.24","14.24","","8.45%"
"02/13/2007","13.98","13.98","13.98","13.98","","-1.83%"
"02/14/2007","13.13","13.13","13.13","13.13","","-6.08%"
"02/15/2007","12.96","12.96","12.96","12.96","","-1.29%"
"02/16/2007","12.62","12.62","12.62","12.62","","-2.62%"
"02/19/2007","12.43","12.43","12.43","12.43","","-1.51%"
"02/20/2007","12.74","12.74","12.74","12.74","","2.49%"
"02/21/2007","13.21","13.21","13.21","13.21","","3.69%"
"02/22/2007","12.76","12.76","12.76","12.76","","-3.41%"
"02/23/2007","12.57","12.57","12.57","12.57","","-1.49%"
"02/26/2007","12.32","12.32","12.32","12.32","","-1.99%"
"02/27/2007","15.74","15.74","15.74","15.74","","27.76%"
"02/28/2007","16.76","16.76","16.76","16.76","","6.48%"
"03/01/2007","17.44","17.44","17.44","17.44","","4.06%"
"03/02/2007","18.30","18.30","18.30","18.30","","4.93%"
"03/05/2007","19.46","19.46","19.46","19.46","","6.34%"
"03/06/2007","18.34","18.34","18.34","18.34","","-5.76%"
"03/07/2007","17.60","17.60","17.60","17.60","","-4.03%"
"03/08/2007","16.46","16.46","16.46","16.46","","-6.48%"
"03/09/2007","16.53","16.53","16.53","16.53","","0.43%"
"03/12/2007","17.05","17.05","17.05","17.05","","3.15%"
"03/13/2007","18.80","18.80","18.80","18.80","","10.26%"
"03/14/2007","21.66","21.66","21.66","21.66","","15.21%"
"03/15/2007","19.38","19.38","19.38","19.38","","-10.53%"
"03/16/2007","18.95","18.95","18.95","18.95","","-2.22%"
"03/19/2007","17.87","17.87","17.87","17.87","","-5.70%"
"03/20/2007","16.89","16.89","16.89","16.89","","-5.48%"
"03/21/2007","16.91","16.91","16.91","16.91","","0.12%"
"03/22/2007","15.35","15.35","15.35","15.35","","-9.23%"
"03/23/2007","15.07","15.07","15.07","15.07","","-1.82%"
"03/26/2007","16.89","16.89","16.89","16.89","","12.08%"
"03/27/2007","16.65","16.65","16.65","16.65","","-1.42%"
"03/28/2007","17.70","17.70","17.70","17.70","","6.31%"
"03/29/2007","16.51","16.51","16.51","16.51","","-6.72%"
"03/30/2007","15.91","15.91","15.91","15.91","","-3.63%"
"04/02/2007","15.79","15.79","15.79","15.79","","-0.75%"
"04/03/2007","14.17","14.17","14.17","14.17","","-10.26%"
"04/04/2007","14.14","14.14","14.14","14.14","","-0.21%"
"04/05/2007","13.63","13.63","13.63","13.63","","-3.61%"
"04/10/2007","13.67","13.67","13.67","13.67","","0.29%"
"04/11/2007","14.77","14.77","14.77","14.77","","8.05%"
"04/12/2007","15.18","15.18","15.18","15.18","","2.78%"
"04/13/2007","14.93","14.93","14.93","14.93","","-1.65%"
"04/16/2007","14.74","14.74","14.74","14.74","","-1.27%"
"04/17/2007","15.44","15.44","15.44","15.44","","4.75%"
"04/18/2007","16.13","16.13","16.13","16.13","","4.47%"
"04/19/2007","16.52","16.52","16.52","16.52","","2.42%"
"04/20/2007","15.94","15.94","15.94","15.94","","-3.51%"
"04/23/2007","16.40","16.40","16.40","16.40","","2.89%"
"04/24/2007","16.75","16.75","16.75","16.75","","2.13%"
"04/25/2007","15.95","15.95","15.95","15.95","","-4.78%"
"04/26/2007","15.78","15.78","15.78","15.78","","-1.07%"
"04/27/2007","16.37","16.37","16.37","16.37","","3.74%"
"04/30/2007","16.68","16.68","16.68","16.68","","1.89%"
"05/02/2007","16.45","16.45","16.45","16.45","","-1.38%"
"05/03/2007","16.32","16.32","16.32","16.32","","-0.79%"
"05/04/2007","15.68","15.68","15.68","15.68","","-3.92%"
"05/07/2007","15.75","15.75","15.75","15.75","","0.45%"
"05/08/2007","16.39","16.39","16.39","16.39","","4.06%"
"05/09/2007","16.13","16.13","16.13","16.13","","-1.59%"
"05/10/2007","16.88","16.88","16.88","16.88","","4.65%"
"05/11/2007","16.17","16.17","16.17","16.17","","-4.21%"
"05/14/2007","17.01","17.01","17.01","17.01","","5.19%"
"05/15/2007","16.47","16.47","16.47","16.47","","-3.17%"
"05/16/2007","16.62","16.62","16.62","16.62","","0.91%"
"05/17/2007","16.62","16.62","16.62","16.62","","0.00%"
"05/18/2007","15.13","15.13","15.13","15.13","","-8.97%"
"05/21/2007","15.21","15.21","15.21","15.21","","0.53%"
"05/22/2007","15.07","15.07","15.07","15.07","","-0.92%"
"05/23/2007","14.89","14.89","14.89","14.89","","-1.19%"
"05/24/2007","16.10","16.10","16.10","16.10","","8.13%"
"05/25/2007","15.53","15.53","15.53","15.53","","-3.54%"
"05/29/2007","15.92","15.92","15.92","15.92","","2.51%"
"05/30/2007","16.14","16.14","16.14","16.14","","1.38%"
"05/31/2007","14.94","14.94","14.94","14.94","","-7.43%"
"06/01/2007","14.99","14.99","14.99","14.99","","0.33%"
"06/04/2007","15.98","15.98","15.98","15.98","","6.60%"
"06/05/2007","16.68","16.68","16.68","16.68","","4.38%"
"06/06/2007","18.62","18.62","18.62","18.62","","11.63%"
"06/07/2007","19.65","19.65","19.65","19.65","","5.53%"
"06/08/2007","19.06","19.06","19.06","19.06","","-3.00%"
"06/11/2007","18.26","18.26","18.26","18.26","","-4.20%"
"06/12/2007","18.74","18.74","18.74","18.74","","2.63%"
"06/13/2007","18.85","18.85","18.85","18.85","","0.59%"
"06/14/2007","17.49","17.49","17.49","17.49","","-7.21%"
"06/15/2007","17.36","17.36","17.36","17.36","","-0.74%"
"06/18/2007","18.35","18.35","18.35","18.35","","5.70%"
"06/19/2007","17.93","17.93","17.93","17.93","","-2.29%"
"06/20/2007","17.97","17.97","17.97","17.97","","0.22%"
"06/21/2007","18.95","18.95","18.95","18.95","","5.45%"
"06/22/2007","19.44","19.44","19.44","19.44","","2.59%"
"06/25/2007","19.46","19.46","19.46","19.46","","0.10%"
"06/26/2007","20.15","20.15","20.15","20.15","","3.55%"
"06/27/2007","20.04","20.04","20.04","20.04","","-0.55%"
"06/28/2007","18.80","18.80","18.80","18.80","","-6.19%"
"06/29/2007","18.13","18.13","18.13","18.13","","-3.56%"
"07/02/2007","18.76","18.76","18.76","18.76","","3.47%"
"07/03/2007","18.18","18.18","18.18","18.18","","-3.09%"
"07/04/2007","18.13","18.13","18.13","18.13","","-0.28%"
"07/05/2007","19.33","19.33","19.33","19.33","","6.62%"
"07/06/2007","18.75","18.75","18.75","18.75","","-3.00%"
"07/09/2007","18.89","18.89","18.89","18.89","","0.75%"
"07/10/2007","20.00","20.00","20.00","20.00","","5.88%"
"07/11/2007","20.24","20.24","20.24","20.24","","1.20%"
"07/12/2007","19.36","19.36","19.36","19.36","","-4.35%"
"07/13/2007","19.17","19.17","19.17","19.17","","-0.98%"
"07/16/2007","19.44","19.44","19.44","19.44","","1.41%"
"07/17/2007","20.10","20.10","20.10","20.10","","3.40%"
"07/18/2007","21.29","21.29","21.29","21.29","","5.92%"
"07/19/2007","20.17","20.17","20.17","20.17","","-5.26%"
"07/20/2007","21.37","21.37","21.37","21.37","","5.95%"
"07/23/2007","21.19","21.19","21.19","21.19","","-0.84%"
"07/24/2007","22.17","22.17","22.17","22.17","","4.62%"
"07/25/2007","22.93","22.93","22.93","22.93","","3.43%"
"07/26/2007","24.58","24.58","24.58","24.58","","7.20%"
"07/27/2007","24.41","24.41","24.41","24.41","","-0.69%"
"07/30/2007","24.88","24.88","24.88","24.88","","1.93%"
"07/31/2007","23.12","23.12","23.12","23.12","","-7.07%"
"08/01/2007","25.42","25.42","25.42","25.42","","9.95%"
"08/02/2007","24.22","24.22","24.22","24.22","","-4.72%"
"08/03/2007","24.93","24.93","24.93","24.93","","2.93%"
"08/06/2007","25.09","25.09","25.09","25.09","","0.64%"
"08/07/2007","23.69","23.69","23.69","23.69","","-5.58%"
"08/08/2007","21.93","21.93","21.93","21.93","","-7.43%"
"08/09/2007","24.44","24.44","24.44","24.44","","11.45%"
"08/10/2007","25.73","25.73","25.73","25.73","","5.28%"
"08/13/2007","23.81","23.81","23.81","23.81","","-7.46%"
"08/14/2007","24.47","24.47","24.47","24.47","","2.77%"
"08/15/2007","23.95","23.95","23.95","23.95","","-2.13%"
"08/16/2007","27.23","27.23","27.23","27.23","","13.70%"
"08/17/2007","25.60","25.60","25.60","25.60","","-5.99%"
"08/20/2007","24.86","24.86","24.86","24.86","","-2.89%"
"08/21/2007","23.79","23.79","23.79","23.79","","-4.30%"
"08/22/2007","22.11","22.11","22.11","22.11","","-7.06%"
"08/23/2007","21.92","21.92","21.92","21.92","","-0.86%"
"08/24/2007","21.42","21.42","21.42","21.42","","-2.28%"
"08/27/2007","21.58","21.58","21.58","21.58","","0.75%"
"08/28/2007","23.24","23.24","23.24","23.24","","7.69%"
"08/29/2007","23.12","23.12","23.12","23.12","","-0.52%"
"08/30/2007","21.63","21.63","21.63","21.63","","-6.44%"
"08/31/2007","20.87","20.87","20.87","20.87","","-3.51%"
"09/03/2007","20.83","20.83","20.83","20.83","","-0.19%"
"09/04/2007","19.99","19.99","19.99","19.99","","-4.03%"
"09/05/2007","21.97","21.97","21.97","21.97","","9.90%"
"09/06/2007","22.09","22.09","22.09","22.09","","0.55%"
"09/07/2007","24.47","24.47","24.47","24.47","","10.77%"
"09/10/2007","25.72","25.72","25.72","25.72","","5.11%"
"09/11/2007","24.70","24.70","24.70","24.70","","-3.97%"
"09/12/2007","23.90","23.90","23.90","23.90","","-3.24%"
"09/13/2007","22.57","22.57","22.57","22.57","","-5.56%"
"09/14/2007","23.22","23.22","23.22","23.22","","2.88%"
"09/17/2007","24.36","24.36","24.36","24.36","","4.91%"
"09/18/2007","22.66","22.66","22.66","22.66","","-6.98%"
"09/19/2007","19.00","19.00","19.00","19.00","","-16.15%"
"09/20/2007","18.72","18.72","18.72","18.72","","-1.47%"
"09/21/2007","17.36","17.36","17.36","17.36","","-7.26%"
"09/24/2007","17.15","17.15","17.15","17.15","","-1.21%"
"09/25/2007","17.48","17.48","17.48","17.48","","1.92%"
"09/26/2007","16.94","16.94","16.94","16.94","","-3.09%"
"09/27/2007","16.57","16.57","16.57","16.57","","-2.18%"
"09/28/2007","17.07","17.07","17.07","17.07","","3.02%"
"10/01/2007","17.10","17.10","17.10","17.10","","0.18%"
"10/02/2007","17.36","17.36","17.36","17.36","","1.52%"
"10/03/2007","17.77","17.77","17.77","17.77","","2.36%"
"10/04/2007","17.60","17.60","17.60","17.60","","-0.96%"
"10/05/2007","16.30","16.30","16.30","16.30","","-7.39%"
"10/08/2007","16.68","16.68","16.68","16.68","","2.33%"
"10/09/2007","16.50","16.50","16.50","16.50","","-1.08%"
"10/10/2007","16.53","16.53","16.53","16.53","","0.18%"
"10/11/2007","16.24","16.24","16.24","16.24","","-1.75%"
"10/12/2007","16.32","16.32","16.32","16.32","","0.49%"
"10/15/2007","17.67","17.67","17.67","17.67","","8.27%"
"10/16/2007","18.05","18.05","18.05","18.05","","2.15%"
"10/17/2007","17.57","17.57","17.57","17.57","","-2.66%"
"10/18/2007","17.87","17.87","17.87","17.87","","1.71%"
"10/19/2007","17.72","17.72","17.72","17.72","","-0.84%"
"10/22/2007","19.96","19.96","19.96","19.96","","12.64%"
"10/23/2007","19.11","19.11","19.11","19.11","","-4.26%"
"10/24/2007","19.16","19.16","19.16","19.16","","0.26%"
"10/25/2007","17.49","17.49","17.49","17.49","","-8.72%"
"10/26/2007","17.19","17.19","17.19","17.19","","-1.72%"
"10/29/2007","16.86","16.86","16.86","16.86","","-1.92%"
"10/30/2007","17.46","17.46","17.46","17.46","","3.56%"
"10/31/2007","16.89","16.89","16.89","16.89","","-3.26%"
"11/01/2007","17.90","17.90","17.90","17.90","","5.98%"
"11/02/2007","18.82","18.82","18.82","18.82","","5.14%"
"11/05/2007","19.91","19.91","19.91","19.91","","5.79%"
"11/06/2007","19.04","19.04","19.04","19.04","","-4.37%"
"11/07/2007","19.39","19.39","19.39","19.39","","1.84%"
"11/08/2007","19.83","19.83","19.83","19.83","","2.27%"
"11/09/2007","20.22","20.22","20.22","20.22","","1.97%"
"11/12/2007","20.25","20.25","20.25","20.25","","0.15%"
"11/13/2007","20.01","20.01","20.01","20.01","","-1.19%"
"11/14/2007","19.73","19.73","19.73","19.73","","-1.40%"
"11/15/2007","20.62","20.62","20.62","20.62","","4.51%"
"11/16/2007","20.63","20.63","20.63","20.63","","0.05%"
"11/19/2007","22.05","22.05","22.05","22.05","","6.88%"
"11/20/2007","20.55","20.55","20.55","20.55","","-6.80%"
"11/21/2007","21.81","21.81","21.81","21.81","","6.13%"
"11/22/2007","20.16","20.16","20.16","20.16","","-7.57%"
"11/23/2007","19.82","19.82","19.82","19.82","","-1.69%"
"11/26/2007","20.88","20.88","20.88","20.88","","5.35%"
"11/27/2007","21.58","21.58","21.58","21.58","","3.35%"
"11/28/2007","19.63","19.63","19.63","19.63","","-9.04%"
"11/29/2007","18.82","18.82","18.82","18.82","","-4.13%"
"11/30/2007","17.55","17.55","17.55","17.55","","-6.75%"
"12/03/2007","17.85","17.85","17.85","17.85","","1.71%"
"12/04/2007","18.07","18.07","18.07","18.07","","1.23%"
"12/05/2007","16.33","16.33","16.33","16.33","","-9.63%"
"12/06/2007","16.47","16.47","16.47","16.47","","0.86%"
"12/07/2007","15.35","15.35","15.35","15.35","","-6.80%"
"12/10/2007","15.66","15.66","15.66","15.66","","2.02%"
"12/11/2007","16.10","16.10","16.10","16.10","","2.81%"
"12/12/2007","15.06","15.06","15.06","15.06","","-6.46%"
"12/13/2007","17.52","17.52","17.52","17.52","","16.33%"
"12/14/2007","17.07","17.07","17.07","17.07","","-2.57%"
"12/17/2007","18.79","18.79","18.79","18.79","","10.08%"
"12/18/2007","18.55","18.55","18.55","18.55","","-1.28%"
"12/19/2007","18.67","18.67","18.67","18.67","","0.65%"
"12/20/2007","18.12","18.12","18.12","18.12","","-2.95%"
"12/21/2007","15.90","15.90","15.90","15.90","","-12.25%"
"12/27/2007","16.42","16.42","16.42","16.42","","3.27%"
"12/28/2007","16.36","16.36","16.36","16.36","","-0.37%"
"01/02/2008","18.85","18.85","18.85","18.85","","15.22%"
"01/03/2008","19.28","19.28","19.28","19.28","","2.28%"
"01/04/2008","19.98","19.98","19.98","19.98","","3.63%"
"01/07/2008","20.13","20.13","20.13","20.13","","0.75%"
"01/08/2008","19.37","19.37","19.37","19.37","","-3.78%"
"01/09/2008","20.42","20.42","20.42","20.42","","5.42%"
"01/10/2008","20.45","20.45","20.45","20.45","","0.15%"
"01/11/2008","19.75","19.75","19.75","19.75","","-3.42%"
"01/14/2008","19.59","19.59","19.59","19.59","","-0.81%"
"01/15/2008","21.03","21.03","21.03","21.03","","7.35%"
"01/16/2008","21.59","21.59","21.59","21.59","","2.66%"
"01/17/2008","21.59","21.59","21.59","21.59","","0.00%"
"01/18/2008","23.14","23.14","23.14","23.14","","7.18%"
"01/21/2008","29.98","29.98","29.98","29.98","","29.56%"
"01/22/2008","30.59","30.59","30.59","30.59","","2.03%"
"01/23/2008","30.59","30.59","30.59","30.59","","0.00%"
"01/24/2008","30.17","30.17","30.17","30.17","","-1.37%"
"01/25/2008","28.79","28.79","28.79","28.79","","-4.57%"
"01/28/2008","28.19","28.19","28.19","28.19","","-2.08%"
"01/29/2008","26.97","26.97","26.97","26.97","","-4.33%"
"01/30/2008","27.55","27.55","27.55","27.55","","2.15%"
"01/31/2008","26.35","26.35","26.35","26.35","","-4.36%"
"02/01/2008","23.91","23.91","23.91","23.91","","-9.26%"
"02/04/2008","24.31","24.31","24.31","24.31","","1.67%"
"02/05/2008","27.88","27.88","27.88","27.88","","14.69%"
"02/06/2008","26.59","26.59","26.59","26.59","","-4.63%"
"02/07/2008","28.40","28.40","28.40","28.40","","6.81%"
"02/08/2008","27.80","27.80","27.80","27.80","","-2.11%"
"02/11/2008","28.29","28.29","28.29","28.29","","1.76%"
"02/12/2008","25.28","25.28","25.28","25.28","","-10.64%"
"02/13/2008","24.81","24.81","24.81","24.81","","-1.86%"
"02/14/2008","25.11","25.11","25.11","25.11","","1.21%"
"02/15/2008","26.33","26.33","26.33","26.33","","4.86%"
"02/18/2008","24.96","24.96","24.96","24.96","","-5.20%"
"02/19/2008","24.73","24.73","24.73","24.73","","-0.92%"
"02/20/2008","26.05","26.05","26.05","26.05","","5.34%"
"02/21/2008","26.12","26.12","26.12","26.12","","0.27%"
"02/22/2008","27.28","27.28","27.28","27.28","","4.44%"
"02/25/2008","25.80","25.80","25.80","25.80","","-5.43%"
"02/26/2008","23.89","23.89","23.89","23.89","","-7.40%"
"02/27/2008","23.35","23.35","23.35","23.35","","-2.26%"
"02/28/2008","24.36","24.36","24.36","24.36","","4.33%"
"02/29/2008","26.65","26.65","26.65","26.65","","9.40%"
"03/03/2008","28.04","28.04","28.04","28.04","","5.22%"
"03/04/2008","28.78","28.78","28.78","28.78","","2.64%"
"03/05/2008","26.84","26.84","26.84","26.84","","-6.74%"
"03/06/2008","27.64","27.64","27.64","27.64","","2.98%"
"03/07/2008","28.78","28.78","28.78","28.78","","4.12%"
"03/10/2008","29.01","29.01","29.01","29.01","","0.80%"
"03/11/2008","27.24","27.24","27.24","27.24","","-6.10%"
"03/12/2008","26.22","26.22","26.22","26.22","","-3.74%"
"03/13/2008","27.03","27.03","27.03","27.03","","3.09%"
"03/14/2008","28.37","28.37","28.37","28.37","","4.96%"
"03/17/2008","32.64","32.64","32.64","32.64","","15.05%"
"03/18/2008","28.71","28.71","28.71","28.71","","-12.04%"
"03/19/2008","27.36","27.36","27.36","27.36","","-4.70%"
"03/20/2008","27.12","27.12","27.12","27.12","","-0.88%"
"03/25/2008","24.94","24.94","24.94","24.94","","-8.04%"
"03/26/2008","25.08","25.08","25.08","25.08","","0.56%"
"03/27/2008","23.38","23.38","23.38","23.38","","-6.78%"
"03/28/2008","23.21","23.21","23.21","23.21","","-0.73%"
"03/31/2008","23.74","23.74","23.74","23.74","","2.28%"
"04/01/2008","21.75","21.75","21.75","21.75","","-8.38%"
"04/02/2008","21.52","21.52","21.52","21.52","","-1.06%"
"04/03/2008","22.26","22.26","22.26","22.26","","3.44%"
"04/04/2008","21.40","21.40","21.40","21.40","","-3.86%"
"04/07/2008","20.93","20.93","20.93","20.93","","-2.20%"
"04/08/2008","21.53","21.53","21.53","21.53","","2.87%"
"04/09/2008","21.78","21.78","21.78","21.78","","1.16%"
"04/10/2008","21.48","21.48","21.48","21.48","","-1.38%"
"04/11/2008","22.22","22.22","22.22","22.22","","3.45%"
"04/14/2008","22.97","22.97","22.97","22.97","","3.38%"
"04/15/2008","22.48","22.48","22.48","22.48","","-2.13%"
"04/16/2008","21.33","21.33","21.33","21.33","","-5.12%"
"04/17/2008","21.41","21.41","21.41","21.41","","0.38%"
"04/18/2008","19.56","19.56","19.56","19.56","","-8.64%"
"04/21/2008","20.08","20.08","20.08","20.08","","2.66%"
"04/22/2008","20.45","20.45","20.45","20.45","","1.84%"
"04/23/2008","19.76","19.76","19.76","19.76","","-3.37%"
"04/24/2008","19.14","19.14","19.14","19.14","","-3.14%"
"04/25/2008","18.65","18.65","18.65","18.65","","-2.56%"
"04/28/2008","18.49","18.49","18.49","18.49","","-0.86%"
"04/29/2008","18.86","18.86","18.86","18.86","","2.00%"
"04/30/2008","18.33","18.33","18.33","18.33","","-2.81%"
"05/02/2008","17.23","17.23","17.23","17.23","","-6.00%"
"05/05/2008","17.57","17.57","17.57","17.57","","1.97%"
"05/06/2008","17.79","17.79","17.79","17.79","","1.25%"
"05/07/2008","17.41","17.41","17.41","17.41","","-2.14%"
"05/08/2008","17.48","17.48","17.48","17.48","","0.40%"
"05/09/2008","17.95","17.95","17.95","17.95","","2.69%"
"05/12/2008","18.15","18.15","18.15","18.15","","1.11%"
"05/13/2008","18.09","18.09","18.09","18.09","","-0.33%"
"05/14/2008","17.58","17.58","17.58","17.58","","-2.82%"
"05/15/2008","17.62","17.62","17.62","17.62","","0.23%"
"05/16/2008","16.85","16.85","16.85","16.85","","-4.37%"
"05/19/2008","16.37","16.37","16.37","16.37","","-2.85%"
"05/20/2008","17.95","17.95","17.95","17.95","","9.65%"
"05/21/2008","18.57","18.57","18.57","18.57","","3.45%"
"05/22/2008","18.19","18.19","18.19","18.19","","-2.05%"
"05/23/2008","19.86","19.86","19.86","19.86","","9.18%"
"05/26/2008","19.65","19.65","19.65","19.65","","-1.06%"
"05/27/2008","19.47","19.47","19.47","19.47","","-0.92%"
"05/28/2008","18.63","18.63","18.63","18.63","","-4.31%"
"05/29/2008","18.27","18.27","18.27","18.27","","-1.93%"
"05/30/2008","18.16","18.16","18.16","18.16","","-0.60%"
"06/02/2008","19.70","19.70","19.70","19.70","","8.48%"
"06/03/2008","19.15","19.15","19.15","19.15","","-2.79%"
"06/04/2008","19.79","19.79","19.79","19.79","","3.34%"
"06/05/2008","19.65","19.65","19.65","19.65","","-0.71%"
"06/06/2008","21.38","21.38","21.38","21.38","","8.80%"
"06/09/2008","22.12","22.12","22.12","22.12","","3.46%"
"06/10/2008","21.93","21.93","21.93","21.93","","-0.86%"
"06/11/2008","22.73","22.73","22.73","22.73","","3.65%"
"06/12/2008","21.08","21.08","21.08","21.08","","-7.26%"
"06/13/2008","19.99","19.99","19.99","19.99","","-5.17%"
"06/16/2008","20.34","20.34","20.34","20.34","","1.75%"
"06/17/2008","19.66","19.66","19.66","19.66","","-3.34%"
"06/18/2008","20.64","20.64","20.64","20.64","","4.98%"
"06/19/2008","20.44","20.44","20.44","20.44","","-0.97%"
"06/20/2008","21.68","21.68","21.68","21.68","","6.07%"
"06/23/2008","21.33","21.33","21.33","21.33","","-1.61%"
"06/24/2008","21.56","21.56","21.56","21.56","","1.08%"
"06/25/2008","20.03","20.03","20.03","20.03","","-7.10%"
"06/26/2008","21.75","21.75","21.75","21.75","","8.59%"
"06/27/2008","21.80","21.80","21.80","21.80","","0.23%"
"06/30/2008","22.06","22.06","22.06","22.06","","1.19%"
"07/01/2008","23.14","23.14","23.14","23.14","","4.90%"
"07/02/2008","23.47","23.47","23.47","23.47","","1.43%"
"07/03/2008","22.77","22.77","22.77","22.77","","-2.98%"
"07/04/2008","23.92","23.92","23.92","23.92","","5.05%"
"07/07/2008","22.74","22.74","22.74","22.74","","-4.93%"
"07/08/2008","23.71","23.71","23.71","23.71","","4.27%"
"07/09/2008","22.49","22.49","22.49","22.49","","-5.15%"
"07/10/2008","24.05","24.05","24.05","24.05","","6.94%"
"07/11/2008","25.52","25.52","25.52","25.52","","6.11%"
"07/14/2008","25.16","25.16","25.16","25.16","","-1.41%"
"07/15/2008","26.38","26.38","26.38","26.38","","4.85%"
"07/16/2008","25.09","25.09","25.09","25.09","","-4.89%"
"07/17/2008","23.29","23.29","23.29","23.29","","-7.17%"
"07/18/2008","21.77","21.77","21.77","21.77","","-6.53%"
"07/21/2008","21.64","21.64","21.64","21.64","","-0.60%"
"07/22/2008","21.29","21.29","21.29","21.29","","-1.62%"
"07/23/2008","20.38","20.38","20.38","20.38","","-4.27%"
"07/24/2008","21.01","21.01","21.01","21.01","","3.09%"
"07/25/2008","20.76","20.76","20.76","20.76","","-1.19%"
"07/28/2008","22.46","22.46","22.46","22.46","","8.19%"
"07/29/2008","21.75","21.75","21.75","21.75","","-3.16%"
"07/30/2008","21.02","21.02","21.02","21.02","","-3.36%"
"07/31/2008","21.00","21.00","21.00","21.00","","-0.10%"
"08/01/2008","21.59","21.59","21.59","21.59","","2.81%"
"08/04/2008","22.10","22.10","22.10","22.10","","2.36%"
"08/05/2008","20.91","20.91","20.91","20.91","","-5.38%"
"08/06/2008","20.28","20.28","20.28","20.28","","-3.01%"
"08/07/2008","21.11","21.11","21.11","21.11","","4.09%"
"08/08/2008","20.25","20.25","20.25","20.25","","-4.07%"
"08/11/2008","20.09","20.09","20.09","20.09","","-0.79%"
"08/12/2008","20.51","20.51","20.51","20.51","","2.09%"
"08/13/2008","22.29","22.29","22.29","22.29","","8.68%"
"08/14/2008","21.80","21.80","21.80","21.80","","-2.20%"
"08/15/2008","21.10","21.10","21.10","21.10","","-3.21%"
"08/18/2008","21.15","21.15","21.15","21.15","","0.24%"
"08/19/2008","22.37","22.37","22.37","22.37","","5.77%"
"08/20/2008","21.27","21.27","21.27","21.27","","-4.92%"
"08/21/2008","21.64","21.64","21.64","21.64","","1.74%"
"08/22/2008","20.53","20.53","20.53","20.53","","-5.13%"
"08/25/2008","21.49","21.49","21.49","21.49","","4.68%"
"08/26/2008","20.93","20.93","20.93","20.93","","-2.61%"
"08/27/2008","20.97","20.97","20.97","20.97","","0.19%"
"08/28/2008","19.89","19.89","19.89","19.89","","-5.15%"
"08/29/2008","19.68","19.68","19.68","19.68","","-1.06%"
"09/01/2008","20.17","20.17","20.17","20.17","","2.49%"
"09/02/2008","19.79","19.79","19.79","19.79","","-1.88%"
"09/03/2008","20.29","20.29","20.29","20.29","","2.53%"
"09/04/2008","22.83","22.83","22.83","22.83","","12.52%"
"09/05/2008","24.10","24.10","24.10","24.10","","5.56%"
"09/08/2008","23.02","23.02","23.02","23.02","","-4.48%"
"09/09/2008","23.21","23.21","23.21","23.21","","0.83%"
"09/10/2008","23.58","23.58","23.58","23.58","","1.59%"
"09/11/2008","24.01","24.01","24.01","24.01","","1.82%"
"09/12/2008","23.61","23.61","23.61","23.61","","-1.67%"
"09/15/2008","26.39","26.39","26.39","26.39","","11.77%"
"09/16/2008","27.15","27.15","27.15","27.15","","2.88%"
"09/17/2008","29.53","29.53","29.53","29.53","","8.77%"
"09/18/2008","29.32","29.32","29.32","29.32","","-0.71%"
"09/19/2008","26.77","26.77","26.77","26.77","","-8.70%"
"09/22/2008","26.21","26.21","26.21","26.21","","-2.09%"
"09/23/2008","26.50","26.50","26.50","26.50","","1.11%"
"09/24/2008","26.83","26.83","26.83","26.83","","1.25%"
"09/25/2008","26.06","26.06","26.06","26.06","","-2.87%"
"09/26/2008","30.30","30.30","30.30","30.30","","16.27%"
"09/29/2008","33.01","33.01","33.01","33.01","","8.94%"
"09/30/2008","33.67","33.67","33.67","33.67","","2.00%"
"10/01/2008","34.82","34.82","34.82","34.82","","3.42%"
"10/02/2008","36.59","36.59","36.59","36.59","","5.08%"
"10/03/2008","35.08","35.08","35.08","35.08","","-4.13%"
"10/06/2008","35.08","35.08","35.08","35.08","","0.00%"
"10/07/2008","43.76","43.76","43.76","43.76","","24.74%"
"10/08/2008","43.76","43.76","43.76","43.76","","0.00%"
"10/09/2008","43.76","43.76","43.76","43.76","","0.00%"
"10/10/2008","43.76","43.76","43.76","43.76","","0.00%"
"10/13/2008","59.06","59.06","59.06","59.06","","34.96%"
"10/14/2008","52.50","52.50","52.50","52.50","","-11.11%"
"10/15/2008","57.06","57.06","57.06","57.06","","8.69%"
"10/16/2008","74.00","74.00","74.00","74.00","","29.69%"
"10/17/2008","64.28","64.28","64.28","64.28","","-13.14%"
"10/20/2008","54.04","54.04","54.04","54.04","","-15.93%"
"10/21/2008","47.83","47.83","47.83","47.83","","-11.49%"
"10/22/2008","51.73","51.73","51.73","51.73","","8.15%"
"10/23/2008","53.87","53.87","53.87","53.87","","4.14%"
"10/24/2008","60.04","60.04","60.04","60.04","","11.45%"
"10/27/2008","60.04","60.04","60.04","60.04","","0.00%"
"10/28/2008","67.35","67.35","67.35","67.35","","12.18%"
"10/29/2008","64.32","64.32","64.32","64.32","","-4.50%"
"10/30/2008","62.70","62.70","62.70","62.70","","-2.52%"
"10/31/2008","57.43","57.43","57.43","57.43","","-8.41%"
"11/03/2008","49.87","49.87","49.87","49.87","","-13.16%"
"11/04/2008","41.27","41.27","41.27","41.27","","-17.24%"
"11/05/2008","43.53","43.53","43.53","43.53","","5.48%"
"11/06/2008","53.74","53.74","53.74","53.74","","23.46%"
"11/07/2008","49.31","49.31","49.31","49.31","","-8.24%"
"11/10/2008","47.52","47.52","47.52","47.52","","-3.63%"
"11/11/2008","54.92","54.92","54.92","54.92","","15.57%"
"11/12/2008","57.84","57.84","57.84","57.84","","5.32%"
"11/13/2008","56.73","56.73","56.73","56.73","","-1.92%"
"11/14/2008","55.22","55.22","55.22","55.22","","-2.66%"
"11/17/2008","57.95","57.95","57.95","57.95","","4.94%"
"11/18/2008","55.60","55.60","55.60","55.60","","-4.06%"
"11/19/2008","59.62","59.62","59.62","59.62","","7.23%"
"11/20/2008","62.62","62.62","62.62","62.62","","5.03%"
"11/21/2008","63.68","63.68","63.68","63.68","","1.69%"
"11/24/2008","54.32","54.32","54.32","54.32","","-14.70%"
"11/25/2008","53.16","53.16","53.16","53.16","","-2.14%"
"11/26/2008","49.32","49.32","49.32","49.32","","-7.22%"
"11/27/2008","44.69","44.69","44.69","44.69","","-9.39%"
"11/28/2008","44.77","44.77","44.77","44.77","","0.18%"
"12/01/2008","51.32","51.32","51.32","51.32","","14.63%"
"12/02/2008","48.98","48.98","48.98","48.98","","-4.56%"
"12/03/2008","47.70","47.70","47.70","47.70","","-2.61%"
"12/04/2008","47.61","47.61","47.61","47.61","","-0.19%"
"12/05/2008","52.19","52.19","52.19","52.19","","9.62%"
"12/08/2008","46.52","46.52","46.52","46.52","","-10.86%"
"12/09/2008","45.56","45.56","45.56","45.56","","-2.06%"
"12/10/2008","44.28","44.28","44.28","44.28","","-2.81%"
"12/11/2008","43.43","43.43","43.43","43.43","","-1.92%"
"12/12/2008","46.74","46.74","46.74","46.74","","7.62%"
"12/15/2008","46.88","46.88","46.88","46.88","","0.30%"
"12/16/2008","45.78","45.78","45.78","45.78","","-2.35%"
"12/17/2008","44.81","44.81","44.81","44.81","","-2.12%"
"12/18/2008","42.44","42.44","42.44","42.44","","-5.29%"
"12/19/2008","38.69","38.69","38.69","38.69","","-8.84%"
"12/22/2008","37.79","37.79","37.79","37.79","","-2.33%"
"12/23/2008","36.86","36.86","36.86","36.86","","-2.46%"
"12/29/2008","38.05","38.05","38.05","38.05","","3.23%"
"12/30/2008","37.80","37.80","37.80","37.80","","-0.66%"
"01/02/2009","35.09","35.09","35.09","35.09","","-7.17%"
"01/05/2009","35.38","35.38","35.38","35.38","","0.83%"
"01/06/2009","34.45","34.45","34.45","34.45","","-2.63%"
"01/07/2009","36.04","36.04","36.04","36.04","","4.62%"
"01/08/2009","36.77","36.77","36.77","36.77","","2.03%"
"01/09/2009","37.29","37.29","37.29","37.29","","1.41%"
"01/12/2009","38.95","38.95","38.95","38.95","","4.45%"
"01/13/2009","40.46","40.46","40.46","40.46","","3.88%"
"01/14/2009","45.64","45.64","45.64","45.64","","12.80%"
"01/15/2009","47.52","47.52","47.52","47.52","","4.12%"
"01/16/2009","43.16","43.16","43.16","43.16","","-9.18%"
"01/19/2009","44.69","44.69","44.69","44.69","","3.54%"
"01/20/2009","45.82","45.82","45.82","45.82","","2.53%"
"01/21/2009","45.29","45.29","45.29","45.29","","-1.16%"
"01/22/2009","43.65","43.65","43.65","43.65","","-3.62%"
"01/23/2009","42.89","42.89","42.89","42.89","","-1.74%"
"01/26/2009","40.74","40.74","40.74","40.74","","-5.01%"
"01/27/2009","39.30","39.30","39.30","39.30","","-3.53%"
"01/28/2009","37.36","37.36","37.36","37.36","","-4.94%"
"01/29/2009","38.42","38.42","38.42","38.42","","2.84%"
"01/30/2009","39.72","39.72","39.72","39.72","","3.38%"
"02/02/2009","41.63","41.63","41.63","41.63","","4.81%"
"02/03/2009","39.38","39.38","39.38","39.38","","-5.40%"
"02/04/2009","36.57","36.57","36.57","36.57","","-7.14%"
"02/05/2009","36.81","36.81","36.81","36.81","","0.66%"
"02/06/2009","35.33","35.33","35.33","35.33","","-4.02%"
"02/09/2009","36.06","36.06","36.06","36.06","","2.07%"
"02/10/2009","39.26","39.26","39.26","39.26","","8.87%"
"02/11/2009","38.24","38.24","38.24","38.24","","-2.60%"
"02/12/2009","38.78","38.78","38.78","38.78","","1.41%"
"02/13/2009","36.97","36.97","36.97","36.97","","-4.67%"
"02/16/2009","38.60","38.60","38.60","38.60","","4.41%"
"02/17/2009","40.80","40.80","40.80","40.80","","5.70%"
"02/18/2009","40.64","40.64","40.64","40.64","","-0.39%"
"02/19/2009","39.35","39.35","39.35","39.35","","-3.17%"
"02/20/2009","42.84","42.84","42.84","42.84","","8.87%"
"02/23/2009","44.99","44.99","44.99","44.99","","5.02%"
"02/24/2009","44.45","44.45","44.45","44.45","","-1.20%"
"02/25/2009","42.04","42.04","42.04","42.04","","-5.42%"
"02/26/2009","38.53","38.53","38.53","38.53","","-8.35%"
"02/27/2009","38.36","38.36","38.36","38.36","","-0.44%"
"03/02/2009","43.37","43.37","43.37","43.37","","13.06%"
"03/03/2009","42.92","42.92","42.92","42.92","","-1.04%"
"03/04/2009","39.47","39.47","39.47","39.47","","-8.04%"
"03/05/2009","42.41","42.41","42.41","42.41","","7.45%"
"03/06/2009","43.91","43.91","43.91","43.91","","3.54%"
"03/09/2009","41.69","41.69","41.69","41.69","","-5.06%"
"03/10/2009","39.56","39.56","39.56","39.56","","-5.11%"
"03/11/2009","39.65","39.65","39.65","39.65","","0.23%"
"03/12/2009","39.88","39.88","39.88","39.88","","0.58%"
"03/13/2009","39.50","39.50","39.50","39.50","","-0.95%"
"03/16/2009","39.56","39.56","39.56","39.56","","0.15%"
"03/17/2009","39.76","39.76","39.76","39.76","","0.51%"
"03/18/2009","39.79","39.79","39.79","39.79","","0.08%"
"03/19/2009","39.81","39.81","39.81","39.81","","0.05%"
"03/20/2009","39.87","39.87","39.87","39.87","","0.15%"
"03/23/2009","38.28","38.28","38.28","38.28","","-3.99%"
"03/24/2009","37.04","37.04","37.04","37.04","","-3.24%"
"03/25/2009","36.40","36.40","36.40","36.40","","-1.73%"
"03/26/2009","35.91","35.91","35.91","35.91","","-1.35%"
"03/27/2009","35.95","35.95","35.95","35.95","","0.11%"
"03/30/2009","39.81","39.81","39.81","39.81","","10.74%"
"03/31/2009","37.96","37.96","37.96","37.96","","-4.65%"
"04/01/2009","37.12","37.12","37.12","37.12","","-2.21%"
"04/02/2009","36.37","36.37","36.37","36.37","","-2.02%"
"04/03/2009","35.35","35.35","35.35","35.35","","-2.80%"
"04/06/2009","35.88","35.88","35.88","35.88","","1.50%"
"04/07/2009","36.12","36.12","36.12","36.12","","0.67%"
"04/08/2009","35.21","35.21","35.21","35.21","","-2.52%"
"04/09/2009","34.04","34.04","34.04","34.04","","-3.32%"
"04/14/2009","35.21","35.21","35.21","35.21","","3.44%"
"04/15/2009","35.25","35.25","35.25","35.25","","0.11%"
"04/16/2009","34.07","34.07","34.07","34.07","","-3.35%"
"04/17/2009","32.34","32.34","32.34","32.34","","-5.08%"
"04/20/2009","36.54","36.54","36.54","36.54","","12.99%"
"04/21/2009","36.46","36.46","36.46","36.46","","-0.22%"
"04/22/2009","35.30","35.30","35.30","35.30","","-3.18%"
"04/23/2009","35.13","35.13","35.13","35.13","","-0.48%"
"04/24/2009","33.21","33.21","33.21","33.21","","-5.47%"
"04/27/2009","33.69","33.69","33.69","33.69","","1.45%"
"04/28/2009","35.08","35.08","35.08","35.08","","4.13%"
"04/29/2009","33.65","33.65","33.65","33.65","","-4.08%"
"04/30/2009","32.55","32.55","32.55","32.55","","-3.27%"
"05/04/2009","32.44","32.44","32.44","32.44","","-0.34%"
"05/05/2009","32.54","32.54","32.54","32.54","","0.31%"
"05/06/2009","32.02","32.02","32.02","32.02","","-1.60%"
"05/07/2009","33.60","33.60","33.60","33.60","","4.93%"
"05/08/2009","32.11","32.11","32.11","32.11","","-4.43%"
"05/11/2009","32.93","32.93","32.93","32.93","","2.55%"
"05/12/2009","31.55","31.55","31.55","31.55","","-4.19%"
"05/13/2009","33.43","33.43","33.43","33.43","","5.96%"
"05/14/2009","32.57","32.57","32.57","32.57","","-2.57%"
"05/15/2009","30.62","30.62","30.62","30.62","","-5.99%"
"05/18/2009","29.42","29.42","29.42","29.42","","-3.92%"
"05/19/2009","28.60","28.60","28.60","28.60","","-2.79%"
"05/20/2009","27.28","27.28","27.28","27.28","","-4.62%"
"05/21/2009","29.91","29.91","29.91","29.91","","9.64%"
"05/22/2009","28.97","28.97","28.97","28.97","","-3.14%"
"05/25/2009","29.79","29.79","29.79","29.79","","2.83%"
"05/26/2009","29.09","29.09","29.09","29.09","","-2.35%"
"05/27/2009","28.62","28.62","28.62","28.62","","-1.62%"
"05/28/2009","29.51","29.51","29.51","29.51","","3.11%"
"05/29/2009","29.26","29.26","29.26","29.26","","-0.85%"
"06/01/2009","28.34","28.34","28.34","28.34","","-3.14%"
"06/02/2009","28.01","28.01","28.01","28.01","","-1.16%"
"06/03/2009","28.81","28.81","28.81","28.81","","2.86%"
"06/04/2009","28.62","28.62","28.62","28.62","","-0.66%"
"06/05/2009","27.49","27.49","27.49","27.49","","-3.95%"
"06/08/2009","29.10","29.10","29.10","29.10","","5.86%"
"06/09/2009","28.34","28.34","28.34","28.34","","-2.61%"
"06/10/2009","27.31","27.31","27.31","27.31","","-3.63%"
"06/11/2009","25.71","25.71","25.71","25.71","","-5.86%"
"06/12/2009","25.85","25.85","25.85","25.85","","0.54%"
"06/15/2009","28.88","28.88","28.88","28.88","","11.72%"
"06/16/2009","28.53","28.53","28.53","28.53","","-1.21%"
"06/17/2009","30.74","30.74","30.74","30.74","","7.75%"
"06/18/2009","29.73","29.73","29.73","29.73","","-3.29%"
"06/19/2009","28.50","28.50","28.50","28.50","","-4.14%"
"06/22/2009","31.29","31.29","31.29","31.29","","9.79%"
"06/23/2009","30.42","30.42","30.42","30.42","","-2.78%"
"06/24/2009","28.11","28.11","28.11","28.11","","-7.59%"
"06/25/2009","28.22","28.22","28.22","28.22","","0.39%"
"06/26/2009","28.19","28.19","28.19","28.19","","-0.11%"
"06/29/2009","27.07","27.07","27.07","27.07","","-3.97%"
"06/30/2009","27.25","27.25","27.25","27.25","","0.66%"
"07/01/2009","26.00","26.00","26.00","26.00","","-4.59%"
"07/02/2009","28.76","28.76","28.76","28.76","","10.62%"
"07/03/2009","28.65","28.65","28.65","28.65","","-0.38%"
"07/06/2009","30.40","30.40","30.40","30.40","","6.11%"
"07/07/2009","31.10","31.10","31.10","31.10","","2.30%"
"07/08/2009","31.61","31.61","31.61","31.61","","1.64%"
"07/09/2009","30.08","30.08","30.08","30.08","","-4.84%"
"07/10/2009","30.07","30.07","30.07","30.07","","-0.03%"
"07/13/2009","28.41","28.41","28.41","28.41","","-5.52%"
"07/14/2009","27.72","27.72","27.72","27.72","","-2.43%"
"07/15/2009","26.16","26.16","26.16","26.16","","-5.63%"
"07/16/2009","26.15","26.15","26.15","26.15","","-0.04%"
"07/17/2009","24.97","24.97","24.97","24.97","","-4.51%"
"07/20/2009","25.35","25.35","25.35","25.35","","1.52%"
"07/21/2009","25.44","25.44","25.44","25.44","","0.36%"
"07/22/2009","25.44","25.44","25.44","25.44","","0.00%"
"07/23/2009","24.82","24.82","24.82","24.82","","-2.44%"
"07/24/2009","24.94","24.94","24.94","24.94","","0.48%"
"07/27/2009","25.44","25.44","25.44","25.44","","2.00%"
"07/28/2009","26.03","26.03","26.03","26.03","","2.32%"
"07/29/2009","25.41","25.41","25.41","25.41","","-2.38%"
"07/30/2009","25.11","25.11","25.11","25.11","","-1.18%"
"07/31/2009","25.57","25.57","25.57","25.57","","1.83%"
"08/03/2009","26.24","26.24","26.24","26.24","","2.62%"
"08/04/2009","25.95","25.95","25.95","25.95","","-1.11%"
"08/05/2009","25.63","25.63","25.63","25.63","","-1.23%"
"08/06/2009","25.05","25.05","25.05","25.05","","-2.26%"
"08/07/2009","24.07","24.07","24.07","24.07","","-3.91%"
"08/10/2009","24.62","24.62","24.62","24.62","","2.29%"
"08/11/2009","25.71","25.71","25.71","25.71","","4.43%"
"08/12/2009","25.16","25.16","25.16","25.16","","-2.14%"
"08/13/2009","24.33","24.33","24.33","24.33","","-3.30%"
"08/14/2009","25.52","25.52","25.52","25.52","","4.89%"
"08/17/2009","28.80","28.80","28.80","28.80","","12.85%"
"08/18/2009","27.65","27.65","27.65","27.65","","-3.99%"
"08/19/2009","27.74","27.74","27.74","27.74","","0.33%"
"08/20/2009","26.08","26.08","26.08","26.08","","-5.98%"
"08/21/2009","24.78","24.78","24.78","24.78","","-4.98%"
"08/24/2009","25.01","25.01","25.01","25.01","","0.93%"
"08/25/2009","24.96","24.96","24.96","24.96","","-0.20%"
"08/26/2009","25.93","25.93","25.93","25.93","","3.89%"
"08/27/2009","26.31","26.31","26.31","26.31","","1.47%"
"08/28/2009","26.00","26.00","26.00","26.00","","-1.18%"
"08/31/2009","27.07","27.07","27.07","27.07","","4.12%"
"09/01/2009","28.66","28.66","28.66","28.66","","5.87%"
"09/02/2009","28.81","28.81","28.81","28.81","","0.52%"
"09/03/2009","28.19","28.19","28.19","28.19","","-2.15%"
"09/04/2009","26.12","26.12","26.12","26.12","","-7.34%"
"09/07/2009","25.76","25.76","25.76","25.76","","-1.38%"
"09/08/2009","25.58","25.58","25.58","25.58","","-0.70%"
"09/09/2009","24.84","24.84","24.84","24.84","","-2.89%"
"09/10/2009","24.69","24.69","24.69","24.69","","-0.60%"
"09/11/2009","24.23","24.23","24.23","24.23","","-1.86%"
"09/14/2009","24.99","24.99","24.99","24.99","","3.14%"
"09/15/2009","24.87","24.87","24.87","24.87","","-0.48%"
"09/16/2009","24.37","24.37","24.37","24.37","","-2.01%"
"09/17/2009","24.26","24.26","24.26","24.26","","-0.45%"
"09/18/2009","23.86","23.86","23.86","23.86","","-1.65%"
"09/21/2009","25.00","25.00","25.00","25.00","","4.78%"
"09/22/2009","24.27","24.27","24.27","24.27","","-2.92%"
"09/23/2009","24.04","24.04","24.04","24.04","","-0.95%"
"09/24/2009","25.70","25.70","25.70","25.70","","6.91%"
"09/25/2009","25.75","25.75","25.75","25.75","","0.19%"
"09/28/2009","24.71","24.71","24.71","24.71","","-4.04%"
"09/29/2009","24.22","24.22","24.22","24.22","","-1.98%"
"09/30/2009","24.18","24.18","24.18","24.18","","-0.17%"
"10/01/2009","26.05","26.05","26.05","26.05","","7.73%"
"10/02/2009","26.99","26.99","26.99","26.99","","3.61%"
"10/05/2009","26.47","26.47","26.47","26.47","","-1.93%"
"10/06/2009","24.78","24.78","24.78","24.78","","-6.38%"
"10/07/2009","24.72","24.72","24.72","24.72","","-0.24%"
"10/08/2009","23.95","23.95","23.95","23.95","","-3.11%"
"10/09/2009","23.79","23.79","23.79","23.79","","-0.67%"
"10/12/2009","23.54","23.54","23.54","23.54","","-1.05%"
"10/13/2009","24.24","24.24","24.24","24.24","","2.97%"
"10/14/2009","23.11","23.11","23.11","23.11","","-4.66%"
"10/15/2009","23.58","23.58","23.58","23.58","","2.03%"
"10/16/2009","24.21","24.21","24.21","24.21","","2.67%"
"10/19/2009","23.79","23.79","23.79","23.79","","-1.73%"
"10/20/2009","23.83","23.83","23.83","23.83","","0.17%"
"10/21/2009","23.32","23.32","23.32","23.32","","-2.14%"
"10/22/2009","23.92","23.92","23.92","23.92","","2.57%"
"10/23/2009","23.69","23.69","23.69","23.69","","-0.96%"
"10/26/2009","25.39","25.39","25.39","25.39","","7.18%"
"10/27/2009","25.46","25.46","25.46","25.46","","0.28%"
"10/28/2009","26.88","26.88","26.88","26.88","","5.58%"
"10/29/2009","25.33","25.33","25.33","25.33","","-5.77%"
"10/30/2009","28.73","28.73","28.73","28.73","","13.42%"
"11/02/2009","28.38","28.38","28.38","28.38","","-1.22%"
"11/03/2009","29.04","29.04","29.04","29.04","","2.33%"
"11/04/2009","26.92","26.92","26.92","26.92","","-7.30%"
"11/05/2009","25.96","25.96","25.96","25.96","","-3.57%"
"11/06/2009","24.84","24.84","24.84","24.84","","-4.31%"
"11/09/2009","23.32","23.32","23.32","23.32","","-6.12%"
"11/10/2009","23.47","23.47","23.47","23.47","","0.64%"
"11/11/2009","23.28","23.28","23.28","23.28","","-0.81%"
"11/12/2009","23.58","23.58","23.58","23.58","","1.29%"
"11/13/2009","23.18","23.18","23.18","23.18","","-1.70%"
"11/16/2009","22.94","22.94","22.94","22.94","","-1.04%"
"11/17/2009","23.10","23.10","23.10","23.10","","0.70%"
"11/18/2009","22.78","22.78","22.78","22.78","","-1.39%"
"11/19/2009","23.61","23.61","23.61","23.61","","3.64%"
"11/20/2009","23.63","23.63","23.63","23.63","","0.08%"
"11/23/2009","21.94","21.94","21.94","21.94","","-7.15%"
"11/24/2009","22.15","22.15","22.15","22.15","","0.96%"
"11/25/2009","21.50","21.50","21.50","21.50","","-2.93%"
"11/26/2009","25.55","25.55","25.55","25.55","","18.84%"
"11/27/2009","24.37","24.37","24.37","24.37","","-4.62%"
"11/30/2009","25.91","25.91","25.91","25.91","","6.32%"
"12/01/2009","23.47","23.47","23.47","23.47","","-9.42%"
"12/02/2009","23.07","23.07","23.07","23.07","","-1.70%"
"12/03/2009","23.19","23.19","23.19","23.19","","0.52%"
"12/04/2009","22.23","22.23","22.23","22.23","","-4.14%"
"12/07/2009","22.82","22.82","22.82","22.82","","2.65%"
"12/08/2009","23.99","23.99","23.99","23.99","","5.13%"
"12/09/2009","24.85","24.85","24.85","24.85","","3.58%"
"12/10/2009","24.22","24.22","24.22","24.22","","-2.54%"
"12/11/2009","23.12","23.12","23.12","23.12","","-4.54%"
"12/14/2009","22.95","22.95","22.95","22.95","","-0.74%"
"12/15/2009","22.78","22.78","22.78","22.78","","-0.74%"
"12/16/2009","21.98","21.98","21.98","21.98","","-3.51%"
"12/17/2009","22.43","22.43","22.43","22.43","","2.05%"
"12/18/2009","22.83","22.83","22.83","22.83","","1.78%"
"12/21/2009","21.65","21.65","21.65","21.65","","-5.17%"
"12/22/2009","21.22","21.22","21.22","21.22","","-1.99%"
"12/23/2009","20.85","20.85","20.85","20.85","","-1.74%"
"12/28/2009","20.80","20.80","20.80","20.80","","-0.24%"
"12/29/2009","20.43","20.43","20.43","20.43","","-1.78%"
"12/30/2009","20.84","20.84","20.84","20.84","","2.01%"
"01/04/2010","20.16","20.16","20.16","20.16","","-3.26%"
"01/05/2010","19.90","19.90","19.90","19.90","","-1.29%"
"01/06/2010","19.67","19.67","19.67","19.67","","-1.16%"
"01/07/2010","19.80","19.80","19.80","19.80","","0.66%"
"01/08/2010","19.10","19.10","19.10","19.10","","-3.54%"
"01/11/2010","19.83","19.83","19.83","19.83","","3.82%"
"01/12/2010","20.33","20.33","20.33","20.33","","2.52%"
"01/13/2010","20.09","20.09","20.09","20.09","","-1.18%"
"01/14/2010","19.14","19.14","19.14","19.14","","-4.73%"
"01/18/2010","19.56","19.56","19.56","19.56","","2.19%"
"01/19/2010","19.04","19.04","19.04","19.04","","-2.66%"
"01/20/2010","20.83","20.83","20.83","20.83","","9.40%"
"01/21/2010","22.91","22.91","22.91","22.91","","9.99%"
"01/22/2010","23.06","23.06","23.06","23.06","","0.65%"
"01/25/2010","23.72","23.72","23.72","23.72","","2.86%"
"01/26/2010","22.54","22.54","22.54","22.54","","-4.97%"
"01/27/2010","23.11","23.11","23.11","23.11","","2.53%"
"01/28/2010","24.04","24.04","24.04","24.04","","4.02%"
"01/29/2010","22.89","22.89","22.89","22.89","","-4.78%"
"02/01/2010","22.58","22.58","22.58","22.58","","-1.35%"
"02/02/2010","21.57","21.57","21.57","21.57","","-4.47%"
"02/03/2010","21.71","21.71","21.71","21.71","","0.65%"
"02/04/2010","23.81","23.81","23.81","23.81","","9.67%"
"02/05/2010","24.95","24.95","24.95","24.95","","4.79%"
"02/08/2010","24.01","24.01","24.01","24.01","","-3.77%"
"02/09/2010","23.60","23.60","23.60","23.60","","-1.71%"
"02/10/2010","23.50","23.50","23.50","23.50","","-0.42%"
"02/11/2010","23.63","23.63","23.63","23.63","","0.55%"
"02/12/2010","23.00","23.00","23.00","23.00","","-2.67%"
"02/15/2010","23.06","23.06","23.06","23.06","","0.26%"
"02/16/2010","21.90","21.90","21.90","21.90","","-5.03%"
"02/17/2010","21.18","21.18","21.18","21.18","","-3.29%"
"02/18/2010","20.55","20.55","20.55","20.55","","-2.97%"
"02/19/2010","20.08","20.08","20.08","20.08","","-2.29%"
"02/22/2010","19.90","19.90","19.90","19.90","","-0.90%"
"02/23/2010","20.85","20.85","20.85","20.85","","4.77%"
"02/24/2010","20.72","20.72","20.72","20.72","","-0.62%"
"02/25/2010","21.25","21.25","21.25","21.25","","2.56%"
"02/26/2010","20.24","20.24","20.24","20.24","","-4.75%"
"03/01/2010","19.48","19.48","19.48","19.48","","-3.75%"
"03/02/2010","18.77","18.77","18.77","18.77","","-3.64%"
"03/03/2010","18.31","18.31","18.31","18.31","","-2.45%"
"03/04/2010","18.58","18.58","18.58","18.58","","1.47%"
"03/05/2010","17.50","17.50","17.50","17.50","","-5.81%"
"03/08/2010","18.11","18.11","18.11","18.11","","3.49%"
"03/09/2010","17.78","17.78","17.78","17.78","","-1.82%"
"03/10/2010","17.36","17.36","17.36","17.36","","-2.36%"
"03/11/2010","17.50","17.50","17.50","17.50","","0.81%"
"03/12/2010","17.66","17.66","17.66","17.66","","0.91%"
"03/15/2010","18.65","18.65","18.65","18.65","","5.61%"
"03/16/2010","18.09","18.09","18.09","18.09","","-3.00%"
"03/17/2010","17.64","17.64","17.64","17.64","","-2.49%"
"03/18/2010","17.76","17.76","17.76","17.76","","0.68%"
"03/19/2010","17.59","17.59","17.59","17.59","","-0.96%"
"03/22/2010","17.94","17.94","17.94","17.94","","1.99%"
"03/23/2010","17.09","17.09","17.09","17.09","","-4.74%"
"03/24/2010","17.07","17.07","17.07","17.07","","-0.12%"
"03/25/2010","16.39","16.39","16.39","16.39","","-3.98%"
"03/26/2010","16.70","16.70","16.70","16.70","","1.89%"
"03/29/2010","16.80","16.80","16.80","16.80","","0.60%"
"03/30/2010","17.01","17.01","17.01","17.01","","1.25%"
"03/31/2010","16.88","16.88","16.88","16.88","","-0.76%"
"04/01/2010","16.23","16.23","16.23","16.23","","-3.85%"
"04/06/2010","16.49","16.49","16.49","16.49","","1.60%"
"04/07/2010","16.82","16.82","16.82","16.82","","2.00%"
"04/08/2010","17.63","17.63","17.63","17.63","","4.82%"
"04/09/2010","16.32","16.32","16.32","16.32","","-7.43%"
"04/12/2010","16.53","16.53","16.53","16.53","","1.29%"
"04/13/2010","16.69","16.69","16.69","16.69","","0.97%"
"04/14/2010","16.36","16.36","16.36","16.36","","-1.98%"
"04/15/2010","16.51","16.51","16.51","16.51","","0.92%"
"04/16/2010","17.92","17.92","17.92","17.92","","8.54%"
"04/19/2010","18.56","18.56","18.56","18.56","","3.57%"
"04/20/2010","17.04","17.04","17.04","17.04","","-8.19%"
"04/21/2010","17.58","17.58","17.58","17.58","","3.17%"
"04/22/2010","19.01","19.01","19.01","19.01","","8.13%"
"04/23/2010","17.71","17.71","17.71","17.71","","-6.84%"
"04/26/2010","17.37","17.37","17.37","17.37","","-1.92%"
"04/27/2010","20.46","20.46","20.46","20.46","","17.79%"
"04/28/2010","20.46","20.46","20.46","20.46","","0.00%"
"04/29/2010","20.80","20.80","20.80","20.80","","1.66%"
"04/30/2010","20.75","20.75","20.75","20.75","","-0.24%"
"05/03/2010","20.66","20.66","20.66","20.66","","-0.43%"
"05/04/2010","23.43","23.43","23.43","23.43","","13.41%"
"05/05/2010","23.86","23.86","23.86","23.86","","1.84%"
"05/06/2010","25.12","25.12","25.12","25.12","","5.28%"
"05/07/2010","33.35","33.35","33.35","33.35","","32.76%"
"05/10/2010","25.45","25.45","25.45","25.45","","-23.69%"
"05/11/2010","24.16","24.16","24.16","24.16","","-5.07%"
"05/12/2010","20.63","20.63","20.63","20.63","","-14.61%"
"05/13/2010","19.82","19.82","19.82","19.82","","-3.93%"
"05/14/2010","19.82","19.82","19.82","19.82","","0.00%"
"05/17/2010","25.91","25.91","25.91","25.91","","30.73%"
"05/18/2010","24.46","24.46","24.46","24.46","","-5.60%"
"05/19/2010","30.04","30.04","30.04","30.04","","22.81%"
"05/20/2010","33.50","33.50","33.50","33.50","","11.52%"
"05/21/2010","31.84","31.84","31.84","31.84","","-4.96%"
"05/24/2010","30.42","30.42","30.42","30.42","","-4.46%"
"05/25/2010","32.47","32.47","32.47","32.47","","6.74%"
"05/26/2010","28.49","28.49","28.49","28.49","","-12.26%"
"05/27/2010","25.07","25.07","25.07","25.07","","-12.00%"
"05/28/2010","24.99","24.99","24.99","24.99","","-0.32%"
"05/31/2010","24.97","24.97","24.97","24.97","","-0.08%"
"06/01/2010","25.24","25.24","25.24","25.24","","1.08%"
"06/02/2010","25.13","25.13","25.13","25.13","","-0.44%"
"06/03/2010","23.49","23.49","23.49","23.49","","-6.53%"
"06/04/2010","26.08","26.08","26.08","26.08","","11.03%"
"06/07/2010","27.67","27.67","27.67","27.67","","6.10%"
"06/08/2010","28.53","28.53","28.53","28.53","","3.11%"
"06/09/2010","24.30","24.30","24.30","24.30","","-14.83%"
"06/10/2010","23.27","23.27","23.27","23.27","","-4.24%"
"06/11/2010","22.46","22.46","22.46","22.46","","-3.48%"
"06/14/2010","21.34","21.34","21.34","21.34","","-4.99%"
"06/15/2010","20.38","20.38","20.38","20.38","","-4.50%"
"06/16/2010","20.46","20.46","20.46","20.46","","0.39%"
"06/17/2010","20.53","20.53","20.53","20.53","","0.34%"
"06/18/2010","19.42","19.42","19.42","19.42","","-5.41%"
"06/21/2010","19.21","19.21","19.21","19.21","","-1.08%"
"06/22/2010","19.55","19.55","19.55","19.55","","1.77%"
"06/23/2010","20.92","20.92","20.92","20.92","","7.01%"
"06/24/2010","22.34","22.34","22.34","22.34","","6.79%"
"06/25/2010","23.14","23.14","23.14","23.14","","3.58%"
"06/28/2010","22.09","22.09","22.09","22.09","","-4.54%"
"06/29/2010","25.94","25.94","25.94","25.94","","17.43%"
"06/30/2010","25.41","25.41","25.41","25.41","","-2.04%"
"07/01/2010","26.10","26.10","26.10","26.10","","2.72%"
"07/02/2010","24.58","24.58","24.58","24.58","","-5.82%"
"07/05/2010","24.08","24.08","24.08","24.08","","-2.03%"
"07/06/2010","22.52","22.52","22.52","22.52","","-6.48%"
"07/07/2010","21.72","21.72","21.72","21.72","","-3.55%"
"07/08/2010","20.77","20.77","20.77","20.77","","-4.37%"
"07/09/2010","20.33","20.33","20.33","20.33","","-2.12%"
"07/12/2010","21.13","21.13","21.13","21.13","","3.94%"
"07/13/2010","19.38","19.38","19.38","19.38","","-8.28%"
"07/14/2010","19.93","19.93","19.93","19.93","","2.84%"
"07/15/2010","21.26","21.26","21.26","21.26","","6.67%"
"07/16/2010","22.01","22.01","22.01","22.01","","3.53%"
"07/19/2010","22.25","22.25","22.25","22.25","","1.09%"
"07/20/2010","22.36","22.36","22.36","22.36","","0.49%"
"07/21/2010","21.77","21.77","21.77","21.77","","-2.64%"
"07/22/2010","20.73","20.73","20.73","20.73","","-4.78%"
"07/23/2010","21.05","21.05","21.05","21.05","","1.54%"
"07/26/2010","20.69","20.69","20.69","20.69","","-1.71%"
"07/27/2010","20.07","20.07","20.07","20.07","","-3.00%"
"07/28/2010","20.30","20.30","20.30","20.30","","1.15%"
"07/29/2010","20.57","20.57","20.57","20.57","","1.33%"
"07/30/2010","20.62","20.62","20.62","20.62","","0.24%"
"08/02/2010","19.31","19.31","19.31","19.31","","-6.35%"
"08/03/2010","19.29","19.29","19.29","19.29","","-0.10%"
"08/04/2010","19.25","19.25","19.25","19.25","","-0.21%"
"08/05/2010","19.45","19.45","19.45","19.45","","1.04%"
"08/06/2010","20.72","20.72","20.72","20.72","","6.53%"
"08/09/2010","20.07","20.07","20.07","20.07","","-3.14%"
"08/10/2010","21.24","21.24","21.24","21.24","","5.83%"
"08/11/2010","23.17","23.17","23.17","23.17","","9.09%"
"08/12/2010","23.20","23.20","23.20","23.20","","0.13%"
"08/13/2010","23.22","23.22","23.22","23.22","","0.09%"
"08/16/2010","23.55","23.55","23.55","23.55","","1.42%"
"08/17/2010","21.92","21.92","21.92","21.92","","-6.92%"
"08/18/2010","21.89","21.89","21.89","21.89","","-0.14%"
"08/19/2010","23.69","23.69","23.69","23.69","","8.22%"
"08/20/2010","23.89","23.89","23.89","23.89","","0.84%"
"08/23/2010","23.41","23.41","23.41","23.41","","-2.01%"
"08/24/2010","23.84","23.84","23.84","23.84","","1.84%"
"08/25/2010","24.00","24.00","24.00","24.00","","0.67%"
"08/26/2010","23.76","23.76","23.76","23.76","","-1.00%"
"08/27/2010","22.75","22.75","22.75","22.75","","-4.25%"
"08/30/2010","23.39","23.39","23.39","23.39","","2.81%"
"08/31/2010","23.31","23.31","23.31","23.31","","-0.34%"
"09/01/2010","20.78","20.78","20.78","20.78","","-10.85%"
"09/02/2010","20.49","20.49","20.49","20.49","","-1.40%"
"09/03/2010","19.64","19.64","19.64","19.64","","-4.15%"
"09/06/2010","19.56","19.56","19.56","19.56","","-0.41%"
"09/07/2010","20.17","20.17","20.17","20.17","","3.12%"
"09/08/2010","19.67","19.67","19.67","19.67","","-2.48%"
"09/09/2010","19.24","19.24","19.24","19.24","","-2.19%"
"09/10/2010","19.36","19.36","19.36","19.36","","0.62%"
"09/13/2010","18.77","18.77","18.77","18.77","","-3.05%"
"09/14/2010","18.72","18.72","18.72","18.72","","-0.27%"
"09/15/2010","19.01","19.01","19.01","19.01","","1.55%"
"09/16/2010","19.31","19.31","19.31","19.31","","1.58%"
"09/17/2010","19.54","19.54","19.54","19.54","","1.19%"
"09/20/2010","19.30","19.30","19.30","19.30","","-1.23%"
"09/21/2010","19.90","19.90","19.90","19.90","","3.11%"
"09/22/2010","20.10","20.10","20.10","20.10","","1.01%"
"09/23/2010","20.17","20.17","20.17","20.17","","0.35%"
"09/24/2010","18.69","18.69","18.69","18.69","","-7.34%"
"09/27/2010","19.25","19.25","19.25","19.25","","3.00%"
"09/28/2010","19.30","19.30","19.30","19.30","","0.26%"
"09/29/2010","19.60","19.60","19.60","19.60","","1.55%"
"09/30/2010","20.14","20.14","20.14","20.14","","2.76%"
"10/01/2010","20.46","20.46","20.46","20.46","","1.59%"
"10/04/2010","21.28","21.28","21.28","21.28","","4.01%"
"10/05/2010","20.06","20.06","20.06","20.06","","-5.73%"
"10/06/2010","19.27","19.27","19.27","19.27","","-3.94%"
"10/07/2010","19.04","19.04","19.04","19.04","","-1.19%"
"10/08/2010","18.06","18.06","18.06","18.06","","-5.15%"
"10/11/2010","17.99","17.99","17.99","17.99","","-0.39%"
"10/12/2010","18.20","18.20","18.20","18.20","","1.17%"
"10/13/2010","17.18","17.18","17.18","17.18","","-5.60%"
"10/14/2010","17.74","17.74","17.74","17.74","","3.26%"
"10/15/2010","18.02","18.02","18.02","18.02","","1.58%"
"10/18/2010","18.38","18.38","18.38","18.38","","2.00%"
"10/19/2010","18.58","18.58","18.58","18.58","","1.09%"
"10/20/2010","18.06","18.06","18.06","18.06","","-2.80%"
"10/21/2010","18.34","18.34","18.34","18.34","","1.55%"
"10/22/2010","18.48","18.48","18.48","18.48","","0.76%"
"10/25/2010","19.03","19.03","19.03","19.03","","2.98%"
"10/26/2010","19.12","19.12","19.12","19.12","","0.47%"
"10/27/2010","20.07","20.07","20.07","20.07","","4.97%"
"10/28/2010","19.37","19.37","19.37","19.37","","-3.49%"
"10/29/2010","19.01","19.01","19.01","19.01","","-1.86%"
"11/01/2010","19.59","19.59","19.59","19.59","","3.05%"
"11/02/2010","19.08","19.08","19.08","19.08","","-2.60%"
"11/03/2010","19.50","19.50","19.50","19.50","","2.20%"
"11/04/2010","17.27","17.27","17.27","17.27","","-11.44%"
"11/05/2010","16.90","16.90","16.90","16.90","","-2.14%"
"11/08/2010","17.14","17.14","17.14","17.14","","1.42%"
"11/09/2010","16.55","16.55","16.55","16.55","","-3.44%"
"11/10/2010","17.19","17.19","17.19","17.19","","3.87%"
"11/11/2010","17.32","17.32","17.32","17.32","","0.76%"
"11/12/2010","17.19","17.19","17.19","17.19","","-0.75%"
"11/15/2010","17.00","17.00","17.00","17.00","","-1.11%"
"11/16/2010","18.69","18.69","18.69","18.69","","9.94%"
"11/17/2010","18.10","18.10","18.10","18.10","","-3.16%"
"11/18/2010","16.91","16.91","16.91","16.91","","-6.57%"
"11/19/2010","16.38","16.38","16.38","16.38","","-3.13%"
"11/22/2010","17.32","17.32","17.32","17.32","","5.74%"
"11/23/2010","19.54","19.54","19.54","19.54","","12.82%"
"11/24/2010","18.41","18.41","18.41","18.41","","-5.78%"
"11/25/2010","17.96","17.96","17.96","17.96","","-2.44%"
"11/26/2010","19.67","19.67","19.67","19.67","","9.52%"
"11/29/2010","22.04","22.04","22.04","22.04","","12.05%"
"11/30/2010","22.64","22.64","22.64","22.64","","2.72%"
"12/01/2010","20.73","20.73","20.73","20.73","","-8.44%"
"12/02/2010","19.62","19.62","19.62","19.62","","-5.35%"
"12/03/2010","18.43","18.43","18.43","18.43","","-6.07%"
"12/06/2010","18.32","18.32","18.32","18.32","","-0.60%"
"12/07/2010","17.61","17.61","17.61","17.61","","-3.88%"
"12/08/2010","17.81","17.81","17.81","17.81","","1.14%"
"12/09/2010","17.85","17.85","17.85","17.85","","0.22%"
"12/10/2010","17.19","17.19","17.19","17.19","","-3.70%"
"12/13/2010","16.65","16.65","16.65","16.65","","-3.14%"
"12/14/2010","16.32","16.32","16.32","16.32","","-1.98%"
"12/15/2010","16.18","16.18","16.18","16.18","","-0.86%"
"12/16/2010","16.65","16.65","16.65","16.65","","2.90%"
"12/17/2010","16.45","16.45","16.45","16.45","","-1.20%"
"12/20/2010","16.34","16.34","16.34","16.34","","-0.67%"
"12/21/2010","15.90","15.90","15.90","15.90","","-2.69%"
"12/22/2010","15.77","15.77","15.77","15.77","","-0.82%"
"12/23/2010","16.56","16.56","16.56","16.56","","5.01%"
"12/27/2010","18.15","18.15","18.15","18.15","","9.60%"
"12/28/2010","18.22","18.22","18.22","18.22","","0.39%"
"12/29/2010","17.95","17.95","17.95","17.95","","-1.48%"
"12/30/2010","19.09","19.09","19.09","19.09","","6.35%"
"01/03/2011","18.96","18.96","18.96","18.96","","-0.68%"
"01/04/2011","18.62","18.62","18.62","18.62","","-1.79%"
"01/05/2011","18.57","18.57","18.57","18.57","","-0.27%"
"01/06/2011","18.21","18.21","18.21","18.21","","-1.94%"
"01/07/2011","18.62","18.62","18.62","18.62","","2.25%"
"01/10/2011","19.78","19.78","19.78","19.78","","6.23%"
"01/11/2011","18.37","18.37","18.37","18.37","","-7.13%"
"01/12/2011","17.44","17.44","17.44","17.44","","-5.06%"
"01/13/2011","17.32","17.32","17.32","17.32","","-0.69%"
"01/14/2011","16.71","16.71","16.71","16.71","","-3.52%"
"01/17/2011","16.77","16.77","16.77","16.77","","0.36%"
"01/18/2011","16.01","16.01","16.01","16.01","","-4.53%"
"01/19/2011","16.70","16.70","16.70","16.70","","4.31%"
"01/20/2011","17.42","17.42","17.42","17.42","","4.31%"
"01/21/2011","16.46","16.46","16.46","16.46","","-5.51%"
"01/24/2011","16.64","16.64","16.64","16.64","","1.09%"
"01/25/2011","16.86","16.86","16.86","16.86","","1.32%"
"01/26/2011","16.24","16.24","16.24","16.24","","-3.68%"
"01/27/2011","15.59","15.59","15.59","15.59","","-4.00%"
"01/28/2011","16.40","16.40","16.40","16.40","","5.20%"
"01/31/2011","16.53","16.53","16.53","16.53","","0.79%"
"02/01/2011","15.67","15.67","15.67","15.67","","-5.20%"
"02/02/2011","15.69","15.69","15.69","15.69","","0.13%"
"02/03/2011","15.57","15.57","15.57","15.57","","-0.76%"
"02/04/2011","15.04","15.04","15.04","15.04","","-3.40%"
"02/07/2011","14.79","14.79","14.79","14.79","","-1.66%"
"02/08/2011","14.58","14.58","14.58","14.58","","-1.42%"
"02/09/2011","14.55","14.55","14.55","14.55","","-0.21%"
"02/10/2011","14.57","14.57","14.57","14.57","","0.14%"
"02/11/2011","14.50","14.50","14.50","14.50","","-0.48%"
"02/14/2011","14.81","14.81","14.81","14.81","","2.14%"
"02/15/2011","14.83","14.83","14.83","14.83","","0.14%"
"02/16/2011","14.40","14.40","14.40","14.40","","-2.90%"
"02/17/2011","15.36","15.36","15.36","15.36","","6.67%"
"02/18/2011","14.83","14.83","14.83","14.83","","-3.45%"
"02/21/2011","16.36","16.36","16.36","16.36","","10.32%"
"02/22/2011","16.85","16.85","16.85","16.85","","3.00%"
"02/23/2011","18.57","18.57","18.57","18.57","","10.21%"
"02/24/2011","19.12","19.12","19.12","19.12","","2.96%"
"02/25/2011","17.58","17.58","17.58","17.58","","-8.05%"
"02/28/2011","17.36","17.36","17.36","17.36","","-1.25%"
"03/01/2011","18.22","18.22","18.22","18.22","","4.95%"
"03/02/2011","18.45","18.45","18.45","18.45","","1.26%"
"03/03/2011","18.03","18.03","18.03","18.03","","-2.28%"
"03/04/2011","18.18","18.18","18.18","18.18","","0.83%"
"03/07/2011","18.88","18.88","18.88","18.88","","3.85%"
"03/08/2011","18.49","18.49","18.49","18.49","","-2.07%"
"03/09/2011","18.78","18.78","18.78","18.78","","1.57%"
"03/10/2011","19.28","19.28","19.28","19.28","","2.66%"
"03/11/2011","19.35","19.35","19.35","19.35","","0.36%"
"03/14/2011","20.59","20.59","20.59","20.59","","6.41%"
"03/15/2011","22.83","22.83","22.83","22.83","","10.88%"
"03/16/2011","25.59","25.59","25.59","25.59","","12.09%"
"03/17/2011","22.80","22.80","22.80","22.80","","-10.90%"
"03/18/2011","21.98","21.98","21.98","21.98","","-3.60%"
"03/21/2011","19.61","19.61","19.61","19.61","","-10.78%"
"03/22/2011","19.49","19.49","19.49","19.49","","-0.61%"
"03/23/2011","19.29","19.29","19.29","19.29","","-1.03%"
"03/24/2011","17.60","17.60","17.60","17.60","","-8.76%"
"03/25/2011","17.68","17.68","17.68","17.68","","0.45%"
"03/28/2011","18.09","18.09","18.09","18.09","","2.32%"
"03/29/2011","18.55","18.55","18.55","18.55","","2.54%"
"03/30/2011","17.35","17.35","17.35","17.35","","-6.47%"
"03/31/2011","17.40","17.40","17.40","17.40","","0.29%"
"04/01/2011","16.15","16.15","16.15","16.15","","-7.18%"
"04/04/2011","16.44","16.44","16.44","16.44","","1.80%"
"04/05/2011","16.57","16.57","16.57","16.57","","0.79%"
"04/06/2011","15.97","15.97","15.97","15.97","","-3.62%"
"04/07/2011","16.58","16.58","16.58","16.58","","3.82%"
"04/08/2011","16.12","16.12","16.12","16.12","","-2.77%"
"04/11/2011","16.24","16.24","16.24","16.24","","0.74%"
"04/12/2011","17.69","17.69","17.69","17.69","","8.93%"
"04/13/2011","16.90","16.90","16.90","16.90","","-4.47%"
"04/14/2011","17.41","17.41","17.41","17.41","","3.02%"
"04/15/2011","16.43","16.43","16.43","16.43","","-5.63%"
"04/18/2011","18.87","18.87","18.87","18.87","","14.85%"
"04/19/2011","18.16","18.16","18.16","18.16","","-3.76%"
"04/20/2011","16.59","16.59","16.59","16.59","","-8.65%"
"04/21/2011","16.03","16.03","16.03","16.03","","-3.38%"
"04/26/2011","15.87","15.87","15.87","15.87","","-1.00%"
"04/27/2011","15.80","15.80","15.80","15.80","","-0.44%"
"04/28/2011","15.62","15.62","15.62","15.62","","-1.14%"
"04/29/2011","14.99","14.99","14.99","14.99","","-4.03%"
"05/02/2011","15.76","15.76","15.76","15.76","","5.14%"
"05/03/2011","16.37","16.37","16.37","16.37","","3.87%"
"05/04/2011","18.78","18.78","18.78","18.78","","14.72%"
"05/05/2011","18.52","18.52","18.52","18.52","","-1.38%"
"05/06/2011","16.94","16.94","16.94","16.94","","-8.53%"
"05/09/2011","18.45","18.45","18.45","18.45","","8.91%"
"05/10/2011","17.81","17.81","17.81","17.81","","-3.47%"
"05/11/2011","17.73","17.73","17.73","17.73","","-0.45%"
"05/12/2011","18.74","18.74","18.74","18.74","","5.70%"
"05/13/2011","19.20","19.20","19.20","19.20","","2.45%"
"05/16/2011","19.59","19.59","19.59","19.59","","2.03%"
"05/17/2011","20.84","20.84","20.84","20.84","","6.38%"
"05/18/2011","19.94","19.94","19.94","19.94","","-4.32%"
"05/19/2011","19.17","19.17","19.17","19.17","","-3.86%"
"05/20/2011","20.03","20.03","20.03","20.03","","4.49%"
"05/23/2011","21.35","21.35","21.35","21.35","","6.59%"
"05/24/2011","20.60","20.60","20.60","20.60","","-3.51%"
"05/25/2011","19.58","19.58","19.58","19.58","","-4.95%"
"05/26/2011","19.66","19.66","19.66","19.66","","0.41%"
"05/27/2011","18.90","18.90","18.90","18.90","","-3.87%"
"05/30/2011","18.89","18.89","18.89","18.89","","-0.05%"
"05/31/2011","17.28","17.28","17.28","17.28","","-8.52%"
"06/01/2011","17.66","17.66","17.66","17.66","","2.20%"
"06/02/2011","19.16","19.16","19.16","19.16","","8.49%"
"06/03/2011","18.78","18.78","18.78","18.78","","-1.98%"
"06/06/2011","19.23","19.23","19.23","19.23","","2.40%"
"06/07/2011","18.77","18.77","18.77","18.77","","-2.39%"
"06/08/2011","19.10","19.10","19.10","19.10","","1.76%"
"06/09/2011","17.83","17.83","17.83","17.83","","-6.65%"
"06/10/2011","18.79","18.79","18.79","18.79","","5.38%"
"06/13/2011","18.88","18.88","18.88","18.88","","0.48%"
"06/14/2011","17.91","17.91","17.91","17.91","","-5.14%"
"06/16/2011","19.80","19.80","19.80","19.80","","10.55%"
"06/17/2011","19.87","19.87","19.87","19.87","","0.35%"
"06/20/2011","20.54","20.54","20.54","20.54","","3.37%"
"06/21/2011","19.33","19.33","19.33","19.33","","-5.89%"
"06/22/2011","18.61","18.61","18.61","18.61","","-3.72%"
"06/23/2011","20.73","20.73","20.73","20.73","","11.39%"
"06/24/2011","20.93","20.93","20.93","20.93","","0.96%"
"06/27/2011","21.57","21.57","21.57","21.57","","3.06%"
"06/28/2011","20.82","20.82","20.82","20.82","","-3.48%"
"06/29/2011","18.32","18.32","18.32","18.32","","-12.01%"
"06/30/2011","16.51","16.51","16.51","16.51","","-9.88%"
"07/01/2011","15.40","15.40","15.40","15.40","","-6.72%"
"07/04/2011","15.14","15.14","15.14","15.14","","-1.69%"
"07/05/2011","15.42","15.42","15.42","15.42","","1.85%"
"07/06/2011","15.64","15.64","15.64","15.64","","1.43%"
"07/07/2011","15.24","15.24","15.24","15.24","","-2.56%"
"07/08/2011","16.51","16.51","16.51","16.51","","8.33%"
"07/11/2011","19.04","19.04","19.04","19.04","","15.32%"
"07/12/2011","20.00","20.00","20.00","20.00","","5.04%"
"07/13/2011","18.64","18.64","18.64","18.64","","-6.80%"
"07/14/2011","19.86","19.86","19.86","19.86","","6.55%"
"07/15/2011","19.92","19.92","19.92","19.92","","0.30%"
"07/18/2011","22.28","22.28","22.28","22.28","","11.85%"
"07/19/2011","21.00","21.00","21.00","21.00","","-5.75%"
"07/20/2011","20.27","20.27","20.27","20.27","","-3.48%"
"07/21/2011","18.18","18.18","18.18","18.18","","-10.31%"
"07/22/2011","17.14","17.14","17.14","17.14","","-5.72%"
"07/25/2011","17.75","17.75","17.75","17.75","","3.56%"
"07/26/2011","17.54","17.54","17.54","17.54","","-1.18%"
"07/27/2011","19.06","19.06","19.06","19.06","","8.67%"
"07/28/2011","19.45","19.45","19.45","19.45","","2.05%"
"07/29/2011","20.04","20.04","20.04","20.04","","3.03%"
"08/01/2011","22.61","22.61","22.61","22.61","","12.82%"
"08/02/2011","23.71","23.71","23.71","23.71","","4.87%"
"08/03/2011","23.81","23.81","23.81","23.81","","0.42%"
"08/04/2011","27.49","27.49","27.49","27.49","","15.46%"
"08/05/2011","31.41","31.41","31.41","31.41","","14.26%"
"08/08/2011","36.29","36.29","36.29","36.29","","15.54%"
"08/09/2011","38.90","38.90","38.90","38.90","","7.19%"
"08/10/2011","41.50","41.50","41.50","41.50","","6.68%"
"08/11/2011","38.92","38.92","38.92","38.92","","-6.22%"
"08/12/2011","35.82","35.82","35.82","35.82","","-7.97%"
"08/15/2011","33.19","33.19","33.19","33.19","","-7.34%"
"08/16/2011","32.04","32.04","32.04","32.04","","-3.46%"
"08/17/2011","29.37","29.37","29.37","29.37","","-8.33%"
"08/18/2011","37.90","37.90","37.90","37.90","","29.04%"
"08/19/2011","38.98","38.98","38.98","38.98","","2.85%"
"08/22/2011","39.17","39.17","39.17","39.17","","0.49%"
"08/23/2011","37.49","37.49","37.49","37.49","","-4.29%"
"08/24/2011","35.42","35.42","35.42","35.42","","-5.52%"
"08/25/2011","37.80","37.80","37.80","37.80","","6.72%"
"08/26/2011","37.40","37.40","37.40","37.40","","-1.06%"
"08/29/2011","33.96","33.96","33.96","33.96","","-9.20%"
"08/30/2011","33.22","33.22","33.22","33.22","","-2.18%"
"08/31/2011","30.87","30.87","30.87","30.87","","-7.07%"
"09/01/2011","32.32","32.32","32.32","32.32","","4.70%"
"09/02/2011","35.17","35.17","35.17","35.17","","8.82%"
"09/05/2011","41.42","41.42","41.42","41.42","","17.77%"
"09/06/2011","41.87","41.87","41.87","41.87","","1.09%"
"09/07/2011","37.59","37.59","37.59","37.59","","-10.22%"
"09/08/2011","36.94","36.94","36.94","36.94","","-1.73%"
"09/09/2011","42.74","42.74","42.74","42.74","","15.70%"
"09/12/2011","45.78","45.78","45.78","45.78","","7.11%"
"09/13/2011","43.08","43.08","43.08","43.08","","-5.90%"
"09/14/2011","40.98","40.98","40.98","40.98","","-4.87%"
"09/15/2011","38.40","38.40","38.40","38.40","","-6.30%"
"09/16/2011","38.63","38.63","38.63","38.63","","0.60%"
"09/19/2011","40.37","40.37","40.37","40.37","","4.50%"
"09/20/2011","38.38","38.38","38.38","38.38","","-4.93%"
"09/21/2011","40.04","40.04","40.04","40.04","","4.33%"
"09/22/2011","43.70","43.70","43.70","43.70","","9.14%"
"09/23/2011","44.14","44.14","44.14","44.14","","1.01%"
"09/26/2011","44.30","44.30","44.30","44.30","","0.36%"
"09/27/2011","41.11","41.11","41.11","41.11","","-7.20%"
"09/28/2011","41.68","41.68","41.68","41.68","","1.39%"
"09/29/2011","40.65","40.65","40.65","40.65","","-2.47%"
"09/30/2011","43.22","43.22","43.22","43.22","","6.32%"
"10/03/2011","45.24","45.24","45.24","45.24","","4.67%"
"10/04/2011","47.30","47.30","47.30","47.30","","4.55%"
"10/05/2011","43.15","43.15","43.15","43.15","","-8.77%"
"10/06/2011","40.50","40.50","40.50","40.50","","-6.14%"
"10/07/2011","38.63","38.63","38.63","38.63","","-4.62%"
"10/10/2011","35.29","35.29","35.29","35.29","","-8.65%"
"10/11/2011","35.10","35.10","35.10","35.10","","-0.54%"
"10/12/2011","33.02","33.02","33.02","33.02","","-5.93%"
"10/13/2011","34.89","34.89","34.89","34.89","","5.66%"
"10/14/2011","31.72","31.72","31.72","31.72","","-9.09%"
"10/17/2011","34.02","34.02","34.02","34.02","","7.25%"
"10/18/2011","34.19","34.19","34.19","34.19","","0.50%"
"10/19/2011","34.44","34.44","34.44","34.44","","0.73%"
"10/20/2011","38.07","38.07","38.07","38.07","","10.54%"
"10/21/2011","34.91","34.91","34.91","34.91","","-8.30%"
"10/24/2011","33.15","33.15","33.15","33.15","","-5.04%"
"10/25/2011","32.73","32.73","32.73","32.73","","-1.27%"
"10/26/2011","32.72","32.72","32.72","32.72","","-0.03%"
"10/27/2011","27.06","27.06","27.06","27.06","","-17.30%"
"10/28/2011","27.24","27.24","27.24","27.24","","0.67%"
"10/31/2011","30.06","30.06","30.06","30.06","","10.35%"
"11/01/2011","36.98","36.98","36.98","36.98","","23.02%"
"11/02/2011","36.98","36.98","36.98","36.98","","0.00%"
"11/03/2011","34.71","34.71","34.71","34.71","","-6.14%"
"11/04/2011","35.99","35.99","35.99","35.99","","3.69%"
"11/07/2011","36.39","36.39","36.39","36.39","","1.11%"
"11/08/2011","34.72","34.72","34.72","34.72","","-4.59%"
"11/09/2011","36.37","36.37","36.37","36.37","","4.75%"
"11/10/2011","37.28","37.28","37.28","37.28","","2.50%"
"11/11/2011","33.87","33.87","33.87","33.87","","-9.15%"
"11/14/2011","34.15","34.15","34.15","34.15","","0.83%"
"11/15/2011","33.96","33.96","33.96","33.96","","-0.56%"
"11/16/2011","33.29","33.29","33.29","33.29","","-1.97%"
"11/17/2011","33.84","33.84","33.84","33.84","","1.65%"
"11/18/2011","33.89","33.89","33.89","33.89","","0.15%"
"11/21/2011","36.01","36.01","36.01","36.01","","6.26%"
"11/22/2011","34.98","34.98","34.98","34.98","","-2.86%"
"11/23/2011","36.27","36.27","36.27","36.27","","3.69%"
"11/24/2011","35.93","35.93","35.93","35.93","","-0.94%"
"11/25/2011","36.02","36.02","36.02","36.02","","0.25%"
"11/28/2011","34.00","34.00","34.00","34.00","","-5.61%"
"11/29/2011","33.14","33.14","33.14","33.14","","-2.53%"
"11/30/2011","31.04","31.04","31.04","31.04","","-6.34%"
"12/01/2011","31.30","31.30","31.30","31.30","","0.84%"
"12/02/2011","30.35","30.35","30.35","30.35","","-3.04%"
"12/05/2011","30.56","30.56","30.56","30.56","","0.69%"
"12/06/2011","31.59","31.59","31.59","31.59","","3.37%"
"12/07/2011","32.00","32.00","32.00","32.00","","1.30%"
"12/08/2011","33.43","33.43","33.43","33.43","","4.47%"
"12/09/2011","30.31","30.31","30.31","30.31","","-9.33%"
"12/12/2011","32.02","32.02","32.02","32.02","","5.64%"
"12/13/2011","30.49","30.49","30.49","30.49","","-4.78%"
"12/14/2011","31.00","31.00","31.00","31.00","","1.67%"
"12/15/2011","29.34","29.34","29.34","29.34","","-5.35%"
"12/16/2011","28.66","28.66","28.66","28.66","","-2.32%"
"12/19/2011","28.62","28.62","28.62","28.62","","-0.14%"
"12/20/2011","26.98","26.98","26.98","26.98","","-5.73%"
"12/21/2011","27.46","27.46","27.46","27.46","","1.78%"
"12/22/2011","26.40","26.40","26.40","26.40","","-3.86%"
"12/23/2011","25.77","25.77","25.77","25.77","","-2.39%"
"12/27/2011","26.47","26.47","26.47","26.47","","2.72%"
"12/28/2011","28.20","28.20","28.20","28.20","","6.54%"
"12/29/2011","28.36","28.36","28.36","28.36","","0.57%"
"12/30/2011","28.59","28.59","28.59","28.59","","0.81%"
"01/02/2012","26.86","26.86","26.86","26.86","","-6.05%"
"01/03/2012","25.63","25.63","25.63","25.63","","-4.58%"
"01/04/2012","26.50","26.50","26.50","26.50","","3.39%"
"01/05/2012","26.58","26.58","26.58","26.58","","0.30%"
"01/06/2012","26.45","26.45","26.45","26.45","","-0.49%"
"01/09/2012","26.60","26.60","26.60","26.60","","0.57%"
"01/10/2012","25.00","25.00","25.00","25.00","","-6.02%"
"01/11/2012","25.08","25.08","25.08","25.08","","0.32%"
"01/12/2012","24.77","24.77","24.77","24.77","","-1.24%"
"01/13/2012","24.90","24.90","24.90","24.90","","0.52%"
"01/16/2012","24.10","24.10","24.10","24.10","","-3.21%"
"01/17/2012","23.54","23.54","23.54","23.54","","-2.32%"
"01/18/2012","23.73","23.73","23.73","23.73","","0.81%"
"01/19/2012","23.30","23.30","23.30","23.30","","-1.81%"
"01/20/2012","22.33","22.33","22.33","22.33","","-4.16%"
"01/23/2012","22.51","22.51","22.51","22.51","","0.81%"
"01/24/2012","22.25","22.25","22.25","22.25","","-1.16%"
"01/25/2012","21.77","21.77","21.77","21.77","","-2.16%"
"01/26/2012","20.68","20.68","20.68","20.68","","-5.01%"
"01/27/2012","21.04","21.04","21.04","21.04","","1.74%"
"01/30/2012","22.71","22.71","22.71","22.71","","7.94%"
"01/31/2012","22.49","22.49","22.49","22.49","","-0.97%"
"02/01/2012","21.08","21.08","21.08","21.08","","-6.27%"
"02/02/2012","21.04","21.04","21.04","21.04","","-0.19%"
"02/03/2012","19.85","19.85","19.85","19.85","","-5.66%"
"02/06/2012","20.73","20.73","20.73","20.73","","4.43%"
"02/07/2012","21.04","21.04","21.04","21.04","","1.50%"
"02/08/2012","21.63","21.63","21.63","21.63","","2.80%"
"02/09/2012","21.54","21.54","21.54","21.54","","-0.42%"
"02/10/2012","23.30","23.30","23.30","23.30","","8.17%"
"02/13/2012","22.68","22.68","22.68","22.68","","-2.66%"
"02/14/2012","22.51","22.51","22.51","22.51","","-0.75%"
"02/15/2012","22.68","22.68","22.68","22.68","","0.76%"
"02/16/2012","23.16","23.16","23.16","23.16","","2.12%"
"02/17/2012","21.60","21.60","21.60","21.60","","-6.74%"
"02/20/2012","21.06","21.06","21.06","21.06","","-2.50%"
"02/21/2012","21.34","21.34","21.34","21.34","","1.33%"
"02/22/2012","21.74","21.74","21.74","21.74","","1.87%"
"02/23/2012","21.67","21.67","21.67","21.67","","-0.32%"
"02/24/2012","20.83","20.83","20.83","20.83","","-3.88%"
"02/27/2012","21.50","21.50","21.50","21.50","","3.22%"
"02/28/2012","21.01","21.01","21.01","21.01","","-2.28%"
"02/29/2012","21.02","21.02","21.02","21.02","","0.05%"
"03/01/2012","19.69","19.69","19.69","19.69","","-6.33%"
"03/02/2012","19.41","19.41","19.41","19.41","","-1.42%"
"03/05/2012","20.32","20.32","20.32","20.32","","4.69%"
"03/06/2012","24.08","24.08","24.08","24.08","","18.50%"
"03/07/2012","24.01","24.01","24.01","24.01","","-0.29%"
"03/08/2012","21.35","21.35","21.35","21.35","","-11.08%"
"03/09/2012","19.81","19.81","19.81","19.81","","-7.21%"
"03/12/2012","19.74","19.74","19.74","19.74","","-0.35%"
"03/13/2012","18.40","18.40","18.40","18.40","","-6.79%"
"03/14/2012","18.14","18.14","18.14","18.14","","-1.41%"
"03/15/2012","17.75","17.75","17.75","17.75","","-2.15%"
"03/16/2012","17.78","17.78","17.78","17.78","","0.17%"
"03/19/2012","17.73","17.73","17.73","17.73","","-0.28%"
"03/20/2012","18.78","18.78","18.78","18.78","","5.92%"
"03/21/2012","18.39","18.39","18.39","18.39","","-2.08%"
"03/22/2012","19.27","19.27","19.27","19.27","","4.79%"
"03/23/2012","18.72","18.72","18.72","18.72","","-2.85%"
"03/26/2012","17.92","17.92","17.92","17.92","","-4.27%"
"03/27/2012","18.14","18.14","18.14","18.14","","1.23%"
"03/28/2012","18.83","18.83","18.83","18.83","","3.80%"
"03/29/2012","20.57","20.57","20.57","20.57","","9.24%"
"03/30/2012","18.81","18.81","18.81","18.81","","-8.56%"
"04/02/2012","17.97","17.97","17.97","17.97","","-4.47%"
"04/03/2012","18.72","18.72","18.72","18.72","","4.17%"
"04/04/2012","21.83","21.83","21.83","21.83","","16.61%"
"04/05/2012","21.52","21.52","21.52","21.52","","-1.42%"
"04/10/2012","24.76","24.76","24.76","24.76","","15.06%"
"04/11/2012","24.11","24.11","24.11","24.11","","-2.63%"
"04/12/2012","22.85","22.85","22.85","22.85","","-5.23%"
"04/13/2012","24.36","24.36","24.36","24.36","","6.61%"
"04/16/2012","24.22","24.22","24.22","24.22","","-0.57%"
"04/17/2012","22.40","22.40","22.40","22.40","","-7.51%"
"04/18/2012","23.10","23.10","23.10","23.10","","3.13%"
"04/19/2012","23.32","23.32","23.32","23.32","","0.95%"
"04/20/2012","22.04","22.04","22.04","22.04","","-5.49%"
"04/23/2012","25.32","25.32","25.32","25.32","","14.88%"
"04/24/2012","24.82","24.82","24.82","24.82","","-1.97%"
"04/25/2012","23.68","23.68","23.68","23.68","","-4.59%"
"04/26/2012","23.12","23.12","23.12","23.12","","-2.36%"
"04/27/2012","21.34","21.34","21.34","21.34","","-7.70%"
"04/30/2012","21.97","21.97","21.97","21.97","","2.95%"
"05/02/2012","22.91","22.91","22.91","22.91","","4.28%"
"05/03/2012","23.08","23.08","23.08","23.08","","0.74%"
"05/04/2012","24.64","24.64","24.64","24.64","","6.76%"
"05/07/2012","24.62","24.62","24.62","24.62","","-0.08%"
"05/08/2012","25.96","25.96","25.96","25.96","","5.44%"
"05/09/2012","25.70","25.70","25.70","25.70","","-1.00%"
"05/10/2012","24.98","24.98","24.98","24.98","","-2.80%"
"05/11/2012","23.73","23.73","23.73","23.73","","-5.00%"
"05/14/2012","26.16","26.16","26.16","26.16","","10.24%"
"05/15/2012","26.83","26.83","26.83","26.83","","2.56%"
"05/16/2012","26.91","26.91","26.91","26.91","","0.30%"
"05/17/2012","28.25","28.25","28.25","28.25","","4.98%"
"05/18/2012","27.65","27.65","27.65","27.65","","-2.12%"
"05/21/2012","26.47","26.47","26.47","26.47","","-4.27%"
"05/22/2012","25.12","25.12","25.12","25.12","","-5.10%"
"05/23/2012","27.65","27.65","27.65","27.65","","10.07%"
"05/24/2012","26.92","26.92","26.92","26.92","","-2.64%"
"05/25/2012","26.31","26.31","26.31","26.31","","-2.27%"
"05/28/2012","26.90","26.90","26.90","26.90","","2.24%"
"05/29/2012","26.23","26.23","26.23","26.23","","-2.49%"
"05/30/2012","28.35","28.35","28.35","28.35","","8.08%"
"05/31/2012","28.94","28.94","28.94","28.94","","2.08%"
"06/01/2012","31.27","31.27","31.27","31.27","","8.05%"
"06/04/2012","31.78","31.78","31.78","31.78","","1.63%"
"06/05/2012","30.55","30.55","30.55","30.55","","-3.87%"
"06/06/2012","28.10","28.10","28.10","28.10","","-8.02%"
"06/07/2012","27.86","27.86","27.86","27.86","","-0.85%"
"06/08/2012","27.49","27.49","27.49","27.49","","-1.33%"
"06/11/2012","28.26","28.26","28.26","28.26","","2.80%"
"06/12/2012","28.52","28.52","28.52","28.52","","0.92%"
"06/13/2012","29.77","29.77","29.77","29.77","","4.38%"
"06/14/2012","29.34","29.34","29.34","29.34","","-1.44%"
"06/15/2012","29.57","29.57","29.57","29.57","","0.78%"
"06/18/2012","26.27","26.27","26.27","26.27","","-11.16%"
"06/19/2012","23.62","23.62","23.62","23.62","","-10.09%"
"06/20/2012","23.15","23.15","23.15","23.15","","-1.99%"
"06/21/2012","22.79","22.79","22.79","22.79","","-1.56%"
"06/22/2012","23.48","23.48","23.48","23.48","","3.03%"
"06/25/2012","25.23","25.23","25.23","25.23","","7.45%"
"06/26/2012","25.26","25.26","25.26","25.26","","0.12%"
"06/27/2012","24.07","24.07","24.07","24.07","","-4.71%"
"06/28/2012","24.77","24.77","24.77","24.77","","2.91%"
"06/29/2012","21.53","21.53","21.53","21.53","","-13.08%"
"07/02/2012","20.77","20.77","20.77","20.77","","-3.53%"
"07/03/2012","19.17","19.17","19.17","19.17","","-7.70%"
"07/04/2012","20.27","20.27","20.27","20.27","","5.74%"
"07/05/2012","20.56","20.56","20.56","20.56","","1.43%"
"07/06/2012","21.82","21.82","21.82","21.82","","6.13%"
"07/09/2012","22.23","22.23","22.23","22.23","","1.88%"
"07/10/2012","21.08","21.08","21.08","21.08","","-5.17%"
"07/11/2012","20.60","20.60","20.60","20.60","","-2.28%"
"07/12/2012","20.89","20.89","20.89","20.89","","1.41%"
"07/13/2012","19.61","19.61","19.61","19.61","","-6.13%"
"07/16/2012","19.59","19.59","19.59","19.59","","-0.10%"
"07/17/2012","19.29","19.29","19.29","19.29","","-1.53%"
"07/18/2012","18.27","18.27","18.27","18.27","","-5.29%"
"07/19/2012","18.27","18.27","18.27","18.27","","0.00%"
"07/20/2012","20.46","20.46","20.46","20.46","","11.99%"
"07/23/2012","24.12","24.12","24.12","24.12","","17.89%"
"07/24/2012","24.50","24.50","24.50","24.50","","1.58%"
"07/25/2012","23.81","23.81","23.81","23.81","","-2.82%"
"07/26/2012","22.53","22.53","22.53","22.53","","-5.38%"
"07/27/2012","22.09","22.09","22.09","22.09","","-1.95%"
"07/30/2012","21.45","21.45","21.45","21.45","","-2.90%"
"07/31/2012","22.13","22.13","22.13","22.13","","3.17%"
"08/01/2012","22.52","22.52","22.52","22.52","","1.76%"
"08/02/2012","22.29","22.29","22.29","22.29","","-1.02%"
"08/03/2012","19.53","19.53","19.53","19.53","","-12.38%"
"08/06/2012","19.57","19.57","19.57","19.57","","0.20%"
"08/07/2012","18.81","18.81","18.81","18.81","","-3.88%"
"08/08/2012","18.96","18.96","18.96","18.96","","0.80%"
"08/09/2012","19.09","19.09","19.09","19.09","","0.69%"
"08/10/2012","18.66","18.66","18.66","18.66","","-2.25%"
"08/13/2012","19.29","19.29","19.29","19.29","","3.38%"
"08/14/2012","18.96","18.96","18.96","18.96","","-1.71%"
"08/15/2012","19.19","19.19","19.19","19.19","","1.21%"
"08/16/2012","18.99","18.99","18.99","18.99","","-1.04%"
"08/17/2012","18.14","18.14","18.14","18.14","","-4.48%"
"08/20/2012","18.77","18.77","18.77","18.77","","3.47%"
"08/21/2012","19.00","19.00","19.00","19.00","","1.23%"
"08/22/2012","21.15","21.15","21.15","21.15","","11.32%"
"08/23/2012","20.96","20.96","20.96","20.96","","-0.90%"
"08/24/2012","20.90","20.90","20.90","20.90","","-0.29%"
"08/27/2012","20.30","20.30","20.30","20.30","","-2.87%"
"08/28/2012","20.91","20.91","20.91","20.91","","3.00%"
"08/29/2012","21.19","21.19","21.19","21.19","","1.34%"
"08/30/2012","22.51","22.51","22.51","22.51","","6.23%"
"08/31/2012","21.80","21.80","21.80","21.80","","-3.15%"
"09/03/2012","21.38","21.38","21.38","21.38","","-1.93%"
"09/04/2012","22.08","22.08","22.08","22.08","","3.27%"
"09/05/2012","21.58","21.58","21.58","21.58","","-2.26%"
"09/06/2012","18.29","18.29","18.29","18.29","","-15.25%"
"09/07/2012","17.60","17.60","17.60","17.60","","-3.77%"
"09/10/2012","18.29","18.29","18.29","18.29","","3.92%"
"09/11/2012","18.15","18.15","18.15","18.15","","-0.77%"
"09/12/2012","17.95","17.95","17.95","17.95","","-1.10%"
"09/13/2012","18.42","18.42","18.42","18.42","","2.62%"
"09/14/2012","17.05","17.05","17.05","17.05","","-7.44%"
"09/17/2012","17.44","17.44","17.44","17.44","","2.29%"
"09/18/2012","17.60","17.60","17.60","17.60","","0.92%"
"09/19/2012","17.07","17.07","17.07","17.07","","-3.01%"
"09/20/2012","17.17","17.17","17.17","17.17","","0.59%"
"09/21/2012","16.76","16.76","16.76","16.76","","-2.39%"
"09/24/2012","16.85","16.85","16.85","16.85","","0.54%"
"09/25/2012","16.78","16.78","16.78","16.78","","-0.42%"
"09/26/2012","18.00","18.00","18.00","18.00","","7.27%"
"09/27/2012","18.10","18.10","18.10","18.10","","0.56%"
"09/28/2012","18.40","18.40","18.40","18.40","","1.66%"
"10/01/2012","17.52","17.52","17.52","17.52","","-4.78%"
"10/02/2012","17.56","17.56","17.56","17.56","","0.23%"
"10/03/2012","17.10","17.10","17.10","17.10","","-2.62%"
"10/04/2012","17.28","17.28","17.28","17.28","","1.05%"
"10/05/2012","16.22","16.22","16.22","16.22","","-6.13%"
"10/08/2012","17.12","17.12","17.12","17.12","","5.55%"
"10/09/2012","17.70","17.70","17.70","17.70","","3.39%"
"10/10/2012","17.61","17.61","17.61","17.61","","-0.51%"
"10/11/2012","16.87","16.87","16.87","16.87","","-4.20%"
"10/12/2012","17.11","17.11","17.11","17.11","","1.42%"
"10/15/2012","17.07","17.07","17.07","17.07","","-0.23%"
"10/16/2012","16.62","16.62","16.62","16.62","","-2.64%"
"10/17/2012","16.34","16.34","16.34","16.34","","-1.68%"
"10/18/2012","15.80","15.80","15.80","15.80","","-3.30%"
"10/19/2012","16.27","16.27","16.27","16.27","","2.97%"
"10/22/2012","16.62","16.62","16.62","16.62","","2.15%"
"10/23/2012","18.34","18.34","18.34","18.34","","10.35%"
"10/24/2012","17.97","17.97","17.97","17.97","","-2.02%"
"10/25/2012","17.52","17.52","17.52","17.52","","-2.50%"
"10/26/2012","17.36","17.36","17.36","17.36","","-0.91%"
"10/29/2012","17.95","17.95","17.95","17.95","","3.40%"
"10/30/2012","16.89","16.89","16.89","16.89","","-5.91%"
"10/31/2012","17.02","17.02","17.02","17.02","","0.77%"
"11/01/2012","16.28","16.28","16.28","16.28","","-4.35%"
"11/02/2012","15.64","15.64","15.64","15.64","","-3.93%"
"11/05/2012","16.37","16.37","16.37","16.37","","4.67%"
"11/06/2012","15.78","15.78","15.78","15.78","","-3.60%"
"11/07/2012","17.11","17.11","17.11","17.11","","8.43%"
"11/08/2012","17.57","17.57","17.57","17.57","","2.69%"
"11/09/2012","18.28","18.28","18.28","18.28","","4.04%"
"11/12/2012","18.24","18.24","18.24","18.24","","-0.22%"
"11/13/2012","17.81","17.81","17.81","17.81","","-2.36%"
"11/14/2012","17.69","17.69","17.69","17.69","","-0.67%"
"11/15/2012","18.29","18.29","18.29","18.29","","3.39%"
"11/16/2012","18.86","18.86","18.86","18.86","","3.12%"
"11/19/2012","16.53","16.53","16.53","16.53","","-12.35%"
"11/20/2012","15.64","15.64","15.64","15.64","","-5.38%"
"11/21/2012","15.20","15.20","15.20","15.20","","-2.81%"
"11/22/2012","14.85","14.85","14.85","14.85","","-2.30%"
"11/23/2012","14.65","14.65","14.65","14.65","","-1.35%"
"11/26/2012","14.98","14.98","14.98","14.98","","2.25%"
"11/27/2012","14.56","14.56","14.56","14.56","","-2.80%"
"11/28/2012","14.49","14.49","14.49","14.49","","-0.48%"
"11/29/2012","13.86","13.86","13.86","13.86","","-4.35%"
"11/30/2012","13.91","13.91","13.91","13.91","","0.36%"
"12/03/2012","14.06","14.06","14.06","14.06","","1.08%"
"12/04/2012","14.03","14.03","14.03","14.03","","-0.21%"
"12/05/2012","13.98","13.98","13.98","13.98","","-0.36%"
"12/06/2012","13.85","13.85","13.85","13.85","","-0.93%"
"12/07/2012","14.26","14.26","14.26","14.26","","2.96%"
"12/10/2012","14.50","14.50","14.50","14.50","","1.68%"
"12/11/2012","14.09","14.09","14.09","14.09","","-2.83%"
"12/12/2012","13.92","13.92","13.92","13.92","","-1.21%"
"12/13/2012","14.34","14.34","14.34","14.34","","3.02%"
"12/14/2012","14.39","14.39","14.39","14.39","","0.35%"
"12/17/2012","14.46","14.46","14.46","14.46","","0.49%"
"12/18/2012","13.96","13.96","13.96","13.96","","-3.46%"
"12/19/2012","13.99","13.99","13.99","13.99","","0.21%"
"12/20/2012","14.10","14.10","14.10","14.10","","0.79%"
"12/21/2012","14.44","14.44","14.44","14.44","","2.41%"
"12/27/2012","14.96","14.96","14.96","14.96","","3.60%"
"12/28/2012","16.05","16.05","16.05","16.05","","7.29%"
"01/02/2013","14.60","14.60","14.60","14.60","","-9.03%"
"01/03/2013","13.89","13.89","13.89","13.89","","-4.86%"
"01/04/2013","13.07","13.07","13.07","13.07","","-5.90%"
"01/07/2013","14.04","14.04","14.04","14.04","","7.42%"
"01/08/2013","14.23","14.23","14.23","14.23","","1.35%"
"01/09/2013","13.80","13.80","13.80","13.80","","-3.02%"
"01/10/2013","14.04","14.04","14.04","14.04","","1.74%"
"01/11/2013","13.47","13.47","13.47","13.47","","-4.06%"
"01/14/2013","13.34","13.34","13.34","13.34","","-0.97%"
"01/15/2013","13.62","13.62","13.62","13.62","","2.10%"
"01/16/2013","13.48","13.48","13.48","13.48","","-1.03%"
"01/17/2013","13.16","13.16","13.16","13.16","","-2.37%"
"01/18/2013","13.40","13.40","13.40","13.40","","1.82%"
"01/21/2013","12.93","12.93","12.93","12.93","","-3.51%"
"01/22/2013","13.28","13.28","13.28","13.28","","2.71%"
"01/23/2013","13.07","13.07","13.07","13.07","","-1.58%"
"01/24/2013","12.76","12.76","12.76","12.76","","-2.37%"
"01/25/2013","12.29","12.29","12.29","12.29","","-3.68%"
"01/28/2013","12.73","12.73","12.73","12.73","","3.58%"
"01/29/2013","12.50","12.50","12.50","12.50","","-1.81%"
"01/30/2013","13.11","13.11","13.11","13.11","","4.88%"
"01/31/2013","13.51","13.51","13.51","13.51","","3.05%"
"02/01/2013","12.61","12.61","12.61","12.61","","-6.66%"
"02/04/2013","15.59","15.59","15.59","15.59","","23.63%"
"02/05/2013","15.28","15.28","15.28","15.28","","-1.99%"
"02/06/2013","15.91","15.91","15.91","15.91","","4.12%"
"02/07/2013","16.09","16.09","16.09","16.09","","1.13%"
"02/08/2013","14.77","14.77","14.77","14.77","","-8.20%"
"02/11/2013","15.13","15.13","15.13","15.13","","2.44%"
"02/12/2013","14.64","14.64","14.64","14.64","","-3.24%"
"02/13/2013","14.32","14.32","14.32","14.32","","-2.19%"
"02/14/2013","14.77","14.77","14.77","14.77","","3.14%"
"02/15/2013","14.82","14.82","14.82","14.82","","0.34%"
"02/18/2013","14.91","14.91","14.91","14.91","","0.61%"
"02/19/2013","14.30","14.30","14.30","14.30","","-4.09%"
"02/20/2013","14.97","14.97","14.97","14.97","","4.69%"
"02/21/2013","16.31","16.31","16.31","16.31","","8.95%"
"02/22/2013","15.86","15.86","15.86","15.86","","-2.76%"
"02/25/2013","15.98","15.98","15.98","15.98","","0.76%"
"02/26/2013","18.70","18.70","18.70","18.70","","17.02%"
"02/27/2013","16.97","16.97","16.97","16.97","","-9.25%"
"02/28/2013","16.18","16.18","16.18","16.18","","-4.66%"
"03/01/2013","16.68","16.68","16.68","16.68","","3.09%"
"03/04/2013","16.26","16.26","16.26","16.26","","-2.52%"
"03/05/2013","14.92","14.92","14.92","14.92","","-8.24%"
"03/06/2013","15.17","15.17","15.17","15.17","","1.68%"
"03/07/2013","14.71","14.71","14.71","14.71","","-3.03%"
"03/08/2013","14.06","14.06","14.06","14.06","","-4.42%"
"03/11/2013","14.34","14.34","14.34","14.34","","1.99%"
"03/12/2013","14.32","14.32","14.32","14.32","","-0.14%"
"03/13/2013","13.97","13.97","13.97","13.97","","-2.44%"
"03/14/2013","13.39","13.39","13.39","13.39","","-4.15%"
"03/15/2013","13.32","13.32","13.32","13.32","","-0.52%"
"03/18/2013","14.32","14.32","14.32","14.32","","7.51%"
"03/19/2013","15.18","15.18","15.18","15.18","","6.01%"
"03/20/2013","14.60","14.60","14.60","14.60","","-3.82%"
"03/21/2013","14.96","14.96","14.96","14.96","","2.47%"
"03/22/2013","14.96","14.96","14.96","14.96","","0.00%"
"03/25/2013","16.02","16.02","16.02","16.02","","7.09%"
"03/26/2013","15.53","15.53","15.53","15.53","","-3.06%"
"03/27/2013","16.15","16.15","16.15","16.15","","3.99%"
"03/28/2013","16.15","16.15","16.15","16.15","","0.00%"
"04/02/2013","14.56","14.56","14.56","14.56","","-9.85%"
"04/03/2013","15.33","15.33","15.33","15.33","","5.29%"
"04/04/2013","15.61","15.61","15.61","15.61","","1.83%"
"04/05/2013","17.56","17.56","17.56","17.56","","12.49%"
"04/08/2013","17.05","17.05","17.05","17.05","","-2.90%"
"04/09/2013","16.84","16.84","16.84","16.84","","-1.23%"
"04/10/2013","15.25","15.25","15.25","15.25","","-9.44%"
"04/11/2013","15.26","15.26","15.26","15.26","","0.07%"
"04/12/2013","16.22","16.22","16.22","16.22","","6.29%"
"04/15/2013","16.76","16.76","16.76","16.76","","3.33%"
"04/16/2013","17.16","17.16","17.16","17.16","","2.39%"
"04/17/2013","18.87","18.87","18.87","18.87","","9.97%"
"04/18/2013","18.72","18.72","18.72","18.72","","-0.79%"
"04/19/2013","18.18","18.18","18.18","18.18","","-2.88%"
"04/22/2013","18.26","18.26","18.26","18.26","","0.44%"
"04/23/2013","17.11","17.11","17.11","17.11","","-6.30%"
"04/24/2013","16.39","16.39","16.39","16.39","","-4.21%"
"04/25/2013","16.15","16.15","16.15","16.15","","-1.46%"
"04/26/2013","16.44","16.44","16.44","16.44","","1.80%"
"04/29/2013","16.44","16.44","16.44","16.44","","0.00%"
"04/30/2013","16.04","16.04","16.04","16.04","","-2.43%"
"05/02/2013","15.50","15.50","15.50","15.50","","-3.37%"
"05/03/2013","14.77","14.77","14.77","14.77","","-4.71%"
"05/06/2013","14.73","14.73","14.73","14.73","","-0.27%"
"05/07/2013","14.38","14.38","14.38","14.38","","-2.38%"
"05/08/2013","14.10","14.10","14.10","14.10","","-1.95%"
"05/09/2013","14.09","14.09","14.09","14.09","","-0.07%"
"05/10/2013","14.70","14.70","14.70","14.70","","4.33%"
"05/13/2013","15.11","15.11","15.11","15.11","","2.79%"
"05/14/2013","14.81","14.81","14.81","14.81","","-1.99%"
"05/15/2013","14.90","14.90","14.90","14.90","","0.61%"
"05/16/2013","15.04","15.04","15.04","15.04","","0.94%"
"05/17/2013","14.86","14.86","14.86","14.86","","-1.20%"
"05/20/2013","15.07","15.07","15.07","15.07","","1.41%"
"05/21/2013","15.23","15.23","15.23","15.23","","1.06%"
"05/22/2013","15.02","15.02","15.02","15.02","","-1.38%"
"05/23/2013","16.71","16.71","16.71","16.71","","11.25%"
"05/24/2013","16.91","16.91","16.91","16.91","","1.20%"
"05/27/2013","16.28","16.28","16.28","16.28","","-3.73%"
"05/28/2013","16.02","16.02","16.02","16.02","","-1.60%"
"05/29/2013","17.41","17.41","17.41","17.41","","8.68%"
"05/30/2013","16.80","16.80","16.80","16.80","","-3.50%"
"05/31/2013","16.80","16.80","16.80","16.80","","0.00%"
"06/03/2013","18.57","18.57","18.57","18.57","","10.54%"
"06/04/2013","18.37","18.37","18.37","18.37","","-1.08%"
"06/05/2013","18.96","18.96","18.96","18.96","","3.21%"
"06/06/2013","18.90","18.90","18.90","18.90","","-0.32%"
"06/07/2013","16.94","16.94","16.94","16.94","","-10.37%"
"06/10/2013","16.47","16.47","16.47","16.47","","-2.77%"
"06/11/2013","17.74","17.74","17.74","17.74","","7.71%"
"06/12/2013","18.41","18.41","18.41","18.41","","3.78%"
"06/13/2013","18.73","18.73","18.73","18.73","","1.74%"
"06/14/2013","18.30","18.30","18.30","18.30","","-2.30%"
"06/17/2013","17.89","17.89","17.89","17.89","","-2.24%"
"06/18/2013","17.72","17.72","17.72","17.72","","-0.95%"
"06/19/2013","17.81","17.81","17.81","17.81","","0.51%"
"06/20/2013","20.19","20.19","20.19","20.19","","13.36%"
"06/21/2013","20.19","20.19","20.19","20.19","","0.00%"
"06/24/2013","22.07","22.07","22.07","22.07","","9.31%"
"06/25/2013","20.78","20.78","20.78","20.78","","-5.85%"
"06/26/2013","19.89","19.89","19.89","19.89","","-4.28%"
"06/27/2013","19.04","19.04","19.04","19.04","","-4.27%"
"06/28/2013","19.17","19.17","19.17","19.17","","0.68%"
"07/01/2013","19.17","19.17","19.17","19.17","","0.00%"
"07/02/2013","19.30","19.30","19.30","19.30","","0.68%"
"07/03/2013","19.91","19.91","19.91","19.91","","3.16%"
"07/04/2013","18.73","18.73","18.73","18.73","","-5.93%"
"07/05/2013","20.27","20.27","20.27","20.27","","8.22%"
"07/08/2013","19.29","19.29","19.29","19.29","","-4.83%"
"07/09/2013","18.56","18.56","18.56","18.56","","-3.78%"
"07/10/2013","18.37","18.37","18.37","18.37","","-1.02%"
"07/11/2013","17.42","17.42","17.42","17.42","","-5.17%"
"07/12/2013","16.88","16.88","16.88","16.88","","-3.10%"
"07/15/2013","16.99","16.99","16.99","16.99","","0.65%"
"07/16/2013","17.19","17.19","17.19","17.19","","1.18%"
"07/17/2013","16.88","16.88","16.88","16.88","","-1.80%"
"07/18/2013","16.11","16.11","16.11","16.11","","-4.56%"
"07/19/2013","15.44","15.44","15.44","15.44","","-4.16%"
"07/22/2013","15.35","15.35","15.35","15.35","","-0.58%"
"07/23/2013","15.21","15.21","15.21","15.21","","-0.91%"
"07/24/2013","14.99","14.99","14.99","14.99","","-1.45%"
"07/25/2013","15.62","15.62","15.62","15.62","","4.20%"
"07/26/2013","16.18","16.18","16.18","16.18","","3.59%"
"07/29/2013","16.48","16.48","16.48","16.48","","1.85%"
"07/30/2013","16.43","16.43","16.43","16.43","","-0.30%"
"07/31/2013","16.76","16.76","16.76","16.76","","2.01%"
"08/01/2013","15.50","15.50","15.50","15.50","","-7.52%"
"08/02/2013","14.87","14.87","14.87","14.87","","-4.06%"
"08/05/2013","14.66","14.66","14.66","14.66","","-1.41%"
"08/06/2013","15.54","15.54","15.54","15.54","","6.00%"
"08/07/2013","15.82","15.82","15.82","15.82","","1.80%"
"08/08/2013","14.90","14.90","14.90","14.90","","-5.82%"
"08/09/2013","14.68","14.68","14.68","14.68","","-1.48%"
"08/12/2013","14.87","14.87","14.87","14.87","","1.29%"
"08/13/2013","14.84","14.84","14.84","14.84","","-0.20%"
"08/14/2013","14.59","14.59","14.59","14.59","","-1.68%"
"08/15/2013","15.55","15.55","15.55","15.55","","6.58%"
"08/16/2013","14.78","14.78","14.78","14.78","","-4.95%"
"08/19/2013","15.25","15.25","15.25","15.25","","3.18%"
"08/20/2013","16.14","16.14","16.14","16.14","","5.84%"
"08/21/2013","16.43","16.43","16.43","16.43","","1.80%"
"08/22/2013","15.14","15.14","15.14","15.14","","-7.85%"
"08/23/2013","14.72","14.72","14.72","14.72","","-2.77%"
"08/26/2013","14.50","14.50","14.50","14.50","","-1.49%"
"08/27/2013","17.10","17.10","17.10","17.10","","17.93%"
"08/28/2013","17.58","17.58","17.58","17.58","","2.81%"
"08/29/2013","16.82","16.82","16.82","16.82","","-4.32%"
"08/30/2013","18.04","18.04","18.04","18.04","","7.25%"
"09/02/2013","16.91","16.91","16.91","16.91","","-6.26%"
"09/03/2013","17.83","17.83","17.83","17.83","","5.44%"
"09/04/2013","17.49","17.49","17.49","17.49","","-1.91%"
"09/05/2013","17.45","17.45","17.45","17.45","","-0.23%"
"09/06/2013","16.88","16.88","16.88","16.88","","-3.27%"
"09/09/2013","17.09","17.09","17.09","17.09","","1.24%"
"09/10/2013","15.61","15.61","15.61","15.61","","-8.66%"
"09/11/2013","15.46","15.46","15.46","15.46","","-0.96%"
"09/12/2013","15.57","15.57","15.57","15.57","","0.71%"
"09/13/2013","15.50","15.50","15.50","15.50","","-0.45%"
"09/16/2013","15.78","15.78","15.78","15.78","","1.81%"
"09/17/2013","15.80","15.80","15.80","15.80","","0.13%"
"09/18/2013","15.57","15.57","15.57","15.57","","-1.46%"
"09/19/2013","15.18","15.18","15.18","15.18","","-2.50%"
"09/20/2013","14.91","14.91","14.91","14.91","","-1.78%"
"09/23/2013","15.00","15.00","15.00","15.00","","0.60%"
"09/24/2013","14.53","14.53","14.53","14.53","","-3.13%"
"09/25/2013","14.27","14.27","14.27","14.27","","-1.79%"
"09/26/2013","14.08","14.08","14.08","14.08","","-1.33%"
"09/27/2013","14.07","14.07","14.07","14.07","","-0.07%"
"09/30/2013","15.62","15.62","15.62","15.62","","11.02%"
"10/01/2013","14.84","14.84","14.84","14.84","","-4.99%"
"10/02/2013","15.47","15.47","15.47","15.47","","4.25%"
"10/03/2013","15.89","15.89","15.89","15.89","","2.71%"
"10/04/2013","15.66","15.66","15.66","15.66","","-1.45%"
"10/07/2013","16.28","16.28","16.28","16.28","","3.96%"
"10/08/2013","16.82","16.82","16.82","16.82","","3.32%"
"10/09/2013","18.01","18.01","18.01","18.01","","7.07%"
"10/10/2013","15.94","15.94","15.94","15.94","","-11.49%"
"10/11/2013","15.30","15.30","15.30","15.30","","-4.02%"
"10/14/2013","16.12","16.12","16.12","16.12","","5.36%"
"10/15/2013","15.00","15.00","15.00","15.00","","-6.95%"
"10/16/2013","14.76","14.76","14.76","14.76","","-1.60%"
"10/17/2013","13.94","13.94","13.94","13.94","","-5.56%"
"10/18/2013","12.75","12.75","12.75","12.75","","-8.54%"
"10/21/2013","12.71","12.71","12.71","12.71","","-0.31%"
"10/22/2013","12.45","12.45","12.45","12.45","","-2.05%"
"10/23/2013","13.00","13.00","13.00","13.00","","4.42%"
"10/24/2013","12.66","12.66","12.66","12.66","","-2.62%"
"10/25/2013","12.54","12.54","12.54","12.54","","-0.95%"
"10/28/2013","12.93","12.93","12.93","12.93","","3.11%"
"10/29/2013","12.44","12.44","12.44","12.44","","-3.79%"
"10/30/2013","13.06","13.06","13.06","13.06","","4.98%"
"10/31/2013","12.68","12.68","12.68","12.68","","-2.91%"
"11/01/2013","12.95","12.95","12.95","12.95","","2.13%"
"11/04/2013","12.82","12.82","12.82","12.82","","-1.00%"
"11/05/2013","12.86","12.86","12.86","12.86","","0.31%"
"11/06/2013","12.85","12.85","12.85","12.85","","-0.08%"
"11/07/2013","12.68","12.68","12.68","12.68","","-1.32%"
"11/08/2013","12.91","12.91","12.91","12.91","","1.81%"
"11/11/2013","12.62","12.62","12.62","12.62","","-2.25%"
"11/12/2013","12.94","12.94","12.94","12.94","","2.54%"
"11/13/2013","12.86","12.86","12.86","12.86","","-0.62%"
"11/14/2013","11.98","11.98","11.98","11.98","","-6.84%"
"11/15/2013","11.86","11.86","11.86","11.86","","-1.00%"
"11/18/2013","11.98","11.98","11.98","11.98","","1.01%"
"11/19/2013","12.28","12.28","12.28","12.28","","2.50%"
"11/20/2013","12.05","12.05","12.05","12.05","","-1.87%"
"11/21/2013","11.94","11.94","11.94","11.94","","-0.91%"
"11/22/2013","11.53","11.53","11.53","11.53","","-3.43%"
"11/25/2013","11.68","11.68","11.68","11.68","","1.30%"
"11/26/2013","11.64","11.64","11.64","11.64","","-0.34%"
"11/27/2013","11.47","11.47","11.47","11.47","","-1.46%"
"11/28/2013","11.51","11.51","11.51","11.51","","0.35%"
"11/29/2013","11.89","11.89","11.89","11.89","","3.30%"
"12/02/2013","12.22","12.22","12.22","12.22","","2.78%"
"12/03/2013","13.18","13.18","13.18","13.18","","7.86%"
"12/04/2013","13.67","13.67","13.67","13.67","","3.72%"
"12/05/2013","13.79","13.79","13.79","13.79","","0.88%"
"12/06/2013","12.97","12.97","12.97","12.97","","-5.95%"
"12/09/2013","13.14","13.14","13.14","13.14","","1.31%"
"12/10/2013","13.43","13.43","13.43","13.43","","2.21%"
"12/11/2013","13.95","13.95","13.95","13.95","","3.87%"
"12/12/2013","14.44","14.44","14.44","14.44","","3.51%"
"12/13/2013","14.42","14.42","14.42","14.42","","-0.14%"
"12/16/2013","14.62","14.62","14.62","14.62","","1.39%"
"12/17/2013","14.91","14.91","14.91","14.91","","1.98%"
"12/18/2013","14.54","14.54","14.54","14.54","","-2.48%"
"12/19/2013","12.82","12.82","12.82","12.82","","-11.83%"
"12/20/2013","12.54","12.54","12.54","12.54","","-2.18%"
"12/23/2013","12.19","12.19","12.19","12.19","","-2.79%"
"12/27/2013","12.44","12.44","12.44","12.44","","2.05%"
"12/30/2013","13.16","13.16","13.16","13.16","","5.79%"
"01/02/2014","14.66","14.66","14.66","14.66","","11.40%"
"01/03/2014","14.01","14.01","14.01","14.01","","-4.43%"
"01/06/2014","14.04","14.04","14.04","14.04","","0.21%"
"01/07/2014","13.80","13.80","13.80","13.80","","-1.71%"
"01/08/2014","14.17","14.17","14.17","14.17","","2.68%"
"01/09/2014","14.18","14.18","14.18","14.18","","0.07%"
"01/10/2014","13.56","13.56","13.56","13.56","","-4.37%"
"01/13/2014","13.80","13.80","13.80","13.80","","1.77%"
"01/14/2014","13.81","13.81","13.81","13.81","","0.07%"
"01/15/2014","13.47","13.47","13.47","13.47","","-2.46%"
"01/16/2014","13.70","13.70","13.70","13.70","","1.71%"
"01/17/2014","13.25","13.25","13.25","13.25","","-3.28%"
"01/20/2014","13.40","13.40","13.40","13.40","","1.13%"
"01/21/2014","13.64","13.64","13.64","13.64","","1.79%"
"01/22/2014","13.82","13.82","13.82","13.82","","1.32%"
"01/23/2014","14.31","14.31","14.31","14.31","","3.55%"
"01/24/2014","14.31","14.31","14.31","14.31","","0.00%"
"01/27/2014","14.31","14.31","14.31","14.31","","0.00%"
"01/28/2014","14.31","14.31","14.31","14.31","","0.00%"
"01/29/2014","17.70","17.70","17.70","17.70","","23.69%"
"01/30/2014","17.11","17.11","17.11","17.11","","-3.33%"
"01/31/2014","17.70","17.70","17.70","17.70","","3.45%"
"02/03/2014","19.49","19.49","19.49","19.49","","10.11%"
"02/04/2014","19.12","19.12","19.12","19.12","","-1.90%"
"02/05/2014","18.99","18.99","18.99","18.99","","-0.68%"
"02/06/2014","17.28","17.28","17.28","17.28","","-9.00%"
"02/07/2014","16.13","16.13","16.13","16.13","","-6.66%"
"02/10/2014","16.07","16.07","16.07","16.07","","-0.37%"
"02/11/2014","14.73","14.73","14.73","14.73","","-8.34%"
"02/12/2014","14.84","14.84","14.84","14.84","","0.75%"
"02/13/2014","14.56","14.56","14.56","14.56","","-1.89%"
"02/14/2014","13.91","13.91","13.91","13.91","","-4.46%"
"02/17/2014","14.35","14.35","14.35","14.35","","3.16%"
"02/18/2014","14.37","14.37","14.37","14.37","","0.14%"
"02/19/2014","14.48","14.48","14.48","14.48","","0.77%"
"02/20/2014","14.61","14.61","14.61","14.61","","0.90%"
"02/21/2014","14.06","14.06","14.06","14.06","","-3.76%"
"02/24/2014","13.70","13.70","13.70","13.70","","-2.56%"
"02/25/2014","13.52","13.52","13.52","13.52","","-1.31%"
"02/26/2014","13.57","13.57","13.57","13.57","","0.37%"
"02/27/2014","14.28","14.28","14.28","14.28","","5.23%"
"02/28/2014","14.09","14.09","14.09","14.09","","-1.33%"
"03/03/2014","17.86","17.86","17.86","17.86","","26.76%"
"03/04/2014","15.46","15.46","15.46","15.46","","-13.44%"
"03/05/2014","15.77","15.77","15.77","15.77","","2.01%"
"03/06/2014","15.32","15.32","15.32","15.32","","-2.85%"
"03/07/2014","16.89","16.89","16.89","16.89","","10.25%"
"03/10/2014","17.37","17.37","17.37","17.37","","2.84%"
"03/11/2014","17.11","17.11","17.11","17.11","","-1.50%"
"03/12/2014","17.70","17.70","17.70","17.70","","3.45%"
"03/13/2014","18.82","18.82","18.82","18.82","","6.33%"
"03/14/2014","19.55","19.55","19.55","19.55","","3.88%"
"03/17/2014","18.20","18.20","18.20","18.20","","-6.91%"
"03/18/2014","17.47","17.47","17.47","17.47","","-4.01%"
"03/19/2014","17.32","17.32","17.32","17.32","","-0.86%"
"03/20/2014","16.51","16.51","16.51","16.51","","-4.68%"
"03/21/2014","15.58","15.58","15.58","15.58","","-5.63%"
"03/24/2014","17.28","17.28","17.28","17.28","","10.91%"
"03/25/2014","16.32","16.32","16.32","16.32","","-5.56%"
"03/26/2014","15.54","15.54","15.54","15.54","","-4.78%"
"03/27/2014","15.85","15.85","15.85","15.85","","1.99%"
"03/28/2014","15.09","15.09","15.09","15.09","","-4.79%"
"03/31/2014","15.50","15.50","15.50","15.50","","2.72%"
"04/01/2014","14.92","14.92","14.92","14.92","","-3.74%"
"04/02/2014","14.70","14.70","14.70","14.70","","-1.47%"
"04/03/2014","14.35","14.35","14.35","14.35","","-2.38%"
"04/04/2014","13.89","13.89","13.89","13.89","","-3.21%"
"04/07/2014","16.01","16.01","16.01","16.01","","15.26%"
"04/08/2014","15.74","15.74","15.74","15.74","","-1.69%"
"04/09/2014","15.28","15.28","15.28","15.28","","-2.92%"
"04/10/2014","15.72","15.72","15.72","15.72","","2.88%"
"04/11/2014","16.93","16.93","16.93","16.93","","7.70%"
"04/14/2014","17.13","17.13","17.13","17.13","","1.18%"
"04/15/2014","18.37","18.37","18.37","18.37","","7.24%"
"04/16/2014","16.82","16.82","16.82","16.82","","-8.44%"
"04/17/2014","16.08","16.08","16.08","16.08","","-4.40%"
"04/22/2014","15.33","15.33","15.33","15.33","","-4.66%"
"04/23/2014","15.64","15.64","15.64","15.64","","2.02%"
"04/24/2014","15.68","15.68","15.68","15.68","","0.26%"
"04/25/2014","17.06","17.06","17.06","17.06","","8.80%"
"04/28/2014","17.06","17.06","17.06","17.06","","0.00%"
"04/29/2014","15.62","15.62","15.62","15.62","","-8.44%"
"04/30/2014","15.41","15.41","15.41","15.41","","-1.34%"
"05/02/2014","16.10","16.10","16.10","16.10","","4.48%"
"05/05/2014","16.45","16.45","16.45","16.45","","2.17%"
"05/06/2014","17.19","17.19","17.19","17.19","","4.50%"
"05/07/2014","16.51","16.51","16.51","16.51","","-3.96%"
"05/08/2014","15.98","15.98","15.98","15.98","","-3.21%"
"05/09/2014","15.62","15.62","15.62","15.62","","-2.25%"
"05/12/2014","14.85","14.85","14.85","14.85","","-4.93%"
"05/13/2014","14.53","14.53","14.53","14.53","","-2.15%"
"05/14/2014","14.52","14.52","14.52","14.52","","-0.07%"
"05/15/2014","15.84","15.84","15.84","15.84","","9.09%"
"05/16/2014","15.78","15.78","15.78","15.78","","-0.38%"
"05/19/2014","15.41","15.41","15.41","15.41","","-2.34%"
"05/20/2014","15.27","15.27","15.27","15.27","","-0.91%"
"05/21/2014","14.67","14.67","14.67","14.67","","-3.93%"
"05/22/2014","14.37","14.37","14.37","14.37","","-2.04%"
"05/23/2014","14.36","14.36","14.36","14.36","","-0.07%"
"05/26/2014","13.80","13.80","13.80","13.80","","-3.90%"
"05/27/2014","13.88","13.88","13.88","13.88","","0.58%"
"05/28/2014","13.86","13.86","13.86","13.86","","-0.14%"
"05/29/2014","14.05","14.05","14.05","14.05","","1.37%"
"05/30/2014","14.10","14.10","14.10","14.10","","0.36%"
"06/02/2014","14.18","14.18","14.18","14.18","","0.57%"
"06/03/2014","14.55","14.55","14.55","14.55","","2.61%"
"06/04/2014","14.49","14.49","14.49","14.49","","-0.41%"
"06/05/2014","13.68","13.68","13.68","13.68","","-5.59%"
"06/06/2014","12.84","12.84","12.84","12.84","","-6.14%"
"06/09/2014","12.58","12.58","12.58","12.58","","-2.02%"
"06/10/2014","12.16","12.16","12.16","12.16","","-3.34%"
"06/11/2014","12.76","12.76","12.76","12.76","","4.93%"
"06/12/2014","12.48","12.48","12.48","12.48","","-2.19%"
"06/13/2014","12.85","12.85","12.85","12.85","","2.96%"
"06/16/2014","13.52","13.52","13.52","13.52","","5.21%"
"06/17/2014","13.05","13.05","13.05","13.05","","-3.48%"
"06/18/2014","12.98","12.98","12.98","12.98","","-0.54%"
"06/19/2014","11.97","11.97","11.97","11.97","","-7.78%"
"06/20/2014","11.58","11.58","11.58","11.58","","-3.26%"
"06/23/2014","12.39","12.39","12.39","12.39","","6.99%"
"06/24/2014","12.00","12.00","12.00","12.00","","-3.15%"
"06/25/2014","12.73","12.73","12.73","12.73","","6.08%"
"06/26/2014","13.12","13.12","13.12","13.12","","3.06%"
"06/27/2014","13.28","13.28","13.28","13.28","","1.22%"
"06/30/2014","13.19","13.19","13.19","13.19","","-0.68%"
"07/01/2014","12.54","12.54","12.54","12.54","","-4.93%"
"07/02/2014","12.13","12.13","12.13","12.13","","-3.27%"
"07/03/2014","10.88","10.88","10.88","10.88","","-10.31%"
"07/04/2014","10.80","10.80","10.80","10.80","","-0.74%"
"07/07/2014","11.80","11.80","11.80","11.80","","9.26%"
"07/08/2014","13.11","13.11","13.11","13.11","","11.10%"
"07/09/2014","12.76","12.76","12.76","12.76","","-2.67%"
"07/10/2014","13.97","13.97","13.97","13.97","","9.48%"
"07/11/2014","14.01","14.01","14.01","14.01","","0.29%"
"07/14/2014","13.21","13.21","13.21","13.21","","-5.71%"
"07/15/2014","13.81","13.81","13.81","13.81","","4.54%"
"07/16/2014","12.64","12.64","12.64","12.64","","-8.47%"
"07/17/2014","12.64","12.64","12.64","12.64","","0.00%"
"07/18/2014","14.18","14.18","14.18","14.18","","12.18%"
"07/21/2014","15.11","15.11","15.11","15.11","","6.56%"
"07/22/2014","13.80","13.80","13.80","13.80","","-8.67%"
"07/23/2014","13.50","13.50","13.50","13.50","","-2.17%"
"07/24/2014","13.13","13.13","13.13","13.13","","-2.74%"
"07/25/2014","14.34","14.34","14.34","14.34","","9.22%"
"07/28/2014","14.72","14.72","14.72","14.72","","2.65%"
"07/29/2014","14.17","14.17","14.17","14.17","","-3.74%"
"07/30/2014","14.78","14.78","14.78","14.78","","4.30%"
"07/31/2014","16.55","16.55","16.55","16.55","","11.98%"
"08/01/2014","17.53","17.53","17.53","17.53","","5.92%"
"08/04/2014","19.07","19.82","19.89","18.72","","8.78%"
"08/05/2014","18.37","18.65","18.65","18.06","","-3.67%"
"08/06/2014","19.12","18.90","19.89","18.59","","4.08%"
"08/07/2014","20.12","19.45","20.17","18.86","","5.23%"
"08/08/2014","20.68","21.28","21.71","20.27","","2.78%"
"08/11/2014","18.96","20.60","20.63","18.94","","-8.32%"
"08/12/2014","19.24","19.13","19.46","18.52","","1.48%"
"08/13/2014","18.07","18.87","18.91","18.06","","-6.08%"
"08/14/2014","17.20","18.22","18.36","17.00","","-4.81%"
"08/15/2014","20.26","16.95","20.26","15.63","","17.79%"
"08/18/2014","17.90","19.25","19.25","17.86","","-11.65%"
"08/19/2014","17.07","17.18","17.37","16.86","","-4.64%"
"08/20/2014","17.13","17.12","18.11","16.89","","0.35%"
"08/21/2014","16.21","17.23","17.42","16.04","","-5.37%"
"08/22/2014","17.28","16.18","18.10","15.94","","6.60%"
"08/25/2014","16.50","17.01","17.01","16.38","","-4.51%"
"08/26/2014","15.88","16.75","16.96","15.88","","-3.76%"
"08/27/2014","16.33","15.89","16.53","15.80","","2.83%"
"08/28/2014","17.66","16.64","18.27","16.63","","8.14%"
"08/29/2014","17.76","17.37","18.88","16.88","","0.57%"
"09/01/2014","18.04","18.10","18.82","18.03","","1.58%"
"09/02/2014","17.94","17.53","18.16","17.04","","-0.55%"
"09/03/2014","17.26","17.55","17.62","16.72","","-3.79%"
"09/04/2014","16.69","17.44","18.05","16.32","","-3.30%"
"09/05/2014","16.51","17.08","17.33","16.46","","-1.08%"
"09/08/2014","16.62","16.94","17.06","16.46","","0.67%"
"09/09/2014","16.24","16.50","16.53","16.15","","-2.29%"
"09/10/2014","16.30","16.54","16.84","16.30","","0.37%"
"09/11/2014","16.18","16.19","17.04","16.09","","-0.74%"
"09/12/2014","15.57","16.04","16.21","15.56","","-3.77%"
"09/15/2014","15.96","16.13","16.21","15.70","","2.50%"
"09/16/2014","16.27","16.14","16.77","16.10","","1.94%"
"09/17/2014","15.87","15.76","15.97","15.59","","-2.46%"
"09/18/2014","15.67","15.65","15.73","15.07","","-1.26%"
"09/19/2014","14.23","14.86","14.86","13.60","","-9.19%"
"09/22/2014","15.08","15.05","15.11","14.43","","5.97%"
"09/23/2014","16.54","15.41","16.54","15.32","","9.68%"
"09/24/2014","15.47","16.38","16.96","15.46","","-6.47%"
"09/25/2014","16.96","15.03","17.21","14.89","","9.63%"
"09/26/2014","17.22","17.35","17.63","16.61","","1.53%"
"09/29/2014","18.36","17.87","19.09","17.59","","6.62%"
"09/30/2014","17.34","18.15","18.27","17.28","","-5.56%"
"10/01/2014","18.16","17.45","18.46","17.04","","4.73%"
"10/02/2014","19.47","18.59","19.60","18.19","","7.21%"
"10/06/2014","19.12","19.84","19.86","18.46","","-1.80%"
"10/07/2014","19.49","19.44","19.60","18.94","","1.94%"
"10/08/2014","19.38","19.73","19.79","19.02","","-0.56%"
"10/09/2014","19.23","18.64","19.38","18.16","","-0.77%"
"10/10/2014","21.92","19.83","21.96","19.71","","13.99%"
"10/13/2014","22.29","22.73","22.84","21.55","","1.69%"
"10/14/2014","22.54","22.57","23.86","22.26","","1.12%"
"10/15/2014","26.47","22.53","26.48","22.20","","17.44%"
"10/16/2014","28.66","27.04","33.45","26.69","","8.27%"
"10/17/2014","22.19","27.81","27.83","21.92","","-22.58%"
"10/20/2014","23.14","22.58","24.12","22.55","","4.28%"
"10/21/2014","20.38","23.49","23.52","20.37","","-11.93%"
"10/22/2014","19.92","19.67","20.48","19.57","","-2.26%"
"10/23/2014","20.38","21.13","21.51","19.62","","2.31%"
"10/24/2014","21.21","21.00","21.77","20.50","","4.07%"
"10/27/2014","22.60","21.02","23.67","20.70","","6.55%"
"10/28/2014","19.93","21.75","21.75","19.92","","-11.81%"
"10/29/2014","20.14","19.10","20.15","19.09","","1.05%"
"10/30/2014","19.91","19.24","22.17","18.98","","-1.14%"
"10/31/2014","19.76","19.30","20.06","18.86","","-0.75%"
"11/03/2014","21.06","20.54","21.18","20.34","","6.58%"
"11/04/2014","21.84","20.94","21.84","20.25","","3.70%"
"11/05/2014","21.69","21.04","22.06","20.76","","-0.69%"
"11/06/2014","20.02","21.66","21.87","19.33","","-7.70%"
"11/07/2014","20.21","19.88","20.91","19.14","","0.95%"
"11/10/2014","18.90","20.50","20.50","18.87","","-6.48%"
"11/11/2014","17.98","18.32","18.69","17.96","","-4.87%"
"11/12/2014","20.26","18.20","20.34","18.20","","12.68%"
"11/13/2014","19.32","19.88","20.30","19.04","","-4.64%"
"11/14/2014","18.93","18.98","20.03","18.91","","-2.02%"
"11/17/2014","19.15","19.77","20.53","18.85","","1.16%"
"11/18/2014","18.13","18.93","18.99","17.73","","-5.33%"
"11/19/2014","18.58","18.24","18.77","17.80","","2.48%"
"11/20/2014","18.57","18.57","19.96","18.53","","-0.05%"
"11/21/2014","18.17","18.40","18.40","17.14","","-2.15%"
"11/24/2014","18.58","18.46","18.76","18.30","","2.26%"
"11/25/2014","18.25","18.58","18.59","17.72","","-1.78%"
"11/26/2014","17.61","18.08","18.51","17.61","","-3.51%"
"11/27/2014","17.66","17.57","17.73","17.16","","0.28%"
"11/28/2014","17.59","17.69","18.31","17.53","","-0.40%"
"12/01/2014","18.69","18.39","18.99","18.31","","6.25%"
"12/02/2014","18.70","18.48","18.86","18.14","","0.05%"
"12/03/2014","18.10","18.47","18.72","18.09","","-3.21%"
"12/04/2014","17.45","17.98","18.05","17.00","","-3.59%"
"12/05/2014","15.95","16.85","16.86","15.88","","-8.60%"
"12/08/2014","16.57","16.35","16.78","16.24","","3.89%"
"12/09/2014","19.90","17.57","19.91","17.39","","20.10%"
"12/10/2014","19.98","19.50","20.55","19.14","","0.40%"
"12/11/2014","19.58","19.94","20.96","19.45","","-2.00%"
"12/12/2014","23.25","20.40","23.26","20.26","","18.74%"
"12/15/2014","26.13","23.58","26.20","22.36","","12.39%"
"12/16/2014","24.42","25.67","27.47","24.35","","-6.54%"
"12/17/2014","24.04","24.49","25.45","23.91","","-1.56%"
"12/18/2014","20.58","22.71","22.75","20.45","","-14.39%"
"12/19/2014","20.58","19.65","21.18","19.51","","0.00%"
"12/22/2014","20.25","20.71","20.87","19.57","","-1.60%"
"12/23/2014","20.39","20.57","20.78","20.11","","0.69%"
"12/29/2014","22.22","22.01","23.28","22.00","","8.97%"
"12/30/2014","22.95","22.53","22.99","22.46","","3.29%"
"01/02/2015","24.16","23.78","24.88","23.44","","5.27%"
"01/05/2015","26.75","25.18","26.75","24.31","","10.72%"
"01/06/2015","25.39","26.58","27.44","23.98","","-5.08%"
"01/07/2015","25.42","25.23","25.50","24.47","","0.12%"
"01/08/2015","22.74","24.21","24.35","22.72","","-10.54%"
"01/09/2015","24.92","22.90","25.14","22.47","","9.59%"
"01/12/2015","25.43","24.59","27.01","24.20","","2.05%"
"01/13/2015","24.24","25.30","25.38","23.98","","-4.68%"
"01/14/2015","25.15","25.41","25.82","24.39","","3.75%"
"01/15/2015","24.94","24.28","27.32","24.22","","-0.83%"
"01/16/2015","25.51","25.27","26.88","25.11","","2.29%"
"01/19/2015","25.78","26.66","26.85","25.25","","1.06%"
"01/20/2015","25.24","25.34","25.40","24.43","","-2.09%"
"01/21/2015","24.10","25.29","26.40","24.01","","-4.52%"
"01/22/2015","21.88","24.07","24.71","21.69","","-9.21%"
"01/23/2015","22.15","21.22","22.75","20.64","","1.23%"
"01/26/2015","20.69","22.52","22.68","20.63","","-6.59%"
"01/27/2015","22.83","20.99","23.31","20.74","","10.34%"
"01/28/2015","21.70","22.35","23.31","21.39","","-4.95%"
"01/29/2015","22.30","21.95","23.30","21.94","","2.76%"
"01/30/2015","24.03","21.72","24.37","21.65","","7.76%"
"02/02/2015","24.06","24.14","25.20","23.80","","0.12%"
"02/03/2015","23.44","23.64","23.89","23.10","","-2.58%"
"02/04/2015","22.47","23.73","23.97","22.45","","-4.14%"
"02/05/2015","22.08","23.03","23.19","22.07","","-1.74%"
"02/06/2015","21.20","22.35","22.50","20.96","","-3.99%"
"02/09/2015","24.56","23.86","24.91","23.36","","15.85%"
"02/10/2015","23.92","24.45","24.99","23.32","","-2.61%"
"02/11/2015","24.19","23.85","24.76","23.85","","1.13%"
"02/12/2015","22.89","23.96","24.03","22.08","","-5.37%"
"02/13/2015","22.69","22.35","22.84","21.53","","-0.87%"
"02/16/2015","23.59","24.07","24.07","23.18","","3.97%"
"02/17/2015","23.33","23.83","24.97","22.80","","-1.10%"
"02/18/2015","22.22","22.59","22.59","21.91","","-4.76%"
"02/19/2015","21.46","22.23","23.37","21.37","","-3.42%"
"02/20/2015","22.27","21.70","23.80","21.04","","3.77%"
"02/23/2015","19.64","22.70","23.00","19.62","","-11.81%"
"02/24/2015","17.51","19.09","19.66","17.34","","-10.85%"
"02/25/2015","17.56","17.57","17.81","17.54","","0.29%"
"02/26/2015","16.83","17.49","17.49","16.72","","-4.16%"
"02/27/2015","16.72","16.65","17.39","16.57","","-0.65%"
"03/02/2015","17.50","16.97","17.78","16.59","","4.67%"
"03/03/2015","18.97","17.22","19.24","17.03","","8.40%"
"03/04/2015","18.42","18.57","20.35","18.36","","-2.90%"
"03/05/2015","17.79","17.94","18.13","17.41","","-3.42%"
"03/06/2015","18.04","17.80","18.16","17.18","","1.41%"
"03/09/2015","18.50","19.10","19.45","18.46","","2.55%"
"03/10/2015","19.49","18.64","20.26","18.64","","5.35%"
"03/11/2015","19.31","19.12","19.36","18.43","","-0.92%"
"03/12/2015","19.56","19.53","20.49","19.38","","1.29%"
"03/13/2015","19.49","19.46","19.95","18.78","","-0.36%"
"03/16/2015","21.38","19.63","21.41","19.54","","9.70%"
"03/17/2015","22.25","21.58","22.98","21.56","","4.07%"
"03/18/2015","22.30","22.44","23.65","21.96","","0.22%"
"03/19/2015","21.68","21.75","22.52","21.19","","-2.78%"
"03/20/2015","20.40","21.57","21.65","20.25","","-5.90%"
"03/23/2015","22.01","21.79","22.45","21.62","","7.89%"
"03/24/2015","19.45","22.14","22.14","19.37","","-11.63%"
"03/25/2015","20.24","19.50","20.69","19.33","","4.06%"
"03/26/2015","20.97","22.13","22.70","20.94","","3.61%"
"03/27/2015","21.41","20.50","21.80","20.39","","2.10%"
"03/30/2015","20.56","21.09","21.09","20.38","","-3.97%"
"03/31/2015","21.62","20.50","22.04","20.27","","5.16%"
"04/01/2015","22.05","22.32","22.54","21.00","","1.99%"
"04/02/2015","21.61","22.18","22.18","21.20","","-2.00%"
"04/07/2015","20.97","21.98","21.99","20.74","","-2.96%"
"04/08/2015","20.02","21.04","21.21","19.95","","-4.53%"
"04/09/2015","18.64","19.59","19.64","18.63","","-6.89%"
"04/10/2015","17.62","18.31","18.47","17.55","","-5.47%"
"04/13/2015","18.19","18.13","18.36","17.78","","3.23%"
"04/14/2015","19.14","18.62","19.68","18.45","","5.22%"
"04/15/2015","18.68","18.91","18.92","18.23","","-2.40%"
"04/16/2015","20.78","19.43","20.87","18.99","","11.24%"
"04/17/2015","24.48","20.98","24.75","20.74","","17.81%"
"04/20/2015","23.01","23.75","23.86","22.55","","-6.00%"
"04/21/2015","23.13","22.14","23.38","21.92","","0.52%"
"04/22/2015","23.59","22.58","24.54","22.21","","1.99%"
"04/23/2015","24.31","23.58","25.09","23.58","","3.05%"
"04/24/2015","23.93","24.13","24.89","23.37","","-1.56%"
"04/27/2015","22.76","24.58","25.49","22.70","","-4.89%"
"04/28/2015","23.74","23.16","24.23","22.67","","4.31%"
"04/29/2015","25.46","23.72","26.37","23.34","","7.25%"
"04/30/2015","25.62","25.91","26.29","24.37","","0.63%"
"05/04/2015","24.64","26.44","26.92","24.56","","-3.83%"
"05/05/2015","26.26","24.93","26.30","23.86","","6.57%"
"05/06/2015","25.87","25.99","26.62","25.24","","-1.49%"
"05/07/2015","24.99","26.76","26.90","24.89","","-3.40%"
"05/08/2015","22.05","24.45","24.55","21.76","","-11.76%"
"05/11/2015","22.85","22.92","23.84","22.82","","3.63%"
"05/12/2015","24.59","23.97","25.16","23.97","","7.61%"
"05/13/2015","24.44","24.18","24.53","23.17","","-0.61%"
"05/14/2015","22.85","25.19","25.23","22.64","","-6.51%"
"05/15/2015","23.36","22.66","24.31","21.83","","2.23%"
"05/18/2015","22.14","23.98","24.06","22.14","","-5.22%"
"05/19/2015","21.63","21.09","21.96","20.82","","-2.30%"
"05/20/2015","21.48","21.74","22.37","21.42","","-0.69%"
"05/21/2015","21.23","21.77","22.28","21.19","","-1.16%"
"05/22/2015","21.24","21.13","21.32","20.71","","0.05%"
"05/26/2015","23.88","22.03","24.20","22.03","","12.43%"
"05/27/2015","22.13","23.78","23.87","22.13","","-7.33%"
"05/28/2015","22.91","22.55","23.39","22.00","","3.52%"
"05/29/2015","24.84","23.10","24.99","23.03","","8.42%"
"06/01/2015","25.70","25.26","25.99","24.94","","3.46%"
"06/02/2015","25.88","25.79","26.57","25.49","","0.70%"
"06/03/2015","24.88","25.73","26.04","24.45","","-3.86%"
"06/04/2015","24.87","25.27","26.09","24.26","","-0.04%"
"06/05/2015","25.23","25.42","25.67","24.54","","1.45%"
"06/08/2015","25.18","25.99","26.30","25.02","","-0.20%"
"06/09/2015","24.87","25.02","26.13","24.56","","-1.23%"
"06/10/2015","23.40","24.75","24.75","23.13","","-5.91%"
"06/11/2015","23.33","23.24","23.59","22.56","","-0.30%"
"06/12/2015","25.00","23.59","25.94","23.55","","7.16%"
"06/15/2015","26.83","26.29","27.45","26.10","","7.32%"
"06/16/2015","27.47","27.54","28.52","27.27","","2.39%"
"06/17/2015","28.02","27.27","28.12","27.14","","2.00%"
"06/18/2015","27.05","28.08","29.56","27.04","","-3.46%"
"06/19/2015","28.21","27.00","28.41","26.85","","4.29%"
"06/22/2015","23.62","28.87","28.87","23.61","","-16.27%"
"06/23/2015","24.41","22.53","24.48","21.89","","3.34%"
"06/24/2015","25.24","24.12","26.19","24.01","","3.40%"
"06/25/2015","26.06","26.05","26.77","25.07","","3.25%"
"06/26/2015","26.86","26.93","27.76","25.71","","3.07%"
"06/29/2015","29.77","29.37","29.77","28.18","","10.83%"
"06/30/2015","30.74","30.20","30.97","29.54","","3.26%"
"07/01/2015","28.40","30.12","30.14","27.51","","-7.61%"
"07/02/2015","29.48","28.19","29.59","27.77","","3.80%"
"07/03/2015","29.91","29.89","32.05","29.75","","1.46%"
"07/06/2015","28.09","29.47","29.47","27.24","","-6.08%"
"07/07/2015","28.49","27.64","29.06","27.35","","1.42%"
"07/08/2015","29.00","28.69","30.29","28.54","","1.79%"
"07/09/2015","28.81","29.00","29.00","28.17","","-0.66%"
"07/10/2015","26.54","27.66","27.79","25.85","","-7.88%"
"07/13/2015","23.38","26.38","26.38","23.28","","-11.91%"
"07/14/2015","21.69","23.26","23.27","21.68","","-7.23%"
"07/15/2015","20.97","21.96","22.07","20.90","","-3.32%"
"07/16/2015","19.53","20.01","20.01","18.45","","-6.87%"
"07/17/2015","18.90","19.56","19.61","18.24","","-3.23%"
"07/20/2015","18.00","19.81","19.83","17.98","","-4.76%"
"07/21/2015","18.28","18.06","18.57","17.33","","1.56%"
"07/22/2015","18.66","18.67","18.87","18.06","","2.08%"
"07/23/2015","18.20","18.31","18.52","17.96","","-2.47%"
"07/24/2015","19.77","18.35","19.79","17.82","","8.63%"
"07/27/2015","22.23","20.80","22.23","20.52","","12.44%"
"07/28/2015","21.18","21.77","22.18","20.66","","-4.72%"
"07/29/2015","20.53","20.60","21.04","20.24","","-3.07%"
"07/30/2015","20.25","20.08","20.96","19.66","","-1.36%"
"07/31/2015","19.50","20.02","20.15","19.31","","-3.70%"
"08/03/2015","18.76","19.98","20.13","18.72","","-3.79%"
"08/04/2015","18.33","19.04","19.22","18.33","","-2.29%"
"08/05/2015","17.78","18.08","18.08","17.48","","-3.00%"
"08/06/2015","18.33","18.12","18.33","17.69","","3.09%"
"08/07/2015","18.39","18.77","18.85","17.88","","0.33%"
"08/10/2015","17.98","18.71","19.27","17.91","","-2.23%"
"08/11/2015","20.23","18.25","20.23","18.24","","12.51%"
"08/12/2015","23.59","21.40","24.27","21.40","","16.61%"
"08/13/2015","22.51","22.41","22.97","21.15","","-4.58%"
"08/14/2015","22.19","22.05","22.94","21.36","","-1.42%"
"08/17/2015","22.72","22.23","23.78","21.87","","2.39%"
"08/18/2015","22.70","22.89","23.02","22.35","","-0.09%"
"08/19/2015","23.86","23.24","23.96","23.02","","5.11%"
"08/20/2015","25.60","24.32","25.71","24.00","","7.29%"
"08/21/2015","29.20","26.72","29.21","25.71","","14.06%"
"08/24/2015","38.29","34.42","43.21","33.07","","31.13%"
"08/25/2015","32.05","36.24","36.24","31.69","","-16.30%"
"08/26/2015","33.30","34.61","34.62","31.76","","3.90%"
"08/27/2015","29.76","31.09","31.17","29.04","","-10.63%"
"08/28/2015","29.88","28.74","30.54","28.64","","0.40%"
"08/31/2015","30.22","30.40","31.69","30.06","","1.14%"
"09/01/2015","33.19","31.41","34.54","31.41","","9.83%"
"09/02/2015","32.12","31.90","33.40","31.37","","-3.22%"
"09/03/2015","28.62","30.51","30.51","27.97","","-10.90%"
"09/04/2015","33.43","30.27","33.83","30.23","","16.81%"
"09/07/2015","33.42","32.92","34.48","32.44","","-0.03%"
"09/08/2015","30.66","32.25","32.25","29.93","","-8.26%"
"09/09/2015","29.56","29.45","29.63","27.65","","-3.59%"
"09/10/2015","31.29","30.85","32.26","29.87","","5.85%"
"09/11/2015","31.02","31.00","32.38","30.52","","-0.86%"
"09/14/2015","30.86","31.14","31.75","30.29","","-0.52%"
"09/15/2015","29.23","30.68","31.46","28.94","","-5.28%"
"09/16/2015","27.47","28.16","28.24","27.35","","-6.02%"
"09/17/2015","26.97","27.61","28.14","26.97","","-1.82%"
"09/18/2015","27.27","26.68","29.34","25.98","","1.11%"
"09/21/2015","26.28","27.54","28.26","26.28","","-3.63%"
"09/22/2015","30.24","26.27","30.27","26.18","","15.07%"
"09/23/2015","29.72","30.44","30.69","28.79","","-1.72%"
"09/24/2015","31.87","29.33","32.91","28.83","","7.23%"
"09/25/2015","28.98","30.00","30.01","28.90","","-9.07%"
"09/28/2015","31.50","30.44","32.46","30.39","","8.70%"
"09/29/2015","32.26","33.28","33.28","31.59","","2.41%"
"09/30/2015","30.72","30.89","31.03","29.68","","-4.77%"
"10/01/2015","31.43","29.68","31.94","29.38","","2.31%"
"10/02/2015","30.62","30.41","32.01","29.50","","-2.58%"
"10/05/2015","28.26","30.22","30.43","28.09","","-7.71%"
"10/06/2015","26.01","28.38","28.74","25.91","","-7.96%"
"10/07/2015","25.87","25.52","25.93","24.22","","-0.54%"
"10/08/2015","24.53","25.74","26.41","24.45","","-5.18%"
"10/09/2015","23.05","23.98","23.98","23.00","","-6.03%"
"10/12/2015","22.26","23.65","23.68","22.26","","-3.43%"
"10/13/2015","23.05","22.79","24.21","22.74","","3.55%"
"10/14/2015","24.15","24.22","24.66","23.14","","4.77%"
"10/15/2015","22.90","23.37","23.46","22.60","","-5.18%"
"10/16/2015","22.39","22.49","22.74","21.71","","-2.23%"
"10/19/2015","22.13","22.53","23.10","22.09","","-1.16%"
"10/20/2015","21.48","22.11","22.90","21.43","","-2.94%"
"10/21/2015","21.24","21.68","22.64","20.78","","-1.12%"
"10/22/2015","20.17","21.66","21.71","19.64","","-5.04%"
"10/23/2015","20.44","19.65","20.79","19.40","","1.34%"
"10/26/2015","21.97","21.04","22.54","21.03","","7.49%"
"10/27/2015","21.70","22.37","22.38","21.65","","-1.23%"
"10/28/2015","21.80","21.95","22.06","21.53","","0.46%"
"10/29/2015","22.05","21.51","22.51","21.49","","1.15%"
"10/30/2015","21.30","21.66","21.97","21.22","","-3.40%"
"11/02/2015","21.79","22.39","22.40","21.62","","2.30%"
"11/03/2015","21.49","21.78","22.22","21.48","","-1.38%"
"11/04/2015","22.29","21.65","22.50","21.34","","3.72%"
"11/05/2015","22.44","22.41","22.98","22.17","","0.67%"
"11/06/2015","21.81","22.87","23.03","21.79","","-2.81%"
"11/09/2015","22.93","22.43","22.94","21.68","","5.14%"
"11/10/2015","23.44","23.09","23.97","22.66","","2.22%"
"11/11/2015","22.81","22.91","23.32","22.30","","-2.69%"
"11/12/2015","23.89","23.18","24.57","22.49","","4.73%"
"11/13/2015","24.41","24.42","25.57","24.18","","2.18%"
"11/16/2015","25.24","25.82","25.92","24.83","","3.40%"
"11/17/2015","23.62","24.34","24.38","23.50","","-6.42%"
"11/18/2015","24.12","24.05","24.63","23.64","","2.12%"
"11/19/2015","23.26","23.37","23.53","22.91","","-3.57%"
"11/20/2015","22.41","23.23","23.40","22.35","","-3.65%"
"11/23/2015","22.93","23.01","23.41","22.85","","2.32%"
"11/24/2015","24.53","23.54","25.15","23.54","","6.98%"
"11/25/2015","23.62","24.18","24.19","23.06","","-3.71%"
"11/26/2015","23.05","22.99","23.41","22.91","","-2.41%"
"11/27/2015","23.00","23.49","23.50","22.95","","-0.22%"
"11/30/2015","23.61","23.70","23.86","23.38","","2.65%"
"12/01/2015","23.68","23.63","24.21","23.34","","0.30%"
"12/02/2015","22.97","23.61","23.82","22.84","","-3.00%"
"12/03/2015","22.72","22.84","24.25","21.97","","-1.09%"
"12/04/2015","22.49","22.44","23.49","22.25","","-1.01%"
"12/07/2015","22.03","22.70","22.72","21.31","","-2.05%"
"12/08/2015","23.39","22.06","23.81","21.89","","6.17%"
"12/09/2015","24.22","23.49","24.62","23.28","","3.55%"
"12/10/2015","24.31","24.75","24.94","24.06","","0.37%"
"12/11/2015","26.04","24.40","26.96","24.16","","7.12%"
"12/14/2015","29.37","26.61","29.51","26.19","","12.79%"
"12/15/2015","26.87","28.34","28.34","26.51","","-8.51%"
"12/16/2015","25.58","26.85","27.03","25.26","","-4.80%"
"12/17/2015","22.75","22.95","23.15","21.69","","-11.06%"
"12/18/2015","23.43","23.49","23.96","22.52","","2.99%"
"12/21/2015","23.80","23.79","23.87","22.62","","1.58%"
"12/22/2015","22.80","23.33","24.56","22.63","","-4.20%"
"12/23/2015","20.65","21.94","21.95","20.59","","-9.43%"
"12/28/2015","22.61","22.22","23.06","22.14","","9.49%"
"12/29/2015","21.79","22.34","22.42","21.71","","-3.63%"
"12/30/2015","22.62","21.94","22.72","21.93","","3.81%"
"01/04/2016","27.40","27.61","27.86","26.53","","21.13%"
"01/05/2016","26.85","26.60","27.97","26.27","","-2.01%"
"01/06/2016","27.05","26.79","28.70","26.79","","0.74%"
"01/07/2016","29.72","28.85","30.88","28.82","","9.87%"
"01/08/2016","29.92","29.37","29.93","27.61","","0.67%"
"01/11/2016","30.37","31.00","31.31","29.61","","1.50%"
"01/12/2016","28.73","29.97","29.99","28.02","","-5.40%"
"01/13/2016","28.57","27.51","29.08","26.99","","-0.56%"
"01/14/2016","30.37","29.92","33.05","29.89","","6.30%"
"01/15/2016","34.08","31.17","35.65","30.80","","12.22%"
"01/18/2016","33.98","33.45","35.81","32.51","","-0.29%"
"01/19/2016","30.89","31.58","32.48","30.64","","-9.09%"
"01/20/2016","34.79","34.62","35.75","33.29","","12.63%"
"01/21/2016","31.83","33.87","34.82","31.47","","-8.51%"
"01/22/2016","28.48","30.41","30.79","27.89","","-10.52%"
"01/25/2016","28.64","29.27","29.78","28.38","","0.56%"
"01/26/2016","28.05","30.30","30.97","27.73","","-2.06%"
"01/27/2016","27.71","28.80","29.17","27.65","","-1.21%"
"01/28/2016","29.66","27.43","30.20","27.04","","7.04%"
"01/29/2016","27.51","28.74","28.97","27.19","","-7.25%"
"02/01/2016","27.72","28.12","28.79","27.53","","0.76%"
"02/02/2016","29.25","28.25","29.83","28.09","","5.52%"
"02/03/2016","30.88","29.95","31.75","29.10","","5.57%"
"02/04/2016","29.44","30.27","31.42","28.91","","-4.66%"
"02/05/2016","30.03","29.55","30.33","28.58","","2.00%"
"02/08/2016","33.74","31.36","34.12","30.65","","12.35%"
"02/09/2016","33.52","33.52","36.19","33.36","","-0.65%"
"02/10/2016","32.08","33.28","33.70","30.90","","-4.30%"
"02/11/2016","36.36","34.60","38.07","34.60","","13.34%"
"02/12/2016","34.23","35.24","35.78","34.21","","-5.86%"
"02/15/2016","32.28","33.54","33.54","31.85","","-5.70%"
"02/16/2016","32.21","31.98","32.62","31.12","","-0.22%"
"02/17/2016","28.86","30.99","30.99","28.71","","-10.40%"
"02/18/2016","28.95","28.57","29.38","27.96","","0.31%"
"02/19/2016","29.59","28.99","29.96","28.45","","2.21%"
"02/22/2016","28.25","29.17","29.17","28.23","","-4.53%"
"02/23/2016","29.14","28.97","29.28","28.21","","3.15%"
"02/24/2016","31.63","29.57","32.04","29.54","","8.54%"
"02/25/2016","29.61","30.78","31.12","29.27","","-6.39%"
"02/26/2016","27.92","28.33","28.54","27.49","","-5.71%"
"02/29/2016","28.91","29.52","30.52","28.67","","3.55%"
"03/01/2016","27.52","28.50","28.69","27.48","","-4.81%"
"03/02/2016","26.33","27.08","27.34","26.32","","-4.32%"
"03/03/2016","25.89","25.98","26.33","25.44","","-1.67%"
"03/04/2016","23.87","25.65","25.65","23.47","","-7.80%"
"03/07/2016","25.40","24.97","25.57","24.56","","6.41%"
"03/08/2016","27.15","26.56","27.61","25.96","","6.89%"
"03/09/2016","27.14","26.86","27.74","26.41","","-0.04%"
"03/10/2016","27.68","27.66","27.99","23.70","","1.99%"
"03/11/2016","23.59","25.92","25.92","23.55","","-14.78%"
"03/14/2016","22.71","23.48","23.69","22.63","","-3.73%"
"03/15/2016","22.60","23.36","23.49","22.46","","-0.48%"
"03/16/2016","22.47","22.14","23.50","21.91","","-0.58%"
"03/17/2016","22.19","21.38","24.09","21.08","","-1.25%"
"03/18/2016","20.36","22.55","22.66","20.16","","-8.25%"
"03/21/2016","22.66","21.30","22.87","20.42","","11.30%"
"03/22/2016","22.44","23.57","24.90","22.44","","-0.97%"
"03/23/2016","22.42","21.97","23.06","21.43","","-0.09%"
"03/24/2016","24.66","23.73","24.90","23.42","","9.99%"
"03/29/2016","25.16","25.08","26.23","24.71","","2.03%"
"03/30/2016","23.18","24.10","24.11","23.00","","-7.87%"
"03/31/2016","23.59","23.55","24.05","23.46","","1.77%"
"04/01/2016","24.85","25.01","26.03","24.50","","5.34%"
"04/04/2016","24.69","26.01","26.04","24.57","","-0.64%"
"04/05/2016","26.41","26.12","26.73","25.93","","6.97%"
"04/06/2016","25.15","26.25","26.51","24.96","","-4.77%"
"04/07/2016","26.17","24.67","26.23","24.18","","4.06%"
"04/08/2016","24.65","25.54","25.54","24.36","","-5.81%"
"04/11/2016","24.81","26.00","26.12","24.42","","0.65%"
"04/12/2016","24.11","24.82","25.64","24.07","","-2.82%"
"04/13/2016","22.79","23.53","23.56","22.79","","-5.47%"
"04/14/2016","22.40","22.56","23.02","22.22","","-1.71%"
"04/15/2016","22.34","22.61","22.95","21.92","","-0.27%"
"04/18/2016","22.55","23.74","23.78","22.26","","0.94%"
"04/19/2016","21.13","22.15","22.16","20.68","","-6.30%"
"04/20/2016","20.39","21.48","21.56","20.35","","-3.50%"
"04/21/2016","21.04","20.85","22.11","20.85","","3.19%"
"04/22/2016","21.66","21.89","22.41","21.44","","2.95%"
"04/25/2016","22.60","22.51","23.51","22.40","","4.34%"
"04/26/2016","21.41","22.08","22.09","20.99","","-5.27%"
"04/27/2016","20.92","21.14","21.73","20.71","","-2.29%"
"04/28/2016","20.30","21.08","22.01","20.20","","-2.96%"
"04/29/2016","23.02","20.97","23.24","20.97","","13.40%"
"05/02/2016","24.29","24.10","24.40","23.53","","5.52%"
"05/03/2016","25.31","25.08","25.92","25.03","","4.20%"
"05/04/2016","25.86","25.32","26.20","25.00","","2.17%"
"05/05/2016","24.83","25.40","25.43","24.31","","-3.98%"
"05/06/2016","23.40","25.14","25.15","23.12","","-5.76%"
"05/09/2016","23.17","23.94","24.08","22.55","","-0.98%"
"05/10/2016","22.03","22.66","22.95","21.91","","-4.92%"
"05/11/2016","22.21","22.03","22.76","22.03","","0.82%"
"05/12/2016","22.95","22.88","23.26","21.49","","3.33%"
"05/13/2016","22.08","23.50","23.79","21.83","","-3.79%"
"05/17/2016","23.05","21.85","23.25","21.69","","4.39%"
"05/18/2016","22.31","23.63","23.73","22.27","","-3.21%"
"05/19/2016","23.67","23.43","23.75","22.57","","6.10%"
"05/20/2016","22.00","22.96","23.36","21.93","","-7.06%"
"05/23/2016","22.75","23.96","24.01","22.59","","3.41%"
"05/24/2016","21.04","23.47","23.49","21.00","","-7.52%"
"05/25/2016","20.25","20.82","20.89","20.19","","-3.75%"
"05/26/2016","20.17","20.20","20.46","19.85","","-0.40%"
"05/27/2016","19.67","20.33","20.45","19.57","","-2.48%"
"05/30/2016","20.21","20.54","20.59","20.18","","2.75%"
"05/31/2016","21.22","20.53","21.46","20.42","","5.00%"
"06/01/2016","22.59","21.62","22.81","21.49","","6.46%"
"06/02/2016","21.96","22.55","22.84","21.92","","-2.79%"
"06/03/2016","22.46","21.85","23.24","21.18","","2.28%"
"06/06/2016","22.79","23.39","23.41","22.73","","1.47%"
"06/07/2016","22.18","22.30","22.41","21.78","","-2.68%"
"06/08/2016","23.18","22.92","23.29","22.45","","4.51%"
"06/09/2016","24.56","23.83","24.80","23.83","","5.95%"
"06/10/2016","28.18","25.78","28.30","25.78","","14.74%"
"06/13/2016","32.03","31.80","32.62","31.26","","13.66%"
"06/14/2016","34.97","34.32","34.99","33.10","","9.18%"
"06/15/2016","34.77","34.09","35.00","33.44","","-0.57%"
"06/16/2016","37.39","35.57","39.23","35.37","","7.54%"
"06/17/2016","35.40","36.30","36.30","34.74","","-5.32%"
"06/20/2016","31.73","33.81","33.81","30.85","","-10.37%"
"06/21/2016","32.36","31.66","32.44","30.68","","1.99%"
"06/22/2016","34.07","32.44","34.88","32.44","","5.28%"
"06/23/2016","30.41","34.38","34.63","28.42","","-10.74%"
"06/24/2016","32.52","38.04","38.31","29.53","","6.94%"
"06/27/2016","32.23","32.73","33.29","31.36","","-0.89%"
"06/28/2016","28.28","30.01","30.05","27.07","","-12.26%"
"06/29/2016","26.79","26.97","27.06","25.67","","-5.27%"
"06/30/2016","24.71","27.12","27.21","24.43","","-7.76%"
"07/01/2016","23.54","24.35","25.09","23.46","","-4.73%"
"07/04/2016","23.95","23.99","24.13","23.52","","1.74%"
"07/05/2016","25.53","24.88","26.18","24.70","","6.60%"
"07/06/2016","26.92","25.62","27.94","25.18","","5.44%"
"07/07/2016","25.36","25.78","26.27","24.89","","-5.79%"
"07/08/2016","23.34","25.21","25.25","23.34","","-7.97%"
"07/11/2016","22.10","23.48","23.67","21.83","","-5.31%"
"07/12/2016","21.29","21.81","21.82","20.05","","-3.67%"
"07/13/2016","21.96","21.27","22.16","21.00","","3.15%"
"07/14/2016","20.27","21.02","21.37","19.90","","-7.70%"
"07/15/2016","20.08","20.58","21.03","19.87","","-0.94%"
"07/18/2016","19.86","20.23","21.18","19.79","","-1.10%"
"07/19/2016","19.99","20.20","21.30","19.92","","0.65%"
"07/20/2016","19.25","20.04","20.11","18.94","","-3.70%"
"07/21/2016","18.23","19.74","20.14","18.18","","-5.30%"
"07/22/2016","18.03","18.80","18.99","17.73","","-1.10%"
"07/25/2016","19.00","18.69","19.18","18.37","","5.38%"
"07/26/2016","19.05","19.01","19.73","18.82","","0.26%"
"07/27/2016","19.23","18.69","19.43","18.15","","0.94%"
"07/28/2016","19.93","19.29","19.98","18.89","","3.64%"
"07/29/2016","19.06","19.82","19.84","18.92","","-4.37%"
"08/01/2016","19.02","18.87","20.10","18.59","","-0.21%"
"08/02/2016","21.16","19.65","21.44","19.65","","11.25%"
"08/03/2016","20.96","21.13","22.20","20.79","","-0.95%"
"08/04/2016","19.55","20.23","20.69","19.33","","-6.73%"
"08/05/2016","17.85","18.98","19.15","17.78","","-8.70%"
"08/08/2016","17.72","18.01","18.14","17.33","","-0.73%"
"08/09/2016","17.94","17.53","17.94","17.03","","1.24%"
"08/10/2016","18.47","18.01","18.76","17.38","","2.95%"
"08/11/2016","17.89","18.57","19.21","17.87","","-3.14%"
"08/12/2016","17.70","17.88","18.34","17.70","","-1.06%"
"08/15/2016","18.40","18.25","18.64","17.79","","3.95%"
"08/16/2016","19.39","19.31","19.82","18.65","","5.38%"
"08/17/2016","20.39","19.86","20.77","19.35","","5.16%"
"08/18/2016","19.27","19.95","19.96","19.03","","-5.49%"
"08/19/2016","19.98","19.70","20.52","19.47","","3.68%"
"08/22/2016","20.87","20.85","21.56","19.68","","4.45%"
"08/23/2016","19.60","20.20","20.43","19.28","","-6.09%"
"08/24/2016","19.25","20.12","20.13","19.02","","-1.79%"
"08/25/2016","19.79","20.11","20.58","19.68","","2.81%"
"08/26/2016","18.98","19.96","20.33","18.87","","-4.09%"
"08/29/2016","19.61","19.87","20.66","19.54","","3.32%"
"08/30/2016","18.72","19.42","19.45","18.67","","-4.54%"
"08/31/2016","18.88","19.07","19.26","18.55","","0.85%"
"09/01/2016","19.49","18.73","19.83","18.41","","3.23%"
"09/02/2016","17.53","19.16","19.43","17.49","","-10.06%"
"09/05/2016","17.91","17.92","18.16","17.82","","2.17%"
"09/06/2016","17.93","17.80","18.03","17.21","","0.11%"
"09/07/2016","17.55","17.98","18.44","17.50","","-2.12%"
"09/08/2016","17.03","17.74","17.98","16.93","","-2.96%"
"09/09/2016","18.39","17.18","18.53","16.67","","7.99%"
"09/12/2016","20.46","21.04","21.81","20.43","","11.26%"
"09/13/2016","21.21","19.68","21.21","19.67","","3.67%"
"09/14/2016","20.50","20.93","21.44","20.25","","-3.35%"
"09/15/2016","18.98","20.06","20.28","18.94","","-7.41%"
"09/16/2016","19.82","19.11","20.34","18.64","","4.43%"
"09/19/2016","18.76","19.67","19.68","18.71","","-5.35%"
"09/20/2016","19.05","18.74","19.12","18.24","","1.55%"
"09/21/2016","18.34","18.02","18.49","17.59","","-3.73%"
"09/22/2016","15.82","16.98","17.18","15.70","","-13.74%"
"09/23/2016","15.67","15.80","16.02","15.42","","-0.95%"
"09/26/2016","19.04","17.70","19.06","17.70","","21.51%"
"09/27/2016","19.59","18.38","20.63","18.30","","2.89%"
"09/28/2016","18.70","18.59","19.13","18.18","","-4.54%"
"09/29/2016","19.13","17.87","19.31","17.55","","2.30%"
"09/30/2016","18.84","22.55","23.06","18.73","","-1.52%"
"10/04/2016","18.44","19.14","19.25","18.26","","-2.12%"
"10/05/2016","18.53","19.40","19.65","18.30","","0.49%"
"10/06/2016","18.36","18.45","19.10","18.26","","-0.92%"
"10/07/2016","19.24","19.22","19.74","18.65","","4.79%"
"10/10/2016","18.77","19.96","20.42","18.71","","-2.44%"
"10/11/2016","19.16","18.95","19.17","18.09","","2.08%"
"10/12/2016","19.37","19.10","19.65","18.92","","1.10%"
"10/13/2016","20.15","20.77","20.95","20.13","","4.03%"
"10/14/2016","18.83","19.52","19.52","18.54","","-6.55%"
"10/17/2016","20.09","20.14","20.39","19.62","","6.69%"
"10/18/2016","18.60","19.42","19.43","18.60","","-7.42%"
"10/19/2016","17.53","18.79","18.86","17.43","","-5.75%"
"10/20/2016","16.91","17.80","17.86","16.75","","-3.54%"
"10/21/2016","16.37","16.82","17.06","16.37","","-3.19%"
"10/24/2016","17.27","16.85","17.29","16.64","","5.50%"
"10/25/2016","17.85","17.21","17.95","16.85","","3.36%"
"10/26/2016","18.16","17.90","18.73","17.89","","1.74%"
"10/27/2016","18.03","18.60","18.76","17.78","","-0.72%"
"10/28/2016","18.60","19.32","19.47","18.39","","3.16%"
"10/31/2016","20.53","20.06","20.88","20.06","","10.38%"
"11/01/2016","22.78","20.42","22.82","20.10","","10.96%"
"11/02/2016","23.05","23.80","23.84","22.51","","1.19%"
"11/03/2016","23.81","22.91","23.84","22.57","","3.30%"
"11/04/2016","24.59","24.52","25.19","24.40","","3.28%"
"11/07/2016","23.80","23.74","24.00","22.49","","-3.21%"
"11/08/2016","24.67","23.42","25.21","23.16","","3.66%"
"11/09/2016","20.37","23.45","23.52","20.29","","-17.43%"
"11/10/2016","20.11","19.37","20.69","18.75","","-1.28%"
"11/11/2016","20.56","19.87","21.11","19.71","","2.24%"
"11/14/2016","20.58","20.15","21.24","19.92","","0.10%"
"11/15/2016","19.34","20.12","20.52","19.32","","-6.03%"
"11/16/2016","19.68","19.02","20.70","18.74","","1.76%"
"11/17/2016","18.78","19.86","19.97","18.77","","-4.57%"
"11/18/2016","19.04","18.85","19.39","18.51","","1.38%"
"11/21/2016","19.23","19.68","19.73","18.79","","1.00%"
"11/22/2016","18.90","18.99","19.08","18.68","","-1.72%"
"11/23/2016","18.81","19.00","19.53","18.69","","-0.48%"
"11/24/2016","18.67","18.59","18.96","18.52","","-0.74%"
"11/25/2016","18.99","18.71","19.39","18.67","","1.71%"
"11/28/2016","20.92","20.27","21.14","20.13","","10.16%"
"11/29/2016","20.31","21.09","21.10","20.22","","-2.92%"
"11/30/2016","19.90","20.07","20.28","19.51","","-2.02%"
"12/01/2016","20.95","20.53","21.02","20.01","","5.28%"
"12/02/2016","20.65","21.40","21.91","20.53","","-1.43%"
"12/05/2016","17.86","19.52","19.53","17.86","","-13.51%"
"12/06/2016","16.80","17.65","17.68","16.75","","-5.94%"
"12/07/2016","16.43","16.76","16.76","16.21","","-2.20%"
"12/08/2016","15.97","16.51","17.28","15.82","","-2.80%"
"12/09/2016","16.34","16.36","16.50","15.87","","2.32%"
"12/12/2016","16.63","16.78","16.89","16.43","","1.77%"
"12/13/2016","16.51","16.51","16.58","16.21","","-0.72%"
"12/14/2016","16.67","16.76","16.96","16.63","","0.97%"
"12/15/2016","15.38","15.38","15.42","14.97","","-7.74%"
"12/16/2016","14.73","15.25","15.27","14.49","","-4.23%"
"12/19/2016","15.01","15.50","15.50","14.92","","1.90%"
"12/20/2016","14.94","14.73","14.97","14.61","","-0.47%"
"12/21/2016","14.98","15.07","15.13","14.62","","0.27%"
"12/22/2016","14.90","15.07","15.07","14.75","","-0.53%"
"12/23/2016","15.11","14.88","15.52","14.78","","1.41%"
"12/27/2016","16.52","16.46","16.62","16.35","","9.33%"
"12/28/2016","16.94","16.73","17.10","16.72","","2.54%"
"12/29/2016","17.60","17.41","17.67","17.30","","3.90%"
"12/30/2016","17.85","17.85","18.04","17.69","","1.42%"
"01/02/2017","17.79","18.95","18.95","17.63","","-0.34%"
"01/03/2017","17.29","17.69","17.97","17.29","","-2.81%"
"01/04/2017","16.39","17.24","17.36","16.39","","-5.21%"
"01/05/2017","15.79","16.51","16.51","15.78","","-3.66%"
"01/06/2017","15.13","16.01","16.02","15.02","","-4.18%"
"01/09/2017","15.14","15.81","16.01","15.14","","0.07%"
"01/10/2017","15.05","15.14","15.23","14.58","","-0.59%"
"01/11/2017","15.36","15.14","15.78","15.01","","2.06%"
"01/12/2017","16.06","15.41","16.32","15.41","","4.56%"
"01/13/2017","14.69","15.69","15.69","14.69","","-8.53%"
"01/16/2017","15.33","15.50","15.75","15.26","","4.36%"
"01/17/2017","15.42","15.79","16.46","15.30","","0.59%"
"01/18/2017","14.59","15.40","15.47","14.59","","-5.38%"
"01/19/2017","14.51","14.72","14.75","14.15","","-0.55%"
"01/20/2017","14.23","14.92","14.96","14.18","","-1.93%"
"01/23/2017","16.35","15.70","16.67","14.86","","14.90%"
"01/24/2017","15.75","16.27","16.47","15.73","","-3.67%"
"01/25/2017","15.06","15.42","15.44","14.92","","-4.38%"
"01/26/2017","14.97","15.02","15.22","14.79","","-0.60%"
"01/27/2017","15.16","15.00","15.34","14.82","","1.27%"
"01/30/2017","16.71","16.00","16.98","16.00","","10.22%"
"01/31/2017","17.16","16.61","17.18","15.76","","2.69%"
"02/01/2017","16.45","16.48","16.76","15.89","","-4.14%"
"02/02/2017","15.96","16.46","16.49","15.84","","-2.98%"
"02/03/2017","15.08","15.66","15.67","14.98","","-5.51%"
"02/06/2017","16.55","15.95","16.75","15.31","","9.75%"
"02/07/2017","16.78","16.62","16.83","15.98","","1.39%"
"02/08/2017","16.59","16.53","17.62","16.44","","-1.13%"
"02/09/2017","15.26","16.29","16.42","15.21","","-8.02%"
"02/10/2017","14.78","15.00","15.05","14.65","","-3.15%"
"02/13/2017","14.38","15.00","15.02","14.28","","-2.71%"
"02/14/2017","14.16","14.48","14.58","14.05","","-1.53%"
"02/15/2017","14.10","13.96","14.39","13.78","","-0.42%"
"02/16/2017","14.90","14.18","14.95","14.17","","5.67%"
"02/17/2017","14.32","14.78","15.20","14.29","","-3.89%"
"02/20/2017","14.14","14.26","14.37","14.13","","-1.26%"
"02/21/2017","14.08","14.37","14.57","13.86","","-0.42%"
"02/22/2017","14.12","13.99","14.72","13.88","","0.28%"
"02/23/2017","14.82","14.20","14.83","13.87","","4.96%"
"02/24/2017","15.29","14.69","16.62","14.68","","3.17%"
"02/27/2017","15.54","15.66","15.95","15.51","","1.64%"
"02/28/2017","15.74","15.70","15.99","15.54","","1.29%"
"03/01/2017","14.61","15.11","15.13","14.49","","-7.18%"
"03/02/2017","14.49","14.76","14.87","14.44","","-0.82%"
"03/03/2017","14.40","14.72","14.73","14.25","","-0.62%"
"03/06/2017","14.88","15.08","15.31","14.70","","3.33%"
"03/07/2017","14.46","14.82","14.87","14.20","","-2.82%"
"03/08/2017","14.20","14.31","14.60","13.88","","-1.80%"
"03/09/2017","14.25","14.56","14.76","14.19","","0.35%"
"03/10/2017","14.62","14.39","14.72","14.06","","2.60%"
"03/13/2017","14.70","15.15","15.16","14.64","","0.55%"
"03/14/2017","14.94","14.75","15.27","14.56","","1.63%"
"03/15/2017","14.58","14.75","14.80","14.18","","-2.41%"
"03/16/2017","11.70","11.68","12.36","11.67","","-19.75%"
"03/17/2017","11.03","11.77","11.78","10.73","","-5.73%"
"03/20/2017","12.42","12.36","12.46","12.08","","12.60%"
"03/21/2017","13.63","12.34","13.93","12.08","","9.74%"
"03/22/2017","14.13","14.93","15.19","13.92","","3.67%"
"03/23/2017","14.34","14.43","14.52","14.11","","1.49%"
"03/24/2017","14.85","14.69","15.03","14.46","","3.56%"
"03/27/2017","15.59","16.31","16.53","15.59","","4.98%"
"03/28/2017","14.78","15.39","15.39","14.62","","-5.20%"
"03/29/2017","14.78","14.78","15.20","14.69","","0.00%"
"03/30/2017","14.81","14.89","15.07","14.79","","0.20%"
"03/31/2017","14.95","15.08","15.40","14.83","","0.95%"
"04/03/2017","16.34","15.96","16.40","15.75","","9.30%"
"04/04/2017","16.24","16.50","16.60","16.09","","-0.61%"
"04/05/2017","16.72","16.32","16.73","16.07","","2.96%"
"04/06/2017","17.11","17.50","17.65","16.73","","2.33%"
"04/07/2017","17.84","17.83","18.14","17.73","","4.27%"
"04/10/2017","19.63","18.78","19.76","18.74","","10.03%"
"04/11/2017","20.56","20.23","21.46","20.00","","4.74%"
"04/12/2017","19.98","20.34","20.37","19.64","","-2.82%"
"04/13/2017","20.63","20.67","20.83","19.99","","3.25%"
"04/18/2017","22.47","21.92","23.47","21.92","","8.92%"
"04/19/2017","21.17","22.55","22.62","21.17","","-5.79%"
"04/20/2017","21.31","21.19","21.55","20.39","","0.66%"
"04/21/2017","21.34","21.75","22.17","21.07","","0.14%"
"04/24/2017","14.74","16.53","16.64","14.60","","-30.93%"
"04/25/2017","13.80","14.20","14.29","13.73","","-6.38%"
"04/26/2017","13.50","13.67","13.67","13.12","","-2.17%"
"04/27/2017","13.91","13.68","13.94","13.65","","3.04%"
"04/28/2017","14.37","13.91","14.55","13.86","","3.31%"
"05/02/2017","14.53","14.98","15.01","14.52","","1.11%"
"05/03/2017","15.11","14.70","15.17","14.68","","3.99%"
"05/04/2017","14.53","14.92","14.92","14.33","","-3.84%"
"05/05/2017","15.45","14.60","15.78","14.51","","6.33%"
"05/08/2017","13.23","13.97","13.97","12.64","","-14.37%"
"05/09/2017","12.96","12.95","13.00","12.43","","-2.04%"
"05/10/2017","13.11","13.07","13.26","12.97","","1.16%"
"05/11/2017","13.16","13.18","13.64","12.70","","0.38%"
"05/12/2017","12.52","12.94","12.98","12.50","","-4.86%"
"05/15/2017","12.63","12.86","13.29","12.61","","0.88%"
"05/16/2017","12.27","12.62","12.62","12.06","","-2.85%"
"05/17/2017","14.62","12.89","15.28","12.24","","19.15%"
"05/18/2017","15.35","14.54","17.33","14.52","","4.99%"
"05/19/2017","13.99","15.02","15.02","13.81","","-8.86%"
"05/22/2017","13.51","14.38","14.65","13.44","","-3.43%"
"05/23/2017","12.87","13.32","13.36","12.72","","-4.74%"
"05/24/2017","12.94","13.07","13.09","12.62","","0.54%"
"05/25/2017","13.08","12.83","13.83","12.78","","1.08%"
"05/26/2017","13.17","13.13","13.99","12.96","","0.69%"
"05/29/2017","13.60","13.57","13.91","13.54","","3.26%"
"05/30/2017","13.45","14.13","14.24","13.40","","-1.10%"
"05/31/2017","13.44","13.45","13.87","12.89","","-0.07%"
"06/01/2017","12.45","13.27","13.31","12.39","","-7.37%"
"06/02/2017","12.04","12.18","12.47","11.90","","-3.29%"
"06/06/2017","13.38","12.95","13.64","12.90","","11.13%"
"06/07/2017","13.43","13.62","13.63","13.04","","0.37%"
"06/08/2017","12.99","13.35","13.38","12.98","","-3.28%"
"06/09/2017","12.30","12.77","12.93","12.18","","-5.31%"
"06/12/2017","13.46","12.94","13.93","12.85","","9.43%"
"06/13/2017","12.60","13.07","13.10","12.49","","-6.39%"
"06/14/2017","13.02","12.42","13.17","11.99","","3.33%"
"06/15/2017","14.41","13.33","15.21","13.28","","10.68%"
"06/16/2017","13.17","13.84","13.84","13.08","","-8.61%"
"06/19/2017","12.10","13.00","13.00","11.94","","-8.12%"
"06/20/2017","13.22","11.91","13.27","11.82","","9.26%"
"06/21/2017","12.98","14.27","14.87","12.51","","-1.82%"
"06/22/2017","12.74","13.50","13.54","12.58","","-1.85%"
"06/23/2017","12.99","12.91","13.61","12.57","","1.96%"
"06/26/2017","12.65","12.78","12.88","12.01","","-2.62%"
"06/27/2017","13.85","13.19","13.95","12.76","","9.49%"
"06/28/2017","13.99","14.79","15.20","13.70","","1.01%"
"06/29/2017","16.98","13.54","17.10","13.42","","21.37%"
"06/30/2017","16.49","16.58","16.84","15.35","","-2.89%"
"07/03/2017","13.68","15.99","16.07","13.65","","-17.04%"
"07/04/2017","14.10","13.84","14.34","13.61","","3.07%"
"07/05/2017","13.98","14.48","14.96","13.90","","-0.85%"
"07/06/2017","15.11","14.08","16.24","13.94","","8.08%"
"07/07/2017","14.71","15.15","15.42","14.66","","-2.65%"
"07/10/2017","14.10","14.69","14.70","14.00","","-4.15%"
"07/11/2017","14.12","13.70","14.21","13.56","","0.14%"
"07/12/2017","13.12","13.69","13.78","13.07","","-7.08%"
"07/13/2017","12.67","13.18","13.25","12.65","","-3.43%"
"07/14/2017","12.34","12.67","12.90","12.34","","-2.60%"
"07/17/2017","12.21","12.61","13.31","12.20","","-1.05%"
"07/18/2017","13.48","12.66","13.89","12.36","","10.40%"
"07/19/2017","13.50","13.14","13.80","13.11","","0.15%"
"07/20/2017","13.46","13.21","14.04","12.44","","-0.30%"
"07/21/2017","14.97","13.66","15.51","12.89","","11.22%"
"07/24/2017","15.00","15.63","15.81","14.76","","0.20%"
"07/25/2017","13.80","14.56","14.68","13.74","","-8.00%"
"07/26/2017","13.39","13.59","13.93","13.19","","-2.97%"
"07/27/2017","13.39","13.24","13.74","13.01","","0.00%"
"07/28/2017","13.99","13.98","14.78","13.70","","4.48%"
"07/31/2017","14.05","14.12","14.52","13.49","","0.43%"
"08/01/2017","13.53","13.82","14.17","13.34","","-3.70%"
"08/02/2017","13.94","13.42","14.31","13.30","","3.03%"
"08/03/2017","13.99","14.32","14.62","13.74","","0.36%"
"08/04/2017","13.05","14.20","14.23","13.05","","-6.72%"
"08/07/2017","13.28","13.43","13.82","13.26","","1.76%"
"08/08/2017","12.93","13.34","13.52","12.58","","-2.64%"
"08/09/2017","14.96","13.77","15.55","13.63","","15.70%"
"08/10/2017","18.00","14.84","18.03","14.79","","20.32%"
"08/11/2017","17.48","19.00","21.16","17.41","","-2.89%"
"08/14/2017","14.89","16.47","16.47","14.83","","-14.82%"
"08/15/2017","14.67","14.44","15.24","14.19","","-1.48%"
"08/16/2017","14.23","14.21","14.35","13.84","","-3.00%"
"08/17/2017","15.03","14.59","15.80","14.31","","5.62%"
"08/18/2017","16.64","17.00","17.32","15.84","","10.71%"
"08/21/2017","17.29","17.05","17.72","16.15","","3.91%"
"08/22/2017","15.61","16.12","16.27","15.46","","-9.72%"
"08/23/2017","15.56","15.38","16.26","14.87","","-0.32%"
"08/24/2017","15.15","15.43","15.59","14.68","","-2.63%"
"08/25/2017","15.01","14.93","15.51","14.65","","-0.92%"
"08/28/2017","15.33","16.15","16.35","15.15","","2.13%"
"08/29/2017","16.89","17.13","18.04","16.76","","10.18%"
"08/30/2017","16.17","16.22","16.37","15.36","","-4.26%"
"08/31/2017","15.71","15.90","16.09","15.48","","-2.84%"
"09/01/2017","14.86","15.53","15.54","14.44","","-5.41%"
"09/04/2017","16.18","16.25","16.55","15.74","","8.88%"
"09/05/2017","16.66","15.93","17.12","15.48","","2.97%"
"09/06/2017","16.22","17.00","17.05","15.93","","-2.64%"
"09/07/2017","15.21","16.02","16.17","15.18","","-6.23%"
"09/08/2017","15.28","15.21","15.81","15.19","","0.46%"
"09/11/2017","13.75","14.83","14.83","13.74","","-10.01%"
"09/12/2017","13.31","13.46","13.46","12.88","","-3.20%"
"09/13/2017","12.91","13.30","13.38","12.90","","-3.01%"
"09/14/2017","11.95","12.20","12.57","11.91","","-7.44%"
"09/15/2017","12.11","12.27","12.30","11.81","","1.34%"
"09/18/2017","11.97","12.29","12.29","11.74","","-1.16%"
"09/19/2017","11.75","12.16","12.17","11.66","","-1.84%"
"09/20/2017","12.04","11.80","12.16","11.58","","2.47%"
"09/21/2017","11.58","11.84","11.95","11.36","","-3.82%"
"09/22/2017","12.20","11.85","12.83","11.76","","5.35%"
"09/25/2017","12.27","12.40","12.63","11.85","","0.57%"
"09/26/2017","12.40","12.31","12.48","11.92","","1.06%"
"09/27/2017","11.97","12.14","12.16","11.77","","-3.47%"
"09/28/2017","11.84","12.00","12.02","11.69","","-1.09%"
"09/29/2017","11.46","11.76","12.11","11.45","","-3.21%"
"10/02/2017","11.81","11.88","12.04","11.71","","3.05%"
"10/04/2017","12.14","11.58","12.60","11.53","","2.79%"
"10/05/2017","11.69","12.31","12.31","11.68","","-3.71%"
"10/06/2017","12.10","11.77","12.25","11.76","","3.51%"
"10/09/2017","12.11","12.26","12.44","12.04","","0.08%"
"10/10/2017","12.57","12.29","12.98","12.08","","3.80%"
"10/11/2017","12.17","12.29","12.63","12.15","","-3.18%"
"10/12/2017","11.76","12.10","12.21","11.75","","-3.37%"
"10/13/2017","11.44","11.75","11.78","11.24","","-2.72%"
"10/16/2017","11.21","11.85","11.96","11.15","","-2.01%"
"10/17/2017","11.26","11.19","11.37","11.09","","0.45%"
"10/18/2017","10.98","11.32","11.35","10.48","","-2.49%"
"10/19/2017","12.24","11.08","13.10","11.06","","11.48%"
"10/20/2017","12.16","11.59","12.47","11.48","","-0.65%"
"10/23/2017","12.39","12.53","12.85","11.95","","1.89%"
"10/24/2017","12.54","12.59","12.74","12.21","","1.21%"
"10/25/2017","14.09","12.89","14.26","12.46","","12.36%"
"10/26/2017","12.25","13.91","14.13","12.13","","-13.06%"
"10/27/2017","11.92","12.08","12.43","11.76","","-2.69%"
"10/30/2017","12.23","12.18","12.32","11.96","","2.60%"
"11/01/2017","11.89","11.83","12.05","11.40","","-2.78%"
"11/02/2017","12.03","12.07","12.71","11.89","","1.18%"
"11/03/2017","12.00","11.98","12.50","11.75","","-0.25%"
"11/06/2017","12.01","12.52","12.62","11.96","","0.08%"
"11/07/2017","12.54","11.99","12.90","11.82","","4.41%"
"11/08/2017","12.64","12.47","13.18","12.25","","0.80%"
"11/09/2017","14.30","12.76","15.01","12.63","","13.13%"
"11/10/2017","14.49","13.88","14.99","13.75","","1.33%"
"11/13/2017","14.05","14.55","15.33","13.86","","-3.04%"
"11/14/2017","14.81","13.62","15.09","13.50","","5.41%"
"11/15/2017","15.18","15.63","16.10","15.03","","2.50%"
"11/16/2017","14.33","14.69","14.78","14.20","","-5.60%"
"11/17/2017","14.10","13.94","14.33","13.29","","-1.61%"
"11/20/2017","13.34","14.73","14.78","13.29","","-5.39%"
"11/21/2017","12.74","13.45","13.51","12.51","","-4.50%"
"11/22/2017","13.22","12.63","13.24","12.00","","3.77%"
"11/23/2017","13.21","13.88","13.88","12.97","","-0.08%"
"11/24/2017","13.37","13.06","13.49","12.87","","1.21%"
"11/27/2017","14.08","13.80","14.26","13.51","","5.31%"
"11/28/2017","13.52","13.87","14.18","13.47","","-3.98%"
"11/29/2017","14.18","13.49","14.29","13.15","","4.88%"
"11/30/2017","14.13","13.76","14.20","13.29","","-0.35%"
"12/01/2017","16.13","14.12","16.13","14.09","","14.15%"
"12/04/2017","14.52","15.51","15.51","14.27","","-9.98%"
"12/05/2017","14.02","14.36","15.00","13.97","","-3.44%"
"12/06/2017","14.67","14.71","15.36","14.57","","4.64%"
"12/07/2017","14.39","14.47","14.99","14.28","","-1.91%"
"12/08/2017","13.74","14.03","14.20","13.62","","-4.52%"
"12/11/2017","13.87","14.01","14.36","13.85","","0.95%"
"12/12/2017","13.18","13.72","14.05","13.18","","-4.97%"
"12/13/2017","13.45","13.35","13.50","13.15","","2.05%"
"12/14/2017","13.18","13.10","13.25","12.29","","-2.01%"
"12/15/2017","12.44","13.54","13.60","12.44","","-5.61%"
"12/18/2017","11.51","12.30","12.30","11.50","","-7.48%"
"12/19/2017","12.03","11.50","12.10","11.27","","4.52%"
"12/20/2017","13.24","11.85","13.63","11.83","","10.06%"
"12/21/2017","12.62","13.83","14.05","12.55","","-4.68%"
"12/22/2017","12.71","12.58","12.74","12.31","","0.71%"
"12/27/2017","13.27","13.51","13.63","13.19","","4.41%"
"12/28/2017","14.12","13.46","14.17","13.33","","6.41%"
"12/29/2017","14.15","14.21","14.33","14.00","","0.21%"
"01/02/2018","13.79","14.84","14.99","13.61","","-2.54%"
"01/03/2018","12.64","13.51","13.51","12.51","","-8.34%"
"01/04/2018","12.23","12.52","12.60","11.95","","-3.24%"
"01/05/2018","12.28","11.95","12.37","11.94","","0.41%"
"01/08/2018","12.52","12.72","12.84","12.45","","1.95%"
"01/09/2018","12.24","12.47","12.54","12.22","","-2.24%"
"01/10/2018","12.63","12.32","12.71","12.12","","3.19%"
"01/11/2018","12.37","12.52","12.78","12.12","","-2.06%"
"01/12/2018","12.00","12.32","12.36","11.63","","-2.99%"
"01/15/2018","12.05","12.36","12.36","11.74","","0.42%"
"01/16/2018","12.33","11.89","12.49","11.83","","2.32%"
"01/17/2018","12.92","12.37","13.08","12.19","","4.79%"
"01/18/2018","12.58","12.92","13.03","12.46","","-2.63%"
"01/19/2018","12.61","12.58","12.78","12.27","","0.24%"
"01/22/2018","12.63","12.98","12.98","12.43","","0.16%"
"01/23/2018","12.77","12.67","13.10","12.43","","1.11%"
"01/24/2018","13.46","12.86","13.46","12.56","","5.40%"
"01/25/2018","13.99","14.00","14.45","13.10","","3.94%"
"01/26/2018","13.83","13.90","13.90","13.44","","-1.14%"
"01/29/2018","14.66","14.51","14.76","14.16","","6.00%"
"01/30/2018","15.85","15.22","16.63","14.91","","8.12%"
"01/31/2018","16.00","15.41","16.16","15.07","","0.95%"
"02/01/2018","17.62","15.29","18.18","14.65","","10.13%"
"02/02/2018","19.39","18.03","19.54","17.49","","10.05%"
"02/05/2018","19.25","21.49","21.49","18.95","","-0.72%"
"02/06/2018","25.55","23.67","28.74","22.25","","32.73%"
"02/07/2018","20.70","24.87","24.87","20.26","","-18.98%"
"02/08/2018","26.57","20.95","26.57","20.74","","28.36%"
"02/09/2018","40.07","28.38","40.10","26.95","","50.81%"
"02/12/2018","28.81","32.87","32.88","28.54","","-28.10%"
"02/13/2018","25.43","27.14","27.19","25.09","","-11.73%"
"02/14/2018","20.63","24.36","24.41","20.61","","-18.88%"
"02/15/2018","20.69","19.67","21.18","18.79","","0.29%"
"02/16/2018","18.66","20.17","20.25","18.57","","-9.81%"
"02/19/2018","19.84","18.95","20.14","18.72","","6.32%"
"02/20/2018","19.25","19.58","20.70","19.21","","-2.97%"
"02/21/2018","19.53","19.82","20.76","19.49","","1.45%"
"02/22/2018","19.27","20.65","21.30","19.24","","-1.33%"
"02/23/2018","18.78","19.39","19.71","18.49","","-2.54%"
"02/26/2018","17.88","18.37","18.54","17.80","","-4.79%"
"02/27/2018","18.74","17.95","18.82","17.82","","4.81%"
"02/28/2018","19.39","19.07","19.74","18.49","","3.47%"
"03/01/2018","21.92","20.01","22.67","19.67","","13.05%"
"03/02/2018","24.17","22.96","25.03","22.74","","10.26%"
"03/05/2018","20.87","24.28","24.29","20.65","","-13.65%"
"03/06/2018","19.92","20.14","20.19","19.02","","-4.55%"
"03/07/2018","19.64","20.83","20.83","19.33","","-1.41%"
"03/08/2018","18.06","19.23","19.51","18.00","","-8.04%"
"03/09/2018","17.10","17.93","18.01","17.08","","-5.32%"
"03/12/2018","16.76","17.23","17.42","16.71","","-1.99%"
"03/13/2018","18.31","16.65","18.79","16.36","","9.25%"
"03/14/2018","18.40","17.95","18.58","17.11","","0.49%"
"03/15/2018","17.18","17.56","18.46","17.15","","-6.63%"
"03/16/2018","15.44","17.27","17.30","15.29","","-10.13%"
"03/19/2018","18.18","16.59","18.39","16.13","","17.75%"
"03/20/2018","16.95","17.47","18.17","16.80","","-6.77%"
"03/21/2018","16.81","17.04","17.49","16.54","","-0.83%"
"03/22/2018","20.34","17.08","21.49","16.52","","21.00%"
"03/23/2018","21.72","20.97","23.33","20.44","","6.78%"
"03/26/2018","22.75","21.34","23.41","20.66","","4.74%"
"03/27/2018","19.67","20.19","20.58","19.32","","-13.54%"
"03/28/2018","20.65","20.55","22.18","20.21","","4.98%"
"03/29/2018","18.44","20.07","20.10","18.21","","-10.70%"
"04/03/2018","19.84","20.26","21.23","19.66","","7.59%"
"04/04/2018","20.34","20.08","21.91","20.08","","2.52%"
"04/05/2018","18.00","19.02","19.02","17.98","","-11.50%"
"04/06/2018","18.71","18.67","19.15","17.93","","3.94%"
"04/09/2018","18.90","18.74","19.48","18.36","","1.02%"
"04/10/2018","18.23","18.36","18.80","18.14","","-3.54%"
"04/11/2018","19.07","18.46","19.81","18.18","","4.61%"
"04/12/2018","17.62","19.09","19.09","17.56","","-7.60%"
"04/13/2018","16.79","17.48","17.48","16.52","","-4.71%"
"04/16/2018","16.15","16.88","16.88","16.02","","-3.81%"
"04/17/2018","14.89","15.64","15.64","14.73","","-7.80%"
"04/18/2018","14.71","14.79","15.09","14.33","","-1.21%"
"04/19/2018","15.38","14.84","15.72","14.65","","4.55%"
"04/20/2018","15.27","15.40","15.51","14.70","","-0.72%"
"04/23/2018","14.98","15.86","16.43","14.98","","-1.90%"
"04/24/2018","15.05","15.02","15.55","14.52","","0.47%"
"04/25/2018","16.49","15.88","17.26","15.46","","9.57%"
"04/26/2018","15.64","16.47","16.48","15.52","","-5.15%"
"04/27/2018","15.33","15.28","15.95","15.06","","-1.98%"
"04/30/2018","15.68","15.64","16.04","15.46","","2.28%"
"05/02/2018","15.32","15.73","15.73","15.04","","-2.30%"
"05/03/2018","16.17","15.53","16.57","15.25","","5.55%"
"05/04/2018","14.96","15.48","15.82","14.94","","-7.48%"
"05/07/2018","14.65","15.47","15.47","14.55","","-2.07%"
"05/08/2018","15.38","14.61","15.91","14.56","","4.98%"
"05/09/2018","14.99","15.22","15.31","14.80","","-2.54%"
"05/10/2018","14.47","14.84","15.40","14.41","","-3.47%"
"05/11/2018","14.15","14.28","14.64","14.11","","-2.21%"
"05/14/2018","14.51","14.25","15.01","14.20","","2.54%"
"05/15/2018","14.71","14.65","15.56","14.05","","1.38%"
"05/16/2018","15.55","14.69","16.14","14.63","","5.71%"
"05/17/2018","15.42","15.46","16.01","15.24","","-0.84%"
"05/18/2018","15.86","15.47","17.04","15.47","","2.85%"
"05/22/2018","14.67","15.89","16.10","14.43","","-7.50%"
"05/23/2018","16.66","16.13","17.52","16.05","","13.57%"
"05/24/2018","17.20","16.42","18.41","15.71","","3.24%"
"05/25/2018","16.56","16.53","18.54","15.60","","-3.72%"
"05/28/2018","17.97","16.28","18.87","16.06","","8.51%"
"05/29/2018","19.15","18.77","20.96","18.55","","6.57%"
"05/30/2018","17.63","19.02","19.04","17.30","","-7.94%"
"05/31/2018","17.70","17.20","19.25","16.81","","0.40%"
"06/01/2018","16.53","16.92","16.92","16.00","","-6.61%"
"06/04/2018","15.50","16.34","16.42","15.50","","-6.23%"
"06/05/2018","15.97","15.62","16.03","14.68","","3.03%"
"06/06/2018","15.64","15.98","16.86","15.63","","-2.07%"
"06/07/2018","15.38","15.52","16.12","15.22","","-1.66%"
"06/08/2018","15.80","16.58","17.24","15.60","","2.73%"
"06/11/2018","15.22","15.59","16.06","15.21","","-3.67%"
"06/12/2018","15.06","15.05","15.35","14.82","","-1.05%"
"06/13/2018","14.46","15.00","15.43","14.31","","-3.98%"
"06/14/2018","12.78","14.49","14.76","12.57","","-11.62%"
"06/15/2018","13.27","12.89","14.25","12.83","","3.83%"
"06/18/2018","15.40","14.55","16.47","14.49","","16.05%"
"06/19/2018","16.64","17.74","18.07","16.47","","8.05%"
"06/20/2018","15.60","15.68","16.04","14.98","","-6.25%"
"06/21/2018","17.52","15.95","18.16","15.65","","12.31%"
"06/22/2018","15.82","17.04","17.24","15.63","","-9.70%"
"06/25/2018","19.55","17.42","19.57","16.93","","23.58%"
"06/26/2018","18.74","18.61","19.68","18.27","","-4.14%"
"06/27/2018","18.41","18.91","20.49","17.10","","-1.76%"
"06/28/2018","19.64","18.90","20.79","18.41","","6.68%"
"06/29/2018","17.83","18.07","18.79","17.45","","-9.22%"
"07/02/2018","19.28","20.47","20.69","18.80","","8.13%"
"07/03/2018","17.63","18.19","18.65","17.24","","-8.56%"
"07/04/2018","17.50","17.73","17.74","17.30","","-0.74%"
"07/05/2018","16.84","17.34","17.51","16.69","","-3.77%"
"07/06/2018","15.99","16.85","17.06","15.95","","-5.05%"
"07/09/2018","15.29","16.01","16.09","15.26","","-4.38%"
"07/10/2018","14.27","15.19","15.22","14.24","","-6.67%"
"07/11/2018","15.87","15.82","16.15","15.24","","11.21%"
"07/12/2018","14.75","15.59","15.91","14.71","","-7.06%"
"07/13/2018","14.12","14.38","14.78","14.07","","-4.27%"
"07/16/2018","14.35","14.41","14.88","14.02","","1.63%"
"07/17/2018","13.88","14.68","14.93","13.82","","-3.28%"
"07/18/2018","13.74","13.42","14.08","13.22","","-1.01%"
"07/19/2018","14.45","13.85","15.08","13.71","","5.17%"
"07/20/2018","15.61","14.62","17.19","14.35","","8.03%"
"07/23/2018","16.21","16.85","17.13","16.17","","3.84%"
"07/24/2018","15.08","15.76","15.92","14.70","","-6.97%"
"07/25/2018","16.67","15.23","17.18","15.22","","10.54%"
"07/26/2018","14.80","15.66","15.66","14.78","","-11.22%"
"07/27/2018","14.01","14.60","14.60","13.70","","-5.34%"
"07/30/2018","15.05","14.95","15.06","14.62","","7.42%"
"07/31/2018","15.07","15.19","15.56","14.97","","0.13%"
"08/01/2018","15.59","15.06","16.10","15.04","","3.45%"
"08/02/2018","17.43","16.70","18.10","16.70","","11.80%"
"08/03/2018","16.18","16.86","16.90","15.99","","-7.17%"
"08/06/2018","16.34","16.43","16.95","15.82","","0.99%"
"08/07/2018","15.45","15.81","15.87","15.25","","-5.45%"
"08/08/2018","15.78","15.80","16.00","15.03","","2.14%"
"08/09/2018","15.23","15.98","16.03","15.17","","-3.49%"
"08/10/2018","17.93","16.43","18.67","16.18","","17.73%"
"08/13/2018","18.19","19.05","19.38","17.88","","1.45%"
"08/14/2018","18.07","17.54","18.64","17.42","","-0.66%"
"08/15/2018","20.34","17.88","20.44","17.54","","12.56%"
"08/16/2018","17.68","19.32","19.33","17.66","","-13.08%"
"08/17/2018","17.95","17.56","18.23","17.09","","1.53%"
"08/20/2018","16.09","17.15","17.37","15.77","","-10.36%"
"08/21/2018","15.44","15.83","15.91","14.95","","-4.04%"
"08/22/2018","15.35","15.41","15.67","14.99","","-0.58%"
"08/23/2018","15.02","15.12","15.43","14.71","","-2.15%"
"08/24/2018","14.54","14.77","15.02","14.37","","-3.20%"
"08/27/2018","14.53","14.50","14.86","14.45","","-0.07%"
"08/28/2018","14.55","14.42","14.86","14.31","","0.14%"
"08/29/2018","14.46","14.72","15.10","14.44","","-0.62%"
"08/30/2018","15.58","14.83","15.99","14.76","","7.75%"
"08/31/2018","16.76","16.36","17.04","16.26","","7.57%"
"09/03/2018","16.78","17.19","17.37","16.77","","0.12%"
"09/04/2018","17.44","16.44","18.23","16.44","","3.93%"
"09/05/2018","18.46","17.87","18.62","17.71","","5.85%"
"09/06/2018","18.33","18.65","18.69","17.47","","-0.70%"
"09/07/2018","17.68","18.06","18.76","17.67","","-3.55%"
"09/10/2018","17.03","17.93","18.07","16.84","","-3.68%"
"09/11/2018","16.92","16.73","17.60","16.70","","-0.65%"
"09/12/2018","16.37","16.58","16.81","16.26","","-3.25%"
"09/13/2018","15.44","16.29","16.32","15.29","","-5.68%"
"09/14/2018","14.78","15.06","15.14","14.70","","-4.27%"
"09/17/2018","15.40","15.69","15.79","15.30","","4.19%"
"09/18/2018","14.95","15.55","15.62","14.87","","-2.92%"
"09/19/2018","14.29","14.72","14.85","14.26","","-4.41%"
"09/20/2018","13.91","14.19","14.26","13.70","","-2.66%"
"09/21/2018","13.44","13.74","13.81","13.32","","-3.38%"
"09/24/2018","14.37","14.29","14.49","14.01","","6.92%"
"09/25/2018","13.81","14.21","14.38","13.80","","-3.90%"
"09/26/2018","13.84","13.83","14.04","13.74","","0.22%"
"09/27/2018","13.95","14.21","14.97","13.85","","0.79%"
"09/28/2018","15.18","14.42","16.55","14.24","","8.82%"
"10/01/2018","14.65","15.50","15.54","14.45","","-3.49%"
"10/02/2018","15.42","15.64","16.10","15.10","","5.26%"
"10/04/2018","16.22","15.59","16.62","15.45","","5.19%"
"10/05/2018","16.85","16.24","16.95","16.13","","3.88%"
"10/08/2018","17.56","17.37","17.86","16.96","","4.21%"
"10/09/2018","17.10","17.10","18.32","16.90","","-2.62%"
"10/10/2018","18.73","17.13","18.87","17.03","","9.53%"
"10/11/2018","20.80","20.19","21.38","19.53","","11.05%"
"10/12/2018","19.95","19.41","20.27","19.23","","-4.09%"
"10/15/2018","19.01","20.30","20.39","18.96","","-4.71%"
"10/16/2018","17.16","18.67","18.70","17.13","","-9.73%"
"10/17/2018","17.31","16.49","17.95","16.44","","0.87%"
"10/18/2018","18.53","17.45","18.60","16.83","","7.05%"
"10/19/2018","19.00","18.35","20.06","18.31","","2.54%"
"10/22/2018","19.37","18.68","19.99","18.50","","1.95%"
"10/23/2018","21.56","20.50","22.43","20.42","","11.31%"
"10/24/2018","22.12","20.88","22.49","20.06","","2.60%"
"10/25/2018","21.17","22.82","22.82","21.13","","-4.29%"
"10/26/2018","23.79","22.22","25.16","22.22","","12.38%"
"10/29/2018","22.48","23.06","23.12","21.47","","-5.51%"
"10/30/2018","22.47","22.60","24.13","22.21","","-0.04%"
"10/31/2018","20.59","21.35","21.37","20.25","","-8.37%"
"11/01/2018","19.64","20.53","20.55","19.38","","-4.61%"
"11/02/2018","19.69","18.86","19.86","18.52","","0.25%"
"11/05/2018","19.62","20.14","20.40","19.30","","-0.36%"
"11/06/2018","19.21","19.44","19.92","19.06","","-2.09%"
"11/07/2018","17.27","17.95","17.99","17.25","","-10.10%"
"11/08/2018","16.93","16.83","17.16","16.55","","-1.97%"
"11/09/2018","17.18","17.25","17.76","16.91","","1.48%"
"11/12/2018","18.93","17.36","18.93","17.33","","10.19%"
"11/13/2018","17.90","18.39","18.82","17.83","","-5.44%"
"11/14/2018","19.32","18.62","19.34","18.15","","7.93%"
"11/15/2018","21.29","18.94","22.36","18.76","","10.20%"
"11/16/2018","19.11","20.27","21.26","18.76","","-10.24%"
"11/19/2018","19.15","18.90","19.32","18.51","","0.21%"
"11/20/2018","21.03","19.70","21.55","19.55","","9.82%"
"11/21/2018","19.22","20.17","20.17","19.22","","-8.61%"
"11/22/2018","19.83","19.51","20.10","19.38","","3.17%"
"11/23/2018","19.80","19.77","20.41","19.40","","-0.15%"
"11/26/2018","19.06","19.40","19.54","18.88","","-3.74%"
"11/27/2018","19.39","18.99","19.86","18.86","","1.73%"
"11/28/2018","19.43","19.43","19.65","19.26","","0.21%"
"11/29/2018","19.71","19.64","20.02","19.14","","1.44%"
"11/30/2018","19.67","19.82","20.34","19.47","","-0.20%"
"12/03/2018","18.14","20.71","20.71","17.54","","-7.78%"
"12/04/2018","18.36","18.18","18.47","17.94","","1.21%"
"12/05/2018","20.14","18.81","20.16","18.81","","9.69%"
"12/06/2018","24.29","21.25","24.29","21.09","","20.61%"
"12/07/2018","22.37","24.95","24.95","21.39","","-7.90%"
"12/10/2018","24.07","23.62","24.41","22.98","","7.60%"
"12/11/2018","21.76","24.17","24.17","21.18","","-9.60%"
"12/12/2018","20.73","21.84","21.84","20.55","","-4.73%"
"12/13/2018","20.09","20.40","20.50","19.74","","-3.09%"
"12/14/2018","20.29","20.36","21.60","20.10","","1.00%"
"12/17/2018","20.89","20.99","21.67","19.84","","2.96%"
"12/18/2018","21.29","21.16","21.35","20.23","","1.91%"
"12/19/2018","20.46","21.17","21.17","20.35","","-3.90%"
"12/20/2018","21.38","20.23","21.69","20.14","","4.50%"
"12/21/2018","20.91","21.47","22.58","20.84","","-2.20%"
"12/27/2018","25.34","22.59","25.92","22.45","","21.19%"
"12/28/2018","23.39","25.13","25.14","23.30","","-7.70%"