"Date","Price","Open","High","Low","Vol.","Change %"
"03/04/2020","12,127.69","11,992.59","12,199.82","11,929.24","147.85M","1.19%"
"03/05/2020","11,944.72","12,191.41","12,207.77","11,844.88","148.09M","-1.51%"
"03/06/2020","11,541.87","11,694.56","11,769.85","11,447.20","195.04M","-3.37%"
"03/09/2020","10,625.02","10,690.08","10,995.22","10,556.64","305.32M","-7.94%"
"03/10/2020","10,475.49","10,724.98","11,032.29","10,423.90","267.40M","-1.41%"
"03/11/2020","10,438.68","10,601.85","10,761.43","10,390.51","216.71M","-0.35%"
"03/12/2020","9,161.13","9,863.99","9,932.56","9,139.12","390.48M","-12.24%"
"03/13/2020","9,232.08","9,480.78","9,985.74","9,064.68","325.90M","0.77%"
"03/16/2020","8,742.25","8,728.48","8,967.11","8,255.65","302.20M","-5.31%"
"03/17/2020","8,939.10","9,141.17","9,145.93","8,423.56","220.09M","2.25%"
"03/18/2020","8,441.71","8,613.35","8,670.41","8,400.18","207.56M","-5.56%"
"03/19/2020","8,610.43","8,495.94","8,668.48","8,257.53","205.54M","2.00%"
"03/20/2020","8,928.95","9,080.49","9,201.07","8,838.30","286.47M","3.70%"
"03/23/2020","8,741.15","8,536.33","9,071.14","8,480.28","197.21M","-2.10%"
"03/24/2020","9,700.57","9,242.06","9,700.57","9,102.17","203.84M","10.98%"
"03/25/2020","9,874.26","9,987.37","10,137.62","9,460.91","204.69M","1.79%"
"03/26/2020","10,000.96","9,621.24","10,000.96","9,526.17","160.45M","1.28%"
"03/27/2020","9,632.52","9,793.50","9,886.18","9,541.83","156.14M","-3.68%"
"03/30/2020","9,815.97","9,725.88","9,817.51","9,453.79","131.12M","1.90%"
"03/31/2020","9,935.84","9,970.79","10,096.42","9,703.88","151.51M","1.22%"
"04/01/2020","9,544.75","9,610.67","9,686.46","9,498.05","132.86M","-3.94%"
"04/02/2020","9,570.82","9,587.45","9,650.27","9,337.02","144.23M","0.27%"
"04/03/2020","9,525.77","9,535.27","9,626.72","9,470.20","116.25M","-0.47%"
"04/06/2020","10,075.17","9,889.03","10,097.31","9,841.49","126.69M","5.77%"
"04/07/2020","10,356.70","10,464.11","10,590.41","10,225.02","149.51M","2.79%"
"04/08/2020","10,332.89","10,301.56","10,340.79","10,198.22","102.43M","-0.23%"
"04/09/2020","10,564.74","10,490.65","10,649.79","10,311.70","134.48M","2.24%"
"04/14/2020","10,696.56","10,733.97","10,820.17","10,658.96","106.04M","1.25%"
"04/15/2020","10,279.76","10,678.19","10,678.19","10,243.11","133.09M","-3.90%"
"04/16/2020","10,301.54","10,420.26","10,438.37","10,236.24","106.13M","0.21%"
"04/17/2020","10,625.78","10,607.35","10,756.78","10,542.71","143.34M","3.15%"
"04/20/2020","10,675.90","10,704.35","10,707.31","10,444.55","103.61M","0.47%"
"04/21/2020","10,249.85","10,519.44","10,524.73","10,249.85","121.19M","-3.99%"
"04/22/2020","10,415.03","10,370.25","10,425.02","10,321.20","92.39M","1.61%"
"04/23/2020","10,513.79","10,437.38","10,608.39","10,325.11","97.91M","0.95%"
"04/24/2020","10,336.09","10,299.31","10,486.47","10,299.31","120.04M","-1.69%"
"04/27/2020","10,659.99","10,551.07","10,660.36","10,523.10","122.48M","3.13%"
"04/28/2020","10,795.63","10,658.47","10,897.82","10,651.58","146.55M","1.27%"
"04/29/2020","11,107.74","10,812.74","11,125.35","10,789.52","145.35M","2.89%"
"04/30/2020","10,861.64","11,195.21","11,235.57","10,839.30","162.73M","-2.22%"
"05/04/2020","10,466.80","10,543.36","10,578.43","10,426.06","140.42M","-3.64%"
"05/05/2020","10,729.46","10,627.07","10,736.95","10,518.94","103.77M","2.51%"
"05/06/2020","10,606.20","10,716.51","10,773.86","10,598.90","94.91M","-1.15%"
"05/07/2020","10,759.27","10,640.77","10,761.86","10,617.23","102.15M","1.44%"
"05/08/2020","10,904.48","10,882.44","10,918.32","10,819.07","81.80M","1.35%"
"05/11/2020","10,824.99","10,948.24","10,986.22","10,740.82","88.08M","-0.73%"
"05/12/2020","10,819.50","10,777.74","10,886.01","10,772.58","88.86M","-0.05%"
"05/13/2020","10,542.66","10,669.99","10,698.13","10,530.32","108.74M","-2.56%"
"05/14/2020","10,337.02","10,418.04","10,474.08","10,160.89","133.62M","-1.95%"
"05/15/2020","10,465.17","10,470.85","10,547.19","10,382.54","116.08M","1.24%"
"05/18/2020","11,058.87","10,683.86","11,089.50","10,677.52","118.99M","5.67%"
"05/19/2020","11,075.29","11,200.92","11,201.18","10,936.07","125.54M","0.15%"
"05/20/2020","11,223.71","11,029.33","11,246.91","10,978.57","98.83M","1.34%"
"05/21/2020","11,065.93","11,088.12","11,194.92","11,036.91","73.57M","-1.41%"
"05/22/2020","11,073.87","10,896.28","11,138.15","10,867.17","86.15M","0.07%"
"05/25/2020","11,391.28","11,186.04","11,391.28","11,118.12","72.13M","2.87%"
"05/26/2020","11,504.65","11,488.99","11,544.35","11,429.88","124.58M","1.00%"
"05/27/2020","11,657.69","11,530.20","11,747.20","11,519.77","168.97M","1.33%"
"05/28/2020","11,781.13","11,746.78","11,813.14","11,654.83","124.13M","1.06%"
"05/29/2020","11,586.85","11,649.37","11,729.98","11,575.74","170.60M","-1.65%"
"06/02/2020","12,021.28","11,896.70","12,055.57","11,850.34","143.10M","3.75%"
"06/03/2020","12,487.36","12,147.12","12,507.41","12,133.70","152.04M","3.88%"
"06/04/2020","12,430.56","12,390.03","12,558.24","12,326.44","138.86M","-0.45%"
"06/05/2020","12,847.68","12,565.16","12,858.79","12,560.19","168.93M","3.36%"
"06/08/2020","12,819.59","12,722.68","12,913.13","12,670.95","140.37M","-0.22%"
"06/09/2020","12,617.99","12,859.83","12,864.91","12,502.45","145.98M","-1.57%"
"06/10/2020","12,530.16","12,719.15","12,763.89","12,471.06","112.49M","-0.70%"
"06/11/2020","11,970.29","12,223.42","12,301.95","11,970.29","133.28M","-4.47%"
"06/12/2020","11,949.28","11,876.34","12,172.63","11,828.66","118.02M","-0.18%"
"06/15/2020","11,911.35","11,661.36","11,968.06","11,597.82","99.88M","-0.32%"
"06/16/2020","12,315.66","12,168.37","12,434.27","12,132.80","122.78M","3.39%"
"06/17/2020","12,382.14","12,312.44","12,432.23","12,288.17","102.04M","0.54%"
"06/18/2020","12,281.53","12,347.49","12,483.84","12,189.67","154.82M","-0.81%"
"06/19/2020","12,330.76","12,375.18","12,447.15","12,319.19","227.98M","0.40%"
"06/22/2020","12,262.97","12,194.48","12,399.37","12,172.12","91.98M","-0.55%"
"06/23/2020","12,523.76","12,360.09","12,616.12","12,332.10","113.42M","2.13%"
"06/24/2020","12,093.94","12,459.81","12,489.24","12,093.94","102.78M","-3.43%"
"06/25/2020","12,177.87","12,102.25","12,236.46","11,957.31","128.25M","0.69%"
"06/26/2020","12,089.39","12,308.48","12,347.45","12,060.89","111.97M","-0.73%"
"06/29/2020","12,232.12","12,090.41","12,297.68","12,045.26","121.31M","1.18%"
"06/30/2020","12,310.93","12,287.94","12,350.35","12,188.09","124.63M","0.64%"
"07/01/2020","12,260.57","12,391.72","12,391.72","12,095.11","81.13M","-0.41%"
"07/02/2020","12,608.46","12,378.80","12,658.17","12,370.72","103.86M","2.84%"
"07/03/2020","12,528.18","12,644.60","12,649.98","12,476.13","54.01M","-0.64%"
"07/06/2020","12,733.45","12,774.77","12,842.59","12,655.21","78.19M","1.64%"
"07/07/2020","12,616.80","12,660.09","12,661.12","12,525.18","78.79M","-0.92%"
"07/08/2020","12,494.81","12,542.58","12,670.19","12,463.22","74.36M","-0.97%"
"07/09/2020","12,489.46","12,639.17","12,709.68","12,459.16","76.14M","-0.04%"
"07/10/2020","12,633.71","12,442.22","12,649.99","12,416.69","72.73M","1.15%"
"07/13/2020","12,799.97","12,817.19","12,836.41","12,688.94","72.52M","1.32%"
"07/14/2020","12,697.36","12,642.23","12,697.91","12,535.90","76.74M","-0.80%"
"07/15/2020","12,930.98","12,812.11","12,999.84","12,773.44","78.62M","1.84%"
"07/16/2020","12,874.97","12,857.30","12,919.23","12,805.47","68.01M","-0.43%"
"07/17/2020","12,919.61","12,915.27","12,954.25","12,870.27","75.18M","0.35%"
"07/20/2020","13,046.92","12,898.11","13,063.69","12,811.72","59.66M","0.99%"
"07/21/2020","13,171.83","13,194.93","13,313.90","13,147.30","92.17M","0.96%"
"07/22/2020","13,104.25","13,165.29","13,197.92","13,067.06","68.19M","-0.51%"
"07/23/2020","13,103.39","13,183.50","13,217.73","13,072.82","64.54M","-0.01%"
"07/24/2020","12,838.06","12,919.31","12,935.50","12,812.02","63.78M","-2.02%"
"07/27/2020","12,838.66","12,865.75","12,908.66","12,811.44","60.60M","0.00%"
"07/28/2020","12,835.28","12,886.23","12,936.01","12,746.46","58.13M","-0.03%"
"07/29/2020","12,822.26","12,819.63","12,864.39","12,789.97","70.23M","-0.10%"
"07/30/2020","12,379.65","12,762.12","12,768.71","12,253.92","103.74M","-3.45%"
"07/31/2020","12,313.36","12,403.10","12,524.75","12,313.36","81.41M","-0.54%"
"08/03/2020","12,646.98","12,374.46","12,698.56","12,365.61","73.27M","2.71%"
"08/04/2020","12,600.87","12,744.13","12,768.58","12,528.07","65.61M","-0.36%"
"08/05/2020","12,660.25","12,667.12","12,757.03","12,632.99","67.96M","0.47%"
"08/06/2020","12,591.68","12,664.55","12,799.21","12,519.85","67.70M","-0.54%"
"08/07/2020","12,674.88","12,634.79","12,691.66","12,517.44","57.76M","0.66%"
"08/10/2020","12,687.53","12,729.10","12,753.12","12,605.82","49.57M","0.10%"
"08/11/2020","12,946.89","12,806.97","13,046.13","12,802.06","77.57M","2.04%"
"08/12/2020","13,058.63","12,917.34","13,101.12","12,879.11","62.44M","0.86%"
"08/13/2020","12,993.71","13,044.47","13,075.25","12,956.30","60.06M","-0.50%"
"08/14/2020","12,901.34","12,965.22","12,971.08","12,797.52","54.99M","-0.71%"
"08/17/2020","12,920.66","12,924.88","12,960.84","12,847.85","44.40M","0.15%"
"08/18/2020","12,881.76","12,836.87","13,052.84","12,807.00","56.72M","-0.30%"
"08/19/2020","12,977.33","12,838.63","12,980.70","12,833.80","52.63M","0.74%"
"08/20/2020","12,830.00","12,829.39","12,891.14","12,755.52","54.74M","-1.14%"
"08/21/2020","12,764.80","12,879.45","12,911.27","12,633.71","72.00M","-0.51%"
"08/24/2020","13,066.54","12,945.97","13,104.31","12,924.70","64.18M","2.36%"
"08/25/2020","13,061.62","13,136.77","13,221.82","13,060.87","55.97M","-0.04%"
"08/26/2020","13,190.15","13,041.83","13,192.32","13,010.53","46.70M","0.98%"
"08/27/2020","13,096.36","13,206.58","13,218.05","13,087.37","53.03M","-0.71%"
"08/28/2020","13,033.20","13,140.60","13,147.24","12,951.26","63.77M","-0.48%"
"08/31/2020","12,945.38","13,103.93","13,148.19","12,923.76","59.56M","-0.67%"
"09/01/2020","12,974.25","13,037.20","13,127.28","12,850.30","63.05M","0.22%"
"09/02/2020","13,243.43","13,071.66","13,303.17","13,062.17","80.77M","2.07%"
"09/03/2020","13,057.77","13,354.72","13,460.46","13,004.83","81.70M","-1.40%"
"09/04/2020","12,842.66","12,916.12","13,127.08","12,753.69","94.28M","-1.65%"
"09/07/2020","13,100.28","12,931.40","13,117.61","12,920.92","54.82M","2.01%"
"09/08/2020","12,968.33","13,126.23","13,147.52","12,856.55","72.30M","-1.01%"
"09/09/2020","13,237.21","12,990.52","13,257.54","12,973.46","73.66M","2.07%"
"09/10/2020","13,208.89","13,265.51","13,297.71","13,161.93","56.81M","-0.21%"
"09/11/2020","13,202.84","13,198.74","13,255.47","13,117.46","57.03M","-0.05%"
"09/14/2020","13,193.66","13,329.61","13,339.14","13,159.72","49.24M","-0.07%"
"09/15/2020","13,217.67","13,220.81","13,262.81","13,138.20","60.48M","0.18%"
"09/16/2020","13,255.37","13,224.16","13,277.23","13,181.56","62.42M","0.29%"
"09/17/2020","13,208.12","13,060.18","13,245.87","13,035.94","55.92M","-0.36%"
"09/18/2020","13,116.25","13,210.86","13,263.44","13,116.25","185.86M","-0.70%"
"09/21/2020","12,542.44","12,998.90","12,998.90","12,505.16","119.64M","-4.37%"
"09/22/2020","12,594.39","12,629.71","12,698.12","12,592.97","69.46M","0.41%"
"09/23/2020","12,642.97","12,737.32","12,830.70","12,642.97","60.25M","0.39%"
"09/24/2020","12,606.57","12,520.47","12,684.80","12,512.50","61.27M","-0.29%"
"09/25/2020","12,469.20","12,615.91","12,622.77","12,341.58","66.13M","-1.09%"
"09/28/2020","12,870.87","12,673.73","12,873.40","12,660.15","72.43M","3.22%"
"09/29/2020","12,825.82","12,817.79","12,859.14","12,738.30","49.84M","-0.35%"
"09/30/2020","12,760.73","12,754.77","12,869.96","12,698.42","70.30M","-0.51%"
"10/01/2020","12,730.77","12,812.08","12,836.65","12,671.23","87.11M","-0.23%"
"10/02/2020","12,689.04","12,558.78","12,690.25","12,539.86","67.30M","-0.33%"
"10/05/2020","12,828.31","12,824.05","12,842.48","12,727.75","56.73M","1.10%"
"10/06/2020","12,906.02","12,858.97","12,966.09","12,779.65","60.57M","0.61%"
"10/07/2020","12,928.57","12,901.29","12,959.02","12,837.11","65.53M","0.17%"
"10/08/2020","13,042.21","13,011.23","13,100.85","12,956.64","64.01M","0.88%"
"10/09/2020","13,051.23","13,070.04","13,096.44","13,009.98","58.95M","0.07%"
"10/12/2020","13,138.41","13,086.06","13,151.80","13,058.34","48.91M","0.67%"
"10/13/2020","13,018.99","13,132.90","13,132.90","12,959.70","52.84M","-0.91%"
"10/14/2020","13,028.06","13,012.69","13,066.44","12,975.12","52.93M","0.07%"
"10/15/2020","12,703.75","12,826.13","12,839.55","12,599.82","78.93M","-2.49%"
"10/16/2020","12,908.99","12,773.35","12,955.86","12,733.06","76.57M","1.62%"
"10/19/2020","12,854.66","12,948.63","13,028.73","12,820.26","48.58M","-0.42%"
"10/20/2020","12,736.95","12,819.15","12,850.29","12,725.45","61.47M","-0.92%"
"10/21/2020","12,557.64","12,764.45","12,765.05","12,545.59","62.62M","-1.41%"
"10/22/2020","12,543.06","12,429.41","12,583.02","12,345.45","59.74M","-0.12%"
"10/23/2020","12,645.75","12,517.98","12,718.27","12,514.99","55.67M","0.82%"
"10/26/2020","12,177.18","12,303.41","12,404.51","12,174.22","81.60M","-3.71%"
"10/27/2020","12,063.57","12,206.42","12,223.60","12,034.80","87.41M","-0.93%"
"10/28/2020","11,560.51","11,848.31","11,852.02","11,457.12","137.19M","-4.17%"
"10/29/2020","11,598.07","11,631.07","11,707.43","11,458.56","104.96M","0.32%"
"10/30/2020","11,556.48","11,472.61","11,614.13","11,450.08","85.60M","-0.36%"
"11/02/2020","11,788.28","11,602.91","11,838.00","11,551.36","78.37M","2.01%"
"11/03/2020","12,088.98","11,858.81","12,088.98","11,851.03","86.77M","2.55%"
"11/04/2020","12,324.22","11,896.11","12,329.96","11,848.21","105.44M","1.95%"
"11/05/2020","12,568.09","12,420.88","12,591.30","12,398.59","87.08M","1.98%"
"11/06/2020","12,480.02","12,531.74","12,595.87","12,370.08","80.48M","-0.70%"
"11/09/2020","13,095.97","12,713.19","13,297.05","12,670.58","189.27M","4.94%"
"11/10/2020","13,163.11","13,109.77","13,237.59","13,018.43","142.55M","0.51%"
"11/11/2020","13,216.18","13,205.95","13,244.32","13,138.76","95.53M","0.40%"
"11/12/2020","13,052.95","13,073.48","13,168.09","13,022.28","82.38M","-1.24%"
"11/13/2020","13,076.72","13,036.97","13,145.48","13,004.82","79.17M","0.18%"
"11/16/2020","13,138.61","13,170.52","13,277.45","13,081.11","85.19M","0.47%"
"11/17/2020","13,133.47","13,130.54","13,151.02","13,050.41","68.59M","-0.04%"
"11/18/2020","13,201.89","13,086.43","13,213.63","13,074.67","67.64M","0.52%"
"11/19/2020","13,086.16","13,101.71","13,138.14","13,034.51","68.04M","-0.88%"
"11/20/2020","13,137.25","13,054.64","13,172.91","13,054.64","70.13M","0.39%"
"11/23/2020","13,126.97","13,215.44","13,312.42","13,126.97","68.58M","-0.08%"
"11/24/2020","13,292.44","13,254.42","13,296.76","13,192.32","82.73M","1.26%"
"11/25/2020","13,289.80","13,346.77","13,346.96","13,235.82","76.83M","-0.02%"
"11/26/2020","13,286.57","13,315.21","13,316.19","13,274.89","42.95M","-0.02%"
"11/27/2020","13,335.68","13,280.51","13,364.17","13,272.74","63.82M","0.37%"
"11/30/2020","13,291.16","13,270.51","13,445.11","13,256.76","107.37M","-0.33%"
"12/01/2020","13,382.30","13,371.66","13,434.30","13,334.99","66.68M","0.69%"
"12/02/2020","13,313.24","13,341.91","13,359.27","13,272.47","63.82M","-0.52%"
"12/03/2020","13,252.86","13,304.83","13,307.54","13,223.93","64.31M","-0.45%"
"12/04/2020","13,298.96","13,230.61","13,315.37","13,225.08","64.08M","0.35%"
"12/07/2020","13,271.00","13,255.78","13,289.43","13,163.26","54.32M","-0.21%"
"12/08/2020","13,278.49","13,248.02","13,297.49","13,199.45","54.20M","0.06%"
"12/09/2020","13,340.26","13,344.14","13,454.13","13,327.87","77.31M","0.47%"
"12/10/2020","13,295.73","13,341.68","13,370.44","13,213.06","68.81M","-0.33%"
"12/11/2020","13,114.30","13,255.24","13,265.61","13,009.48","82.14M","-1.36%"
"12/14/2020","13,223.16","13,224.26","13,292.30","13,190.53","63.02M","0.83%"
"12/15/2020","13,362.87","13,216.49","13,374.96","13,210.15","67.27M","1.06%"
"12/16/2020","13,565.98","13,416.29","13,596.74","13,412.41","77.80M","1.52%"
"12/17/2020","13,667.25","13,691.49","13,725.84","13,649.53","77.21M","0.75%"
"12/18/2020","13,630.51","13,649.66","13,774.45","13,624.25","156.77M","-0.27%"
"12/21/2020","13,246.30","13,398.22","13,399.99","13,060.34","98.29M","-2.82%"
"12/22/2020","13,418.11","13,311.02","13,441.59","13,310.42","54.62M","1.30%"
"12/23/2020","13,587.23","13,456.63","13,601.71","13,456.63","48.73M","1.26%"
"12/28/2020","13,790.29","13,779.05","13,818.65","13,740.21","49.25M","1.49%"
"12/29/2020","13,761.38","13,873.35","13,903.11","13,747.08","43.16M","-0.21%"
"12/30/2020","13,718.78","13,750.99","13,797.09","13,717.47","28.32M","-0.31%"
"01/04/2021","13,726.74","13,890.22","13,907.13","13,647.79","70.21M","0.06%"
"01/05/2021","13,651.22","13,680.69","13,768.13","13,566.47","68.90M","-0.55%"
"01/06/2021","13,891.97","13,687.08","13,919.23","13,617.11","92.50M","1.76%"
"01/07/2021","13,968.24","13,946.53","14,007.47","13,902.24","86.10M","0.55%"
"01/08/2021","14,049.53","14,106.60","14,131.52","14,007.71","79.82M","0.58%"
"01/11/2021","13,936.66","13,986.42","14,007.65","13,806.69","67.16M","-0.80%"
"01/12/2021","13,925.06","13,985.89","13,999.57","13,871.44","75.79M","-0.08%"
"01/13/2021","13,939.71","13,899.06","13,978.43","13,868.83","70.60M","0.11%"
"01/14/2021","13,988.70","13,973.77","14,030.22","13,942.88","75.54M","0.35%"
"01/15/2021","13,787.73","13,904.30","13,958.16","13,672.67","96.85M","-1.44%"
"01/18/2021","13,848.35","13,701.98","13,850.40","13,701.74","49.83M","0.44%"
"01/19/2021","13,815.06","13,935.93","13,940.05","13,804.46","64.90M","-0.24%"
"01/20/2021","13,921.37","13,848.77","13,952.20","13,835.99","65.21M","0.77%"
"01/21/2021","13,906.67","13,997.78","14,026.35","13,878.84","63.25M","-0.11%"
"01/22/2021","13,873.97","13,858.05","13,897.73","13,744.26","74.57M","-0.24%"
"01/25/2021","13,643.95","13,943.96","13,946.85","13,599.78","77.57M","-1.66%"
"01/26/2021","13,870.99","13,687.39","13,925.73","13,670.23","79.52M","1.66%"
"01/27/2021","13,620.46","13,827.47","13,851.84","13,475.03","105.22M","-1.81%"
"01/28/2021","13,665.93","13,500.64","13,698.54","13,310.95","90.78M","0.33%"
"01/29/2021","13,432.87","13,474.20","13,593.03","13,403.74","103.42M","-1.71%"
"02/01/2021","13,622.02","13,559.94","13,648.05","13,518.45","65.32M","1.41%"
"02/02/2021","13,835.16","13,724.12","13,844.94","13,693.93","78.72M","1.56%"
"02/03/2021","13,933.63","13,986.72","13,988.15","13,866.39","82.15M","0.71%"
"02/04/2021","14,060.29","13,971.94","14,069.89","13,955.70","83.87M","0.91%"
"02/05/2021","14,056.72","14,061.69","14,114.44","14,013.13","76.26M","-0.03%"
"02/08/2021","14,059.91","14,156.84","14,169.49","14,056.55","61.53M","0.02%"
"02/09/2021","14,011.80","14,055.60","14,061.61","13,962.14","58.42M","-0.34%"
"02/10/2021","13,932.97","14,063.12","14,063.12","13,830.12","67.41M","-0.56%"
"02/11/2021","14,040.91","13,958.39","14,053.06","13,916.63","53.85M","0.77%"
"02/12/2021","14,049.89","13,976.13","14,050.96","13,916.73","57.70M","0.06%"
"02/15/2021","14,109.48","14,109.07","14,131.21","14,074.25","49.90M","0.42%"
"02/16/2021","14,064.60","14,105.13","14,130.74","14,049.98","58.66M","-0.32%"
"02/17/2021","13,909.27","14,028.10","14,036.95","13,894.06","81.27M","-1.10%"
"02/18/2021","13,886.93","13,926.84","13,961.05","13,853.77","67.92M","-0.16%"
"02/19/2021","13,993.23","13,941.40","14,026.18","13,892.72","72.97M","0.77%"
"02/22/2021","13,950.04","13,858.56","13,975.08","13,802.55","66.04M","-0.31%"
"02/23/2021","13,864.81","13,984.98","13,989.24","13,664.71","88.20M","-0.61%"
"02/24/2021","13,976.00","13,855.85","13,998.30","13,855.85","68.92M","0.80%"
"02/25/2021","13,879.33","14,045.02","14,051.01","13,879.17","95.43M","-0.69%"
"02/26/2021","13,786.29","13,685.80","13,881.26","13,673.07","104.07M","-0.67%"
"03/01/2021","14,012.82","13,962.43","14,022.02","13,873.83","69.57M","1.64%"
"03/02/2021","14,039.80","13,962.07","14,101.79","13,961.62","63.31M","0.19%"
"03/03/2021","14,080.03","14,130.86","14,197.49","13,979.73","84.77M","0.29%"
"03/04/2021","14,056.34","14,015.44","14,095.81","13,959.27","84.62M","-0.17%"
"03/05/2021","13,920.69","13,958.54","14,068.03","13,868.20","89.79M","-0.97%"
"03/08/2021","14,380.91","14,024.57","14,402.92","13,977.13","109.07M","3.31%"
"03/09/2021","14,437.94","14,345.51","14,475.65","14,309.35","107.88M","0.40%"
"03/10/2021","14,540.25","14,439.45","14,560.97","14,408.52","95.72M","0.71%"
"03/11/2021","14,569.39","14,553.54","14,595.02","14,515.07","74.07M","0.20%"
"03/12/2021","14,502.39","14,492.45","14,527.42","14,450.72","69.10M","-0.46%"
"03/15/2021","14,461.42","14,504.49","14,572.24","14,409.35","62.77M","-0.28%"
"03/16/2021","14,557.58","14,519.72","14,601.79","14,511.30","71.43M","0.66%"
"03/17/2021","14,596.61","14,565.29","14,601.63","14,539.70","75.96M","0.27%"
"03/18/2021","14,775.52","14,673.72","14,804.01","14,669.95","104.69M","1.23%"
"03/19/2021","14,621.00","14,697.26","14,747.56","14,563.21","207.44M","-1.05%"
"03/22/2021","14,657.21","14,551.17","14,677.12","14,539.27","66.13M","0.25%"
"03/23/2021","14,662.02","14,582.07","14,707.37","14,516.22","73.30M","0.03%"
"03/24/2021","14,610.39","14,543.58","14,619.04","14,523.12","65.08M","-0.35%"
"03/25/2021","14,621.36","14,550.40","14,621.36","14,422.65","80.10M","0.08%"
"03/26/2021","14,748.94","14,714.59","14,776.32","14,693.94","67.17M","0.87%"
"03/29/2021","14,817.72","14,809.80","14,845.42","14,756.04","71.11M","0.47%"
"03/30/2021","15,008.61","14,897.66","15,029.70","14,890.28","71.17M","1.29%"
"03/31/2021","15,008.34","14,982.12","15,026.49","14,973.59","76.06M","0.00%"
"04/01/2021","15,107.17","15,053.77","15,110.92","15,032.52","67.89M","0.66%"
"04/06/2021","15,212.68","15,289.97","15,311.86","15,209.90","79.48M","0.70%"
"04/07/2021","15,176.36","15,221.23","15,242.73","15,160.28","59.12M","-0.24%"
"04/08/2021","15,202.68","15,236.44","15,247.78","15,144.11","68.86M","0.17%"
"04/09/2021","15,234.16","15,198.14","15,243.56","15,157.21","56.87M","0.21%"
"04/12/2021","15,215.00","15,238.85","15,275.33","15,212.24","53.65M","-0.13%"
"04/13/2021","15,234.36","15,244.62","15,281.65","15,184.95","62.44M","0.13%"
"04/14/2021","15,209.15","15,253.59","15,255.92","15,191.51","66.67M","-0.17%"
"04/15/2021","15,255.33","15,238.63","15,271.69","15,227.63","61.83M","0.30%"
"04/16/2021","15,459.75","15,277.85","15,473.83","15,274.22","82.76M","1.34%"
"04/19/2021","15,368.39","15,496.87","15,501.84","15,368.14","61.84M","-0.59%"
"04/20/2021","15,129.51","15,361.15","15,393.13","15,109.54","76.23M","-1.55%"
"04/21/2021","15,195.97","15,179.91","15,210.69","15,071.78","67.08M","0.44%"
"04/22/2021","15,320.52","15,252.04","15,328.33","15,230.20","59.63M","0.82%"
"04/23/2021","15,279.62","15,267.76","15,309.09","15,149.35","57.80M","-0.27%"
"04/26/2021","15,296.34","15,297.93","15,325.89","15,237.02","49.12M","0.11%"
"04/27/2021","15,249.27","15,282.84","15,293.89","15,186.76","54.51M","-0.31%"
"04/28/2021","15,292.18","15,320.40","15,355.28","15,266.61","79.61M","0.28%"
"04/29/2021","15,154.20","15,326.23","15,329.72","15,085.02","80.11M","-0.90%"
"04/30/2021","15,135.91","15,204.39","15,244.26","15,135.91","75.20M","-0.12%"
"05/03/2021","15,236.47","15,191.79","15,268.56","15,111.30","48.82M","0.66%"
"05/04/2021","14,856.48","15,259.50","15,260.75","14,845.27","89.42M","-2.49%"
"05/05/2021","15,170.78","14,969.63","15,170.78","14,963.77","81.59M","2.12%"
"05/06/2021","15,196.74","15,170.77","15,281.40","15,092.77","77.04M","0.17%"
"05/07/2021","15,399.65","15,348.32","15,406.41","15,290.20","74.56M","1.34%"
"05/10/2021","15,400.41","15,417.53","15,419.43","15,347.96","65.16M","0.00%"
"05/11/2021","15,119.75","15,253.32","15,255.89","15,006.73","80.13M","-1.82%"
"05/12/2021","15,150.22","15,144.04","15,226.36","15,058.11","79.30M","0.20%"
"05/13/2021","15,199.68","14,967.80","15,235.89","14,816.35","64.38M","0.33%"
"05/14/2021","15,416.64","15,301.74","15,417.24","15,214.68","69.23M","1.43%"
"05/17/2021","15,396.62","15,432.34","15,482.23","15,353.66","67.79M","-0.13%"
"05/18/2021","15,386.58","15,514.72","15,538.01","15,344.10","65.84M","-0.07%"
"05/19/2021","15,113.56","15,238.82","15,266.53","14,961.27","75.86M","-1.77%"
"05/20/2021","15,370.26","15,207.32","15,370.26","15,102.35","65.60M","1.70%"
"05/21/2021","15,437.51","15,411.03","15,467.19","15,364.43","70.07M","0.44%"
"05/25/2021","15,465.09","15,548.29","15,568.60","15,465.09","92.98M","0.18%"
"05/26/2021","15,450.72","15,520.44","15,541.86","15,407.48","58.67M","-0.09%"
"05/27/2021","15,406.73","15,419.20","15,490.06","15,350.67","119.42M","-0.28%"
"05/28/2021","15,519.98","15,443.14","15,548.72","15,435.74","56.86M","0.74%"
"05/31/2021","15,421.13","15,496.48","15,499.64","15,414.38","36.50M","-0.64%"
"06/01/2021","15,567.36","15,513.13","15,685.40","15,512.36","56.07M","0.95%"
"06/02/2021","15,602.71","15,570.77","15,631.02","15,554.02","51.68M","0.23%"
"06/03/2021","15,632.67","15,591.54","15,657.15","15,477.32","45.34M","0.19%"
"06/04/2021","15,692.90","15,651.69","15,705.89","15,607.92","44.67M","0.39%"
"06/07/2021","15,677.15","15,661.58","15,732.06","15,614.18","46.95M","-0.10%"
"06/08/2021","15,640.60","15,674.41","15,727.23","15,638.32","54.92M","-0.23%"
"06/09/2021","15,581.14","15,642.74","15,669.14","15,505.15","50.37M","-0.38%"
"06/10/2021","15,571.22","15,610.08","15,637.94","15,513.36","57.00M","-0.06%"
"06/11/2021","15,693.27","15,583.29","15,703.84","15,548.35","57.09M","0.78%"
"06/14/2021","15,673.64","15,739.89","15,802.67","15,673.64","46.56M","-0.13%"
"06/15/2021","15,729.52","15,744.77","15,792.35","15,714.94","46.00M","0.36%"
"06/16/2021","15,710.57","15,756.83","15,759.66","15,674.61","58.59M","-0.12%"
"06/17/2021","15,727.67","15,655.32","15,752.34","15,649.22","62.36M","0.11%"
"06/18/2021","15,448.04","15,720.52","15,736.93","15,426.76","126.35M","-1.78%"
"06/21/2021","15,603.24","15,391.50","15,606.57","15,309.44","61.78M","1.00%"
"06/22/2021","15,636.33","15,587.57","15,652.75","15,518.31","53.06M","0.21%"
"06/23/2021","15,456.39","15,674.33","15,675.90","15,456.39","50.47M","-1.15%"
"06/24/2021","15,589.23","15,528.55","15,606.89","15,476.67","52.48M","0.86%"
"06/25/2021","15,607.97","15,584.90","15,612.66","15,533.40","46.61M","0.12%"
"06/28/2021","15,554.18","15,570.80","15,668.08","15,542.17","43.95M","-0.34%"
"06/29/2021","15,690.59","15,565.83","15,752.93","15,555.49","50.28M","0.88%"
"06/30/2021","15,531.04","15,700.06","15,709.34","15,461.20","63.95M","-1.02%"
"07/01/2021","15,603.81","15,624.28","15,708.78","15,488.49","49.57M","0.47%"
"07/02/2021","15,650.09","15,644.84","15,705.53","15,616.43","43.12M","0.30%"
"07/05/2021","15,661.97","15,628.42","15,673.88","15,535.29","29.75M","0.08%"
"07/06/2021","15,511.38","15,615.07","15,647.88","15,466.66","53.76M","-0.96%"
"07/07/2021","15,692.71","15,606.94","15,700.95","15,604.58","59.73M","1.17%"
"07/08/2021","15,420.64","15,584.72","15,591.65","15,304.41","78.81M","-1.73%"
"07/09/2021","15,687.93","15,497.93","15,687.93","15,479.44","60.46M","1.73%"
"07/12/2021","15,790.51","15,675.42","15,806.90","15,631.84","47.46M","0.65%"
"07/13/2021","15,789.64","15,769.51","15,806.57","15,747.57","50.05M","-0.01%"
"07/14/2021","15,788.98","15,733.19","15,810.68","15,717.83","41.15M","0.00%"
"07/15/2021","15,629.66","15,737.36","15,737.36","15,592.01","62.69M","-1.01%"
"07/16/2021","15,540.31","15,682.75","15,699.93","15,476.99","60.32M","-0.57%"
"07/19/2021","15,133.20","15,420.14","15,423.84","15,048.56","85.99M","-2.62%"
"07/20/2021","15,216.27","15,234.85","15,300.29","15,091.90","60.03M","0.55%"
"07/21/2021","15,422.50","15,239.92","15,443.76","15,194.54","65.07M","1.36%"
"07/22/2021","15,514.54","15,533.22","15,578.75","15,471.47","50.33M","0.60%"
"07/23/2021","15,669.29","15,603.69","15,681.41","15,583.65","54.90M","1.00%"
"07/26/2021","15,618.98","15,586.66","15,641.61","15,544.94","38.64M","-0.32%"
"07/27/2021","15,519.13","15,537.89","15,586.90","15,423.56","44.08M","-0.64%"
"07/28/2021","15,570.36","15,538.75","15,577.13","15,497.10","56.57M","0.33%"
"07/29/2021","15,640.47","15,608.82","15,659.22","15,563.65","51.56M","0.45%"
"07/30/2021","15,544.39","15,493.74","15,613.66","15,440.89","61.34M","-0.61%"
"08/02/2021","15,568.73","15,631.70","15,702.89","15,511.25","53.80M","0.16%"
"08/03/2021","15,555.08","15,537.69","15,608.07","15,492.58","50.03M","-0.09%"
"08/04/2021","15,692.13","15,653.65","15,712.27","15,600.80","54.85M","0.88%"
"08/05/2021","15,744.67","15,691.74","15,751.88","15,672.27","61.56M","0.33%"
"08/06/2021","15,761.45","15,770.85","15,808.24","15,737.10","52.19M","0.11%"
"08/09/2021","15,745.41","15,773.51","15,798.51","15,699.27","41.28M","-0.10%"
"08/10/2021","15,770.71","15,734.14","15,802.15","15,733.65","37.94M","0.16%"
"08/11/2021","15,826.09","15,792.12","15,887.16","15,724.99","46.98M","0.35%"
"08/12/2021","15,937.51","15,829.27","15,964.38","15,823.53","53.02M","0.70%"
"08/13/2021","15,977.44","15,948.15","16,030.33","15,940.82","39.91M","0.25%"
"08/16/2021","15,925.73","15,875.70","15,961.18","15,851.28","44.31M","-0.32%"
"08/17/2021","15,921.95","15,872.12","15,937.47","15,811.57","46.08M","-0.02%"
"08/18/2021","15,965.97","15,935.21","15,969.85","15,872.99","45.36M","0.28%"
"08/19/2021","15,765.81","15,737.18","15,804.85","15,621.98","64.75M","-1.25%"
"08/20/2021","15,808.04","15,734.68","15,808.04","15,656.28","49.98M","0.27%"
"08/23/2021","15,852.79","15,930.72","15,930.72","15,799.59","39.88M","0.28%"
"08/24/2021","15,905.85","15,897.86","15,918.72","15,856.05","42.75M","0.33%"
"08/25/2021","15,860.66","15,912.85","15,932.62","15,853.32","35.54M","-0.28%"
"08/26/2021","15,793.62","15,773.71","15,834.91","15,701.85","39.68M","-0.42%"
"08/27/2021","15,851.75","15,778.92","15,859.77","15,752.09","32.13M","0.37%"
"08/30/2021","15,887.31","15,856.71","15,896.73","15,847.66","27.22M","0.22%"
"08/31/2021","15,835.09","15,929.26","16,006.76","15,761.57","75.10M","-0.33%"
"09/01/2021","15,824.29","15,958.41","15,981.70","15,773.44","53.32M","-0.07%"
"09/02/2021","15,840.59","15,813.57","15,874.67","15,810.77","37.30M","0.10%"
"09/03/2021","15,781.20","15,841.45","15,868.69","15,690.02","40.90M","-0.37%"
"09/06/2021","15,932.12","15,818.44","15,959.74","15,814.63","31.92M","0.96%"
"09/07/2021","15,843.09","15,896.56","15,927.77","15,826.86","45.06M","-0.56%"
"09/08/2021","15,610.28","15,714.61","15,755.30","15,590.41","62.58M","-1.47%"
"09/09/2021","15,623.15","15,499.45","15,693.22","15,453.96","54.61M","0.08%"
"09/10/2021","15,609.81","15,648.89","15,702.60","15,574.94","55.58M","-0.09%"
"09/13/2021","15,701.42","15,681.17","15,787.66","15,674.16","50.52M","0.59%"
"09/14/2021","15,722.99","15,697.72","15,763.58","15,663.42","51.34M","0.14%"
"09/15/2021","15,616.00","15,731.48","15,740.01","15,613.72","58.97M","-0.68%"
"09/16/2021","15,651.75","15,666.63","15,745.19","15,638.23","54.36M","0.23%"
"09/17/2021","15,490.17","15,774.57","15,791.90","15,455.54","158.39M","-1.03%"
"09/20/2021","15,132.06","15,259.50","15,262.76","15,019.49","96.69M","-2.31%"
"09/21/2021","15,348.53","15,265.03","15,394.33","15,205.70","61.55M","1.43%"
"09/22/2021","15,506.74","15,463.24","15,508.42","15,378.93","54.14M","1.03%"
"09/23/2021","15,643.97","15,630.01","15,695.65","15,593.72","54.65M","0.88%"
"09/24/2021","15,531.75","15,562.14","15,573.46","15,497.17","49.97M","-0.72%"
"09/27/2021","15,573.88","15,699.01","15,704.05","15,552.09","59.04M","0.27%"
"09/28/2021","15,248.56","15,542.03","15,542.41","15,232.97","75.18M","-2.09%"
"09/29/2021","15,365.27","15,357.00","15,422.75","15,301.35","56.30M","0.77%"
"09/30/2021","15,260.69","15,434.33","15,448.52","15,246.00","74.66M","-0.68%"
"10/01/2021","15,156.44","15,041.60","15,262.75","14,983.80","66.03M","-0.68%"
"10/04/2021","15,036.55","15,061.86","15,175.25","15,016.93","52.65M","-0.79%"
"10/05/2021","15,194.49","15,055.40","15,202.20","15,011.44","60.53M","1.05%"
"10/06/2021","14,973.33","15,040.10","15,049.49","14,818.71","96.19M","-1.46%"
"10/07/2021","15,250.86","15,162.75","15,253.29","15,116.47","76.33M","1.85%"
"10/08/2021","15,206.13","15,242.76","15,267.92","15,184.76","59.53M","-0.29%"
"10/11/2021","15,199.14","15,115.46","15,202.74","15,094.44","75.31M","-0.05%"
"10/12/2021","15,146.87","15,025.35","15,174.29","15,012.07","60.96M","-0.34%"
"10/13/2021","15,249.38","15,130.80","15,302.43","15,109.61","69.66M","0.68%"
"10/14/2021","15,462.72","15,350.72","15,464.38","15,303.39","60.00M","1.40%"
"10/15/2021","15,587.36","15,481.22","15,598.58","15,465.93","73.67M","0.81%"
"10/18/2021","15,474.47","15,518.59","15,542.17","15,416.02","49.46M","-0.72%"
"10/19/2021","15,515.83","15,510.99","15,527.97","15,457.43","49.58M","0.27%"
"10/20/2021","15,522.92","15,473.56","15,567.07","15,465.03","54.74M","0.05%"
"10/21/2021","15,472.56","15,408.80","15,532.94","15,406.59","54.65M","-0.32%"
"10/22/2021","15,542.98","15,507.99","15,614.76","15,492.29","49.95M","0.46%"
"10/25/2021","15,599.23","15,580.58","15,618.88","15,531.95","51.30M","0.36%"
"10/26/2021","15,757.06","15,652.91","15,781.00","15,650.35","56.06M","1.01%"
"10/27/2021","15,705.81","15,725.40","15,744.79","15,671.59","73.43M","-0.33%"
"10/28/2021","15,696.33","15,681.52","15,706.39","15,629.33","78.88M","-0.06%"
"10/29/2021","15,688.77","15,579.90","15,689.66","15,495.51","80.57M","-0.05%"
"11/01/2021","15,806.29","15,764.55","15,849.40","15,760.35","49.16M","0.75%"
"11/02/2021","15,954.45","15,825.27","15,960.21","15,824.11","60.60M","0.94%"
"11/03/2021","15,959.98","15,957.15","15,972.71","15,922.10","74.35M","0.03%"
"11/04/2021","16,029.65","16,035.90","16,064.79","15,997.63","76.26M","0.44%"
"11/05/2021","16,054.36","16,011.57","16,084.90","16,008.40","75.30M","0.15%"
"11/08/2021","16,046.52","16,040.85","16,068.73","16,016.20","48.90M","-0.05%"
"11/09/2021","16,040.47","16,026.74","16,104.13","16,022.64","61.43M","-0.04%"
"11/10/2021","16,067.83","16,053.00","16,076.56","15,985.90","62.12M","0.17%"
"11/11/2021","16,083.11","16,067.34","16,114.55","16,032.50","56.63M","0.10%"
"11/12/2021","16,094.07","16,100.08","16,122.76","16,065.06","60.30M","0.07%"
"11/15/2021","16,148.64","16,109.41","16,149.87","16,072.29","53.30M","0.34%"
"11/16/2021","16,247.86","16,174.31","16,266.26","16,157.58","56.78M","0.61%"
"11/17/2021","16,251.13","16,248.32","16,283.52","16,240.51","54.13M","0.02%"
"11/18/2021","16,221.73","16,262.29","16,290.19","16,193.34","57.89M","-0.18%"
"11/19/2021","16,159.97","16,269.22","16,282.87","16,092.63","105.50M","-0.38%"
"11/22/2021","16,115.69","16,188.54","16,202.77","16,090.54","65.47M","-0.27%"
"11/23/2021","15,937.00","15,987.20","16,054.38","15,866.01","91.00M","-1.11%"
"11/24/2021","15,878.39","15,942.28","15,974.30","15,740.60","87.89M","-0.37%"
"11/25/2021","15,917.98","15,928.38","15,962.54","15,865.41","57.28M","0.25%"
"11/26/2021","15,257.04","15,383.90","15,540.29","15,244.46","133.31M","-4.15%"
"11/29/2021","15,280.86","15,418.28","15,441.91","15,237.87","95.66M","0.16%"
"11/30/2021","15,100.13","15,117.63","15,280.04","15,015.42","152.64M","-1.18%"
"12/01/2021","15,472.67","15,233.37","15,509.46","15,187.09","86.13M","2.47%"
"12/02/2021","15,263.11","15,300.73","15,373.52","15,172.90","93.61M","-1.35%"
"12/03/2021","15,169.98","15,422.90","15,422.90","15,101.71","80.65M","-0.61%"
"12/06/2021","15,380.79","15,323.20","15,415.46","15,150.54","74.84M","1.39%"
"12/07/2021","15,813.94","15,546.70","15,827.94","15,544.79","86.20M","2.82%"
"12/08/2021","15,687.09","15,781.05","15,834.04","15,683.67","72.09M","-0.80%"
"12/09/2021","15,639.26","15,705.93","15,721.48","15,613.40","60.66M","-0.30%"
"12/10/2021","15,623.31","15,572.69","15,689.50","15,550.45","58.76M","-0.10%"
"12/13/2021","15,621.72","15,653.57","15,794.31","15,591.62","57.00M","-0.01%"
"12/14/2021","15,453.56","15,680.35","15,697.98","15,448.45","62.44M","-1.08%"
"12/15/2021","15,476.35","15,503.64","15,531.04","15,451.74","54.56M","0.15%"
"12/16/2021","15,636.40","15,708.94","15,780.93","15,621.57","87.30M","1.03%"
"12/17/2021","15,531.69","15,599.75","15,609.51","15,419.55","140.84M","-0.67%"
"12/20/2021","15,239.67","15,152.56","15,296.08","15,060.10","69.12M","-1.88%"
"12/21/2021","15,447.44","15,379.08","15,452.42","15,305.61","53.33M","1.36%"
"12/22/2021","15,593.47","15,474.84","15,593.47","15,425.16","43.00M","0.95%"
"12/23/2021","15,756.31","15,660.78","15,768.45","15,622.60","43.25M","1.04%"
"12/27/2021","15,835.25","15,705.53","15,854.62","15,697.44","28.90M","0.50%"
"12/28/2021","15,963.70","15,839.19","15,974.79","15,832.96","34.02M","0.81%"
"12/29/2021","15,852.25","15,952.47","15,955.03","15,803.59","34.97M","-0.70%"
"12/30/2021","15,884.86","15,837.56","15,890.74","15,834.57","32.46M","0.21%"
"01/03/2022","16,020.73","15,947.44","16,069.38","15,943.16","56.87M","0.86%"
"01/04/2022","16,152.61","16,069.80","16,202.58","16,036.52","75.19M","0.82%"
"01/05/2022","16,271.75","16,177.44","16,285.35","16,161.72","68.25M","0.74%"
"01/06/2022","16,052.03","16,076.16","16,156.56","15,988.63","75.76M","-1.35%"
"01/07/2022","15,947.74","15,999.02","16,044.28","15,862.71","74.47M","-0.65%"
"01/10/2022","15,768.27","16,006.44","16,015.34","15,724.23","82.83M","-1.13%"
"01/11/2022","15,941.81","15,918.82","15,979.99","15,880.39","74.62M","1.10%"
"01/12/2022","16,010.32","16,054.93","16,061.50","15,955.54","69.36M","0.43%"
"01/13/2022","16,031.59","15,959.83","16,090.29","15,941.78","72.98M","0.13%"
"01/14/2022","15,883.24","15,929.37","15,970.70","15,833.73","80.46M","-0.93%"
"01/17/2022","15,933.72","15,948.90","15,962.70","15,894.77","46.58M","0.32%"
"01/18/2022","15,772.56","15,839.15","15,843.58","15,669.35","70.56M","-1.01%"
"01/19/2022","15,809.72","15,639.45","15,898.05","15,629.86","74.92M","0.24%"
"01/20/2022","15,912.33","15,837.24","15,912.33","15,737.33","62.98M","0.65%"
"01/21/2022","15,603.88","15,694.82","15,728.29","15,456.87","105.90M","-1.94%"
"01/24/2022","15,011.13","15,499.61","15,587.39","14,952.67","115.82M","-3.80%"
"01/25/2022","15,123.87","15,139.07","15,205.75","14,979.11","86.07M","0.75%"
"01/26/2022","15,459.39","15,273.06","15,524.96","15,272.87","82.97M","2.22%"
"01/27/2022","15,524.27","15,229.98","15,582.45","15,197.53","105.99M","0.42%"
"01/28/2022","15,318.95","15,411.86","15,416.59","15,122.65","91.38M","-1.32%"
"01/31/2022","15,471.20","15,506.79","15,566.38","15,338.19","88.31M","0.99%"
"02/01/2022","15,619.39","15,620.56","15,687.96","15,537.05","74.93M","0.96%"
"02/02/2022","15,613.77","15,689.16","15,736.52","15,604.99","66.32M","-0.04%"
"02/03/2022","15,368.47","15,565.94","15,602.50","15,367.16","104.95M","-1.57%"
"02/04/2022","15,099.56","15,410.73","15,423.94","15,060.48","93.80M","-1.75%"
"02/07/2022","15,206.64","15,220.08","15,256.08","15,076.89","71.12M","0.71%"
"02/08/2022","15,242.38","15,221.70","15,338.00","15,158.80","80.96M","0.24%"
"02/09/2022","15,482.01","15,356.95","15,513.94","15,351.48","85.34M","1.57%"
"02/10/2022","15,490.44","15,597.06","15,614.47","15,413.37","94.70M","0.05%"
"02/11/2022","15,425.12","15,353.86","15,511.34","15,308.69","100.06M","-0.42%"
"02/14/2022","15,113.97","15,065.73","15,150.54","14,844.10","119.71M","-2.02%"
"02/15/2022","15,412.71","15,077.32","15,418.41","15,068.33","83.22M","1.98%"
"02/16/2022","15,370.30","15,431.27","15,542.84","15,327.94","67.04M","-0.28%"
"02/17/2022","15,267.63","15,404.14","15,440.08","15,206.40","78.68M","-0.67%"
"02/18/2022","15,042.51","15,278.66","15,317.39","14,989.05","87.53M","-1.47%"
"02/21/2022","14,731.12","15,186.63","15,192.47","14,617.66","78.15M","-2.07%"
"02/22/2022","14,693.00","14,365.06","14,782.16","14,357.86","115.32M","-0.26%"
"02/23/2022","14,631.36","14,754.22","14,901.09","14,586.35","89.09M","-0.42%"
"02/24/2022","14,052.10","13,989.41","14,221.71","13,807.28","219.86M","-3.96%"
"02/25/2022","14,567.23","14,230.09","14,567.62","14,027.93","160.38M","3.67%"
"02/28/2022","14,461.02","14,263.73","14,510.77","14,106.89","160.85M","-0.73%"
"03/01/2022","13,904.85","14,404.22","14,448.61","13,904.85","145.25M","-3.85%"
"03/02/2022","14,000.11","13,836.93","14,114.79","13,707.86","158.82M","0.69%"
"03/03/2022","13,698.40","13,990.25","14,057.15","13,669.10","118.91M","-2.16%"
"03/04/2022","13,094.54","13,485.98","13,562.60","13,094.54","178.57M","-4.41%"
"03/07/2022","12,834.65","12,614.08","13,150.35","12,438.85","192.41M","-1.98%"
"03/08/2022","12,831.51","12,673.89","13,106.78","12,672.00","172.92M","-0.02%"
"03/09/2022","13,847.93","13,215.06","13,847.93","13,199.68","177.83M","7.92%"
"03/10/2022","13,442.10","13,819.44","13,829.97","13,341.79","148.86M","-2.93%"
"03/11/2022","13,628.11","13,479.69","13,943.97","13,407.97","130.84M","1.38%"
"03/14/2022","13,929.11","13,827.22","14,082.06","13,815.80","118.95M","2.21%"
"03/15/2022","13,917.27","13,768.44","13,974.84","13,577.81","101.28M","-0.09%"
"03/16/2022","14,440.74","14,245.77","14,553.10","14,183.26","138.61M","3.76%"
"03/17/2022","14,388.06","14,500.05","14,509.23","14,243.94","96.87M","-0.36%"
"03/18/2022","14,413.09","14,374.41","14,413.09","14,109.79","181.20M","0.17%"
"03/21/2022","14,326.97","14,385.82","14,457.30","14,306.26","69.81M","-0.60%"
"03/22/2022","14,473.20","14,365.67","14,508.01","14,343.34","79.55M","1.02%"
"03/23/2022","14,283.65","14,532.84","14,539.31","14,226.43","76.38M","-1.31%"
"03/24/2022","14,273.79","14,305.80","14,375.82","14,187.82","77.32M","-0.07%"
"03/25/2022","14,305.76","14,332.26","14,428.03","14,247.38","73.04M","0.22%"
"03/28/2022","14,417.37","14,376.00","14,627.58","14,371.90","70.59M","0.78%"
"03/29/2022","14,820.33","14,592.74","14,925.25","14,553.71","99.66M","2.79%"
"03/30/2022","14,606.05","14,712.32","14,744.72","14,555.87","76.51M","-1.45%"
"03/31/2022","14,414.75","14,674.83","14,732.00","14,404.03","88.19M","-1.31%"
"04/01/2022","14,446.48","14,447.78","14,506.02","14,403.09","72.48M","0.22%"
"04/04/2022","14,518.16","14,503.96","14,535.07","14,334.10","69.36M","0.50%"
"04/05/2022","14,424.36","14,504.80","14,603.44","14,347.33","79.13M","-0.65%"
"04/06/2022","14,151.69","14,402.16","14,437.91","14,027.18","104.31M","-1.89%"
"04/07/2022","14,078.15","14,187.13","14,315.35","14,069.53","84.79M","-0.52%"
"04/08/2022","14,283.67","14,275.87","14,321.82","14,178.28","74.25M","1.46%"
"04/11/2022","14,192.78","14,162.97","14,298.02","14,094.83","69.82M","-0.64%"
"04/12/2022","14,124.95","13,956.56","14,180.09","13,887.11","104.68M","-0.48%"
"04/13/2022","14,076.44","14,062.70","14,100.03","13,961.95","80.46M","-0.34%"
"04/14/2022","14,163.85","14,098.48","14,198.78","14,038.30","87.53M","0.62%"
"04/19/2022","14,153.46","14,057.43","14,199.09","13,991.70","70.61M","-0.07%"
"04/20/2022","14,362.03","14,154.48","14,362.03","14,149.68","75.49M","1.47%"
"04/21/2022","14,502.41","14,376.05","14,598.11","14,374.59","78.40M","0.98%"
"04/22/2022","14,142.09","14,320.51","14,372.47","14,142.09","82.42M","-2.48%"
"04/25/2022","13,924.17","13,908.05","14,037.63","13,863.39","85.28M","-1.54%"
"04/26/2022","13,756.40","14,087.08","14,112.84","13,749.68","98.35M","-1.20%"
"04/27/2022","13,793.94","13,760.22","13,849.43","13,566.20","134.62M","0.27%"
"04/28/2022","13,979.84","13,907.06","14,074.71","13,822.16","97.67M","1.35%"
"04/29/2022","14,097.88","14,095.93","14,187.02","14,038.55","102.03M","0.84%"
"05/02/2022","13,939.07","13,996.82","14,036.11","13,778.13","85.97M","-1.13%"
"05/03/2022","14,039.47","13,958.92","14,081.15","13,920.46","86.47M","0.72%"
"05/04/2022","13,970.82","14,020.90","14,073.21","13,970.62","71.63M","-0.49%"
"05/05/2022","13,902.52","14,282.77","14,315.24","13,857.58","86.03M","-0.49%"
"05/06/2022","13,674.29","13,832.65","13,851.45","13,592.15","96.55M","-1.64%"
"05/09/2022","13,380.67","13,624.92","13,697.90","13,380.67","82.76M","-2.15%"
"05/10/2022","13,534.74","13,550.02","13,719.95","13,514.49","84.93M","1.15%"
"05/11/2022","13,828.64","13,587.29","13,829.10","13,508.56","107.72M","2.17%"
"05/12/2022","13,739.64","13,512.13","13,808.09","13,479.36","110.59M","-0.64%"
"05/13/2022","14,027.93","13,837.42","14,034.15","13,795.64","90.81M","2.10%"
"05/16/2022","13,964.38","13,986.17","14,043.10","13,864.95","67.92M","-0.45%"
"05/17/2022","14,185.94","14,072.67","14,203.09","14,056.98","71.18M","1.59%"
"05/18/2022","14,007.76","14,197.18","14,226.47","13,999.54","69.36M","-1.26%"
"05/19/2022","13,882.30","13,822.35","13,882.30","13,683.59","82.30M","-0.90%"
"05/20/2022","13,981.91","13,968.26","14,161.32","13,944.16","83.09M","0.72%"
"05/23/2022","14,175.40","14,179.84","14,217.48","14,026.14","60.58M","1.38%"
"05/24/2022","13,919.75","14,043.22","14,105.06","13,917.08","70.96M","-1.80%"
"05/25/2022","14,007.93","14,022.27","14,053.59","13,871.48","64.01M","0.63%"
"05/26/2022","14,231.29","14,025.44","14,253.61","14,025.44","57.44M","1.59%"
"05/27/2022","14,462.19","14,289.53","14,463.50","14,246.83","71.34M","1.62%"
"05/30/2022","14,575.98","14,572.80","14,589.45","14,509.58","54.72M","0.79%"
"05/31/2022","14,388.35","14,513.34","14,547.09","14,359.39","146.72M","-1.29%"
"06/01/2022","14,340.47","14,478.37","14,489.00","14,329.51","68.01M","-0.33%"
"06/02/2022","14,485.17","14,394.36","14,492.78","14,393.04","50.05M","1.01%"
"06/03/2022","14,460.09","14,585.18","14,589.91","14,443.11","46.40M","-0.17%"
"06/06/2022","14,653.81","14,576.87","14,709.38","14,548.26","38.14M","1.34%"
"06/07/2022","14,556.62","14,569.30","14,590.69","14,458.34","51.84M","-0.66%"
"06/08/2022","14,445.99","14,595.78","14,602.06","14,378.50","61.85M","-0.76%"
"06/09/2022","14,198.80","14,364.59","14,420.73","14,186.93","64.87M","-1.71%"
"06/10/2022","13,761.83","14,110.03","14,121.07","13,749.77","89.34M","-3.08%"
"06/13/2022","13,427.03","13,564.47","13,648.84","13,379.87","91.21M","-2.43%"
"06/14/2022","13,304.39","13,557.44","13,569.93","13,294.00","78.30M","-0.91%"
"06/15/2022","13,485.29","13,480.50","13,566.80","13,358.40","80.76M","1.36%"
"06/16/2022","13,038.49","13,440.43","13,443.32","13,007.91","104.05M","-3.31%"
"06/17/2022","13,126.26","13,092.85","13,237.70","13,020.42","190.39M","0.67%"
"06/20/2022","13,265.60","13,207.79","13,265.60","13,106.38","54.60M","1.06%"
"06/21/2022","13,292.40","13,335.15","13,443.77","13,273.20","64.76M","0.20%"
"06/22/2022","13,144.28","13,062.26","13,206.11","12,965.69","76.14M","-1.11%"
"06/23/2022","12,912.59","13,082.62","13,120.31","12,912.59","99.25M","-1.76%"
"06/24/2022","13,118.13","12,949.87","13,160.71","12,904.86","95.71M","1.59%"
"06/27/2022","13,186.07","13,217.90","13,378.42","13,126.86","69.03M","0.52%"
"06/28/2022","13,231.82","13,264.62","13,358.62","13,221.04","61.09M","0.35%"
"06/29/2022","13,003.35","13,089.99","13,132.36","12,946.76","70.35M","-1.73%"
"06/30/2022","12,783.77","12,795.22","12,811.43","12,618.68","114.22M","-1.69%"
"07/01/2022","12,813.03","12,627.66","12,894.38","12,623.23","80.29M","0.23%"
"07/04/2022","12,773.38","12,904.09","12,919.70","12,741.63","52.50M","-0.31%"
"07/05/2022","12,401.20","12,851.29","12,870.24","12,390.95","90.49M","-2.91%"
"07/06/2022","12,594.52","12,587.55","12,668.68","12,509.22","78.68M","1.56%"
"07/07/2022","12,843.22","12,757.63","12,867.71","12,693.65","79.39M","1.97%"
"07/08/2022","13,015.23","12,814.10","13,019.13","12,766.80","75.19M","1.34%"
"07/11/2022","12,832.44","12,783.09","12,934.87","12,774.23","55.46M","-1.40%"
"07/12/2022","12,905.48","12,751.30","12,905.48","12,655.06","65.20M","0.57%"
"07/13/2022","12,756.32","12,800.87","12,851.90","12,625.22","63.03M","-1.16%"
"07/14/2022","12,519.66","12,759.29","12,788.01","12,434.29","72.61M","-1.86%"
"07/15/2022","12,864.72","12,562.15","12,875.67","12,532.94","77.50M","2.76%"
"07/18/2022","12,959.81","12,935.05","13,062.23","12,913.69","61.27M","0.74%"
"07/19/2022","13,308.41","12,884.83","13,351.20","12,827.89","73.42M","2.69%"
"07/20/2022","13,281.98","13,356.67","13,399.40","13,129.13","75.18M","-0.20%"
"07/21/2022","13,246.64","13,261.82","13,318.64","13,097.75","87.89M","-0.27%"
"07/22/2022","13,253.68","13,179.56","13,367.04","13,171.14","76.08M","0.05%"
"07/25/2022","13,210.32","13,183.24","13,337.06","13,151.86","56.56M","-0.33%"
"07/26/2022","13,096.93","13,181.92","13,197.95","13,042.41","58.21M","-0.86%"
"07/27/2022","13,166.38","13,158.64","13,204.58","13,089.96","79.90M","0.53%"
"07/28/2022","13,282.11","13,214.41","13,289.39","13,091.26","74.31M","0.88%"
"07/29/2022","13,484.05","13,353.28","13,515.03","13,340.59","82.63M","1.52%"
"08/01/2022","13,479.63","13,471.20","13,570.22","13,464.90","57.23M","-0.03%"
"08/02/2022","13,449.20","13,419.19","13,484.55","13,335.39","56.68M","-0.23%"
"08/03/2022","13,587.56","13,398.70","13,595.07","13,388.34","63.64M","1.03%"
"08/04/2022","13,662.68","13,629.70","13,792.88","13,628.57","64.72M","0.55%"
"08/05/2022","13,573.93","13,642.91","13,693.34","13,562.62","62.48M","-0.65%"
"08/08/2022","13,687.69","13,703.38","13,745.59","13,604.55","51.64M","0.84%"
"08/09/2022","13,534.97","13,703.38","13,745.59","13,514.71","51.02M","-1.12%"
"08/10/2022","13,700.93","13,482.63","13,715.56","13,455.70","56.49M","1.23%"
"08/11/2022","13,694.51","13,747.07","13,763.26","13,661.17","54.58M","-0.05%"
"08/12/2022","13,795.85","13,709.83","13,813.05","13,705.02","58.50M","0.74%"
"08/15/2022","13,816.61","13,847.88","13,857.98","13,736.00","37.84M","0.15%"
"08/16/2022","13,910.12","13,849.62","13,947.85","13,824.97","50.95M","0.68%"
"08/17/2022","13,626.71","13,928.12","13,930.57","13,610.44","57.25M","-2.04%"
"08/18/2022","13,697.41","13,653.82","13,775.66","13,638.16","47.67M","0.52%"
"08/19/2022","13,544.52","13,591.24","13,660.34","13,525.69","66.00M","-1.12%"
"08/22/2022","13,230.57","13,471.44","13,510.29","13,189.27","68.37M","-2.32%"
"08/23/2022","13,194.23","13,163.52","13,298.26","13,156.44","53.96M","-0.27%"
"08/24/2022","13,220.06","13,131.12","13,238.61","13,085.20","46.81M","0.20%"
"08/25/2022","13,271.96","13,328.49","13,364.55","13,210.99","41.62M","0.39%"
"08/26/2022","12,971.47","13,335.10","13,375.02","12,939.96","67.31M","-2.26%"
"08/29/2022","12,892.99","12,838.42","12,942.46","12,758.44","54.30M","-0.61%"
"08/30/2022","12,961.14","12,919.43","13,154.15","12,885.08","62.48M","0.53%"
"08/31/2022","12,834.96","13,018.48","13,020.54","12,814.81","83.00M","-0.97%"
"09/01/2022","12,630.23","12,713.75","12,743.05","12,603.58","61.60M","-1.60%"
"09/02/2022","13,050.27","12,768.44","13,051.57","12,736.01","67.34M","3.33%"
"09/05/2022","12,760.78","12,827.58","12,827.58","12,617.40","62.87M","-2.22%"
"09/06/2022","12,871.44","12,807.27","12,927.79","12,760.04","53.64M","0.87%"
"09/07/2022","12,915.97","12,770.72","12,953.99","12,736.09","67.13M","0.35%"
"09/08/2022","12,904.32","12,985.61","13,008.82","12,688.87","71.24M","-0.09%"
"09/09/2022","13,088.21","12,926.15","13,121.13","12,925.57","67.72M","1.43%"
"09/12/2022","13,402.27","13,171.92","13,441.54","13,165.78","67.05M","2.40%"
"09/13/2022","13,188.95","13,450.39","13,564.83","13,183.19","68.43M","-1.59%"
"09/14/2022","13,028.00","13,131.34","13,192.82","12,952.09","62.45M","-1.22%"
"09/15/2022","12,956.66","13,040.36","13,111.38","12,927.20","67.76M","-0.55%"
"09/16/2022","12,741.26","12,814.92","12,815.33","12,699.22","148.56M","-1.66%"
"09/19/2022","12,803.24","12,685.29","12,866.70","12,606.64","49.58M","0.49%"
"09/20/2022","12,670.83","12,849.78","12,936.57","12,638.22","62.74M","-1.03%"
"09/21/2022","12,767.15","12,555.31","12,771.78","12,520.81","55.27M","0.76%"
"09/22/2022","12,531.63","12,531.66","12,781.56","12,526.61","66.53M","-1.84%"
"09/23/2022","12,284.19","12,506.64","12,521.25","12,180.76","86.71M","-1.97%"
"09/26/2022","12,227.92","12,231.84","12,368.49","12,184.00","67.27M","-0.46%"
"09/27/2022","12,139.68","12,332.85","12,414.09","12,139.68","78.96M","-0.72%"
"09/28/2022","12,183.28","12,025.43","12,198.37","11,862.84","96.22M","0.36%"
"09/29/2022","11,975.55","12,143.21","12,147.31","11,866.98","88.00M","-1.71%"
"09/30/2022","12,114.36","12,063.09","12,137.77","11,973.91","89.24M","1.16%"
"10/03/2022","12,209.48","11,951.84","12,227.87","11,893.94","63.67M","0.79%"
"10/04/2022","12,670.48","12,360.72","12,673.35","12,358.98","80.24M","3.78%"
"10/05/2022","12,517.18","12,611.07","12,661.88","12,455.36","62.39M","-1.21%"
"10/06/2022","12,470.78","12,593.41","12,643.22","12,421.89","53.53M","-0.37%"
"10/07/2022","12,273.00","12,414.78","12,497.52","12,272.59","56.97M","-1.59%"
"10/10/2022","12,272.94","12,175.52","12,410.83","12,174.63","68.34M","0.00%"
"10/11/2022","12,220.25","12,168.66","12,258.15","12,097.68","64.61M","-0.43%"
"10/12/2022","12,172.26","12,207.97","12,298.62","12,104.62","67.19M","-0.39%"
"10/13/2022","12,355.58","12,114.23","12,379.24","12,000.43","88.45M","1.51%"
"10/14/2022","12,437.81","12,549.02","12,676.42","12,395.99","82.48M","0.67%"
"10/17/2022","12,649.03","12,467.54","12,716.81","12,398.05","57.20M","1.70%"
"10/18/2022","12,765.61","12,788.53","12,931.76","12,746.36","65.99M","0.92%"
"10/19/2022","12,741.41","12,817.63","12,819.11","12,705.26","63.63M","-0.19%"
"10/20/2022","12,767.41","12,685.16","12,818.34","12,628.78","52.82M","0.20%"
"10/21/2022","12,730.90","12,641.12","12,775.52","12,548.15","82.22M","-0.29%"
"10/24/2022","12,931.45","12,868.77","13,020.45","12,747.38","62.92M","1.58%"
"10/25/2022","13,052.96","12,965.19","13,053.24","12,789.26","69.24M","0.94%"
"10/26/2022","13,195.81","13,054.49","13,203.24","13,023.40","65.69M","1.09%"
"10/27/2022","13,211.23","13,152.99","13,259.49","13,062.04","72.25M","0.12%"
"10/28/2022","13,243.33","13,072.92","13,250.66","13,051.25","64.19M","0.24%"
"10/31/2022","13,253.74","13,254.31","13,307.09","13,216.48","59.05M","0.08%"
"11/01/2022","13,338.74","13,344.85","13,444.07","13,287.07","51.44M","0.64%"
"11/02/2022","13,256.74","13,369.33","13,398.64","13,255.07","54.43M","-0.61%"
"11/03/2022","13,130.19","13,130.97","13,194.32","13,022.64","52.29M","-0.95%"
"11/04/2022","13,459.85","13,201.24","13,542.35","13,193.51","76.64M","2.51%"
"11/07/2022","13,533.52","13,398.79","13,611.30","13,391.00","56.99M","0.55%"
"11/08/2022","13,688.75","13,506.65","13,689.61","13,487.91","60.73M","1.15%"
"11/09/2022","13,666.32","13,653.98","13,691.12","13,557.08","64.01M","-0.16%"
"11/10/2022","14,146.09","13,603.79","14,157.25","13,599.35","114.86M","3.51%"
"11/11/2022","14,224.86","14,179.39","14,263.53","14,172.47","103.68M","0.56%"
"11/14/2022","14,313.30","14,295.81","14,431.18","14,243.35","72.41M","0.62%"
"11/15/2022","14,378.51","14,372.42","14,440.78","14,266.42","77.96M","0.46%"
"11/16/2022","14,234.03","14,374.86","14,382.62","14,195.31","76.20M","-1.00%"
"11/17/2022","14,266.38","14,348.46","14,384.54","14,149.70","58.05M","0.23%"
"11/18/2022","14,431.86","14,320.61","14,457.76","14,300.21","93.25M","1.16%"
"11/21/2022","14,379.93","14,395.53","14,425.95","14,321.84","48.08M","-0.36%"
"11/22/2022","14,422.35","14,352.54","14,485.49","14,343.80","50.37M","0.29%"
"11/23/2022","14,427.59","14,438.20","14,446.33","14,363.51","51.12M","0.04%"
"11/24/2022","14,539.56","14,456.15","14,570.71","14,447.55","50.50M","0.78%"
"11/25/2022","14,541.38","14,547.58","14,571.66","14,498.05","46.22M","0.01%"
"11/28/2022","14,383.36","14,471.10","14,514.73","14,374.15","53.34M","-1.09%"
"11/29/2022","14,355.45","14,404.67","14,429.87","14,327.04","51.09M","-0.19%"
"11/30/2022","14,397.04","14,429.22","14,487.70","14,363.32","97.64M","0.29%"
"12/01/2022","14,490.30","14,543.80","14,563.70","14,423.79","61.60M","0.65%"
"12/02/2022","14,529.39","14,465.70","14,584.59","14,372.42","55.19M","0.27%"
"12/05/2022","14,447.61","14,487.43","14,507.16","14,394.37","50.08M","-0.56%"
"12/06/2022","14,343.19","14,406.87","14,471.50","14,305.26","50.93M","-0.72%"
"12/07/2022","14,261.19","14,304.95","14,372.35","14,218.18","52.79M","-0.57%"
"12/08/2022","14,264.56","14,277.75","14,298.81","14,196.77","47.36M","0.02%"
"12/09/2022","14,370.72","14,325.80","14,385.57","14,217.96","52.57M","0.74%"
"12/12/2022","14,306.63","14,300.43","14,366.39","14,262.60","46.46M","-0.45%"
"12/13/2022","14,497.89","14,345.88","14,675.84","14,302.49","68.06M","1.34%"
"12/14/2022","14,460.20","14,453.54","14,470.74","14,375.95","59.75M","-0.26%"
"12/15/2022","13,986.23","14,351.31","14,363.12","13,982.59","87.47M","-3.28%"
"12/16/2022","13,893.07","13,978.44","14,011.26","13,815.24","168.81M","-0.67%"
"12/19/2022","13,942.87","13,934.75","14,001.37","13,927.05","48.85M","0.36%"
"12/20/2022","13,884.66","13,829.90","13,931.29","13,791.52","56.02M","-0.42%"
"12/21/2022","14,097.82","13,944.69","14,099.75","13,912.17","44.59M","1.54%"
"12/22/2022","13,914.07","14,113.01","14,160.87","13,890.54","42.89M","-1.30%"
"12/23/2022","13,940.93","13,945.59","14,000.68","13,874.50","28.74M","0.19%"
"12/27/2022","13,995.10","14,047.42","14,063.14","13,966.35","22.98M","0.39%"
"12/28/2022","13,925.60","14,013.72","14,018.47","13,914.62","27.58M","-0.50%"
"12/29/2022","14,071.72","13,890.81","14,071.72","13,871.32","30.73M","1.05%"
"12/30/2022","13,923.59","14,005.84","14,008.97","13,922.55","24.35M","-1.05%"
"01/02/2023","14,069.26","13,992.71","14,095.91","13,976.44","34.98M","1.05%"
"01/03/2023","14,181.67","14,116.07","14,293.87","14,083.76","57.91M","0.80%"
"01/04/2023","14,490.78","14,266.98","14,492.78","14,264.60","76.22M","2.18%"
"01/05/2023","14,436.31","14,451.23","14,501.60","14,403.73","60.95M","-0.38%"
"01/06/2023","14,610.02","14,476.72","14,610.23","14,388.98","55.43M","1.20%"
"01/09/2023","14,792.83","14,650.73","14,832.89","14,628.61","64.98M","1.25%"
"01/10/2023","14,774.60","14,741.97","14,790.82","14,692.74","57.44M","-0.12%"
"01/11/2023","14,947.91","14,805.40","14,965.47","14,794.99","66.37M","1.17%"
"01/12/2023","15,058.30","14,972.28","15,095.03","14,934.51","65.97M","0.74%"
"01/13/2023","15,086.52","15,063.21","15,132.37","15,041.16","66.45M","0.19%"
"01/16/2023","15,134.04","15,112.05","15,153.19","15,083.94","42.10M","0.31%"
"01/17/2023","15,187.07","15,130.03","15,269.71","15,083.95","57.91M","0.35%"
"01/18/2023","15,181.80","15,182.95","15,250.36","15,156.89","58.26M","-0.03%"
"01/19/2023","14,920.36","15,115.55","15,134.07","14,906.27","64.17M","-1.72%"
"01/20/2023","15,033.56","14,986.52","15,034.43","14,940.68","64.03M","0.76%"
"01/23/2023","15,102.95","15,077.40","15,145.90","15,022.83","39.90M","0.46%"
"01/24/2023","15,093.11","15,140.50","15,147.45","15,022.55","48.34M","-0.07%"
"01/25/2023","15,081.64","15,095.72","15,114.41","14,969.65","53.59M","-0.08%"
"01/26/2023","15,132.85","15,146.29","15,151.54","15,068.72","62.00M","0.34%"
"01/27/2023","15,150.03","15,115.75","15,186.49","15,077.62","55.14M","0.11%"
"01/30/2023","15,126.08","15,070.30","15,161.07","14,988.98","54.66M","-0.16%"
"01/31/2023","15,128.27","15,081.17","15,136.22","14,993.59","57.05M","0.01%"
"02/01/2023","15,180.74","15,125.12","15,222.34","15,107.83","57.10M","0.35%"
"02/02/2023","15,509.19","15,275.00","15,520.97","15,264.31","122.98M","2.16%"
"02/03/2023","15,476.43","15,408.40","15,476.67","15,347.86","76.25M","-0.21%"
"02/06/2023","15,345.91","15,367.04","15,406.93","15,275.57","54.43M","-0.84%"
"02/07/2023","15,320.88","15,359.59","15,363.41","15,273.60","56.18M","-0.16%"
"02/08/2023","15,412.05","15,450.67","15,486.13","15,371.93","61.35M","0.60%"
"02/09/2023","15,523.42","15,560.15","15,658.56","15,519.63","66.25M","0.72%"
"02/10/2023","15,307.98","15,438.94","15,487.98","15,246.39","65.76M","-1.39%"
"02/13/2023","15,397.34","15,322.06","15,409.27","15,305.94","38.58M","0.58%"
"02/14/2023","15,380.56","15,419.00","15,526.28","15,366.37","56.43M","-0.11%"
"02/15/2023","15,506.34","15,394.44","15,520.39","15,388.85","49.07M","0.82%"
"02/16/2023","15,533.64","15,612.43","15,634.04","15,417.17","66.11M","0.18%"
"02/17/2023","15,482.00","15,372.06","15,514.72","15,300.42","70.46M","-0.33%"
"02/20/2023","15,477.55","15,524.16","15,532.44","15,436.79","33.61M","-0.03%"
"02/21/2023","15,397.62","15,450.62","15,470.52","15,286.71","47.05M","-0.52%"
"02/22/2023","15,399.89","15,342.60","15,408.58","15,247.50","54.88M","0.01%"
"02/23/2023","15,475.69","15,453.29","15,552.77","15,433.97","51.35M","0.49%"
"02/24/2023","15,209.74","15,501.82","15,530.46","15,162.48","141.48M","-1.72%"
"02/27/2023","15,381.43","15,351.63","15,481.06","15,351.63","58.76M","1.13%"
"02/28/2023","15,365.14","15,299.79","15,443.17","15,289.43","93.76M","-0.11%"
"03/01/2023","15,305.02","15,399.91","15,478.84","15,254.11","72.24M","-0.39%"
"03/02/2023","15,327.64","15,171.07","15,329.29","15,150.67","62.59M","0.15%"
"03/03/2023","15,578.39","15,430.66","15,590.44","15,409.99","67.12M","1.64%"
"03/06/2023","15,653.58","15,597.90","15,677.93","15,587.78","69.39M","0.48%"
"03/07/2023","15,559.53","15,638.44","15,706.37","15,544.07","68.60M","-0.60%"
"03/08/2023","15,631.87","15,528.81","15,667.21","15,524.85","64.60M","0.46%"
"03/09/2023","15,633.21","15,619.75","15,667.05","15,535.13","59.69M","0.01%"
"03/10/2023","15,427.97","15,369.67","15,495.87","15,316.38","114.12M","-1.31%"
"03/13/2023","14,959.47","15,435.16","15,435.81","14,887.44","157.70M","-3.04%"
"03/14/2023","15,232.83","15,016.53","15,272.11","14,951.71","101.46M","1.83%"
"03/15/2023","14,735.26","15,175.44","15,246.17","14,702.91","157.45M","-3.27%"
"03/16/2023","14,967.10","14,973.84","15,018.31","14,664.17","141.06M","1.57%"
"03/17/2023","14,768.20","15,073.76","15,153.11","14,694.26","217.02M","-1.33%"
"03/20/2023","14,933.38","14,715.40","14,980.43","14,458.39","125.26M","1.12%"
"03/21/2023","15,195.34","15,062.06","15,253.10","15,055.93","94.32M","1.75%"
"03/22/2023","15,216.19","15,174.67","15,298.49","15,166.95","82.69M","0.14%"
"03/23/2023","15,210.39","15,178.25","15,244.32","15,078.72","82.74M","-0.04%"
"03/24/2023","14,957.23","15,135.50","15,135.65","14,809.82","181.08M","-1.66%"
"03/27/2023","15,127.68","15,133.68","15,185.35","15,020.07","90.91M","1.14%"
"03/28/2023","15,142.02","15,255.93","15,261.49","15,103.76","73.01M","0.09%"
"03/29/2023","15,328.78","15,242.52","15,342.27","15,186.75","81.83M","1.23%"
"03/30/2023","15,522.40","15,429.38","15,536.42","15,424.69","77.41M","1.26%"
"03/31/2023","15,628.84","15,568.37","15,659.06","15,499.84","86.97M","0.69%"
"04/03/2023","15,580.92","15,623.45","15,659.35","15,553.90","70.89M","-0.31%"
"04/04/2023","15,603.47","15,639.02","15,736.56","15,601.40","64.48M","0.14%"
"04/05/2023","15,520.17","15,611.68","15,627.29","15,482.88","78.22M","-0.53%"
"04/06/2023","15,597.89","15,530.20","15,601.49","15,509.09","62.79M","0.50%"
"04/11/2023","15,655.17","15,710.45","15,726.02","15,625.79","63.07M","0.37%"
"04/12/2023","15,703.60","15,689.14","15,827.28","15,668.20","65.21M","0.31%"
"04/13/2023","15,729.46","15,708.21","15,754.99","15,675.15","53.36M","0.16%"
"04/14/2023","15,807.50","15,789.78","15,841.47","15,760.32","78.56M","0.50%"
"04/17/2023","15,789.53","15,838.89","15,903.25","15,764.38","60.20M","-0.11%"
"04/18/2023","15,882.67","15,841.50","15,916.28","15,802.75","63.38M","0.59%"
"04/19/2023","15,895.20","15,850.52","15,908.47","15,829.55","55.12M","0.08%"
"04/20/2023","15,795.97","15,864.15","15,883.31","15,734.25","74.76M","-0.62%"
"04/21/2023","15,881.66","15,782.58","15,899.62","15,706.83","77.40M","0.54%"
"04/24/2023","15,863.95","15,852.27","15,919.11","15,831.10","50.55M","-0.11%"
"04/25/2023","15,872.13","15,836.79","15,891.73","15,794.81","66.49M","0.05%"
"04/26/2023","15,795.73","15,804.50","15,826.02","15,694.36","74.38M","-0.48%"
"04/27/2023","15,800.45","15,739.35","15,859.25","15,706.69","79.62M","0.03%"
"04/28/2023","15,922.38","15,884.79","15,922.38","15,688.17","91.51M","0.77%"
"05/02/2023","15,726.94","15,950.36","16,011.56","15,707.55","80.23M","-1.23%"
"05/03/2023","15,815.06","15,774.02","15,868.88","15,745.98","61.99M","0.56%"
"05/04/2023","15,734.24","15,781.46","15,796.71","15,662.32","81.69M","-0.51%"
"05/05/2023","15,961.02","15,837.44","15,961.54","15,755.97","69.96M","1.44%"
"05/08/2023","15,952.83","15,967.57","15,996.16","15,933.69","40.93M","-0.05%"
"05/09/2023","15,955.48","15,950.89","15,962.62","15,879.56","60.43M","0.02%"
"05/10/2023","15,896.23","15,973.38","15,984.82","15,848.69","67.47M","-0.37%"
"05/11/2023","15,834.91","15,943.85","15,970.54","15,754.76","67.89M","-0.39%"
"05/12/2023","15,913.82","15,918.25","15,938.01","15,852.10","62.92M","0.50%"
"05/15/2023","15,917.24","15,966.96","15,982.10","15,874.24","53.10M","0.02%"
"05/16/2023","15,897.93","15,892.78","15,968.41","15,862.37","63.87M","-0.12%"
"05/17/2023","15,951.30","15,883.61","15,992.77","15,862.15","89.83M","0.34%"
"05/18/2023","16,163.36","16,069.42","16,230.44","16,069.42","73.64M","1.33%"
"05/19/2023","16,275.38","16,233.11","16,331.94","16,203.60","90.10M","0.69%"
"05/22/2023","16,223.99","16,235.98","16,267.93","16,196.36","54.20M","-0.32%"
"05/23/2023","16,152.86","16,186.44","16,224.32","16,143.98","56.76M","-0.44%"
"05/24/2023","15,842.13","16,008.52","16,013.29","15,802.86","65.92M","-1.92%"
"05/25/2023","15,793.80","15,872.46","15,872.60","15,726.50","66.15M","-0.31%"
"05/26/2023","15,983.97","15,850.09","16,008.59","15,726.74","57.31M","1.20%"
"05/29/2023","15,952.73","16,064.13","16,079.73","15,925.22","24.25M","-0.20%"
"05/30/2023","15,908.91","15,962.31","16,058.43","15,889.46","54.56M","-0.27%"
"05/31/2023","15,664.02","15,757.43","15,871.70","15,629.12","172.56M","-1.54%"
"06/01/2023","15,853.66","15,744.01","15,863.41","15,734.86","55.20M","1.21%"
"06/02/2023","16,051.23","15,949.04","16,071.32","15,922.61","96.60M","1.25%"
"06/05/2023","15,963.89","16,079.86","16,114.84","15,928.44","63.78M","-0.54%"
"06/06/2023","15,992.44","15,939.31","16,009.28","15,925.56","52.41M","0.18%"
"06/07/2023","15,960.56","15,998.10","16,020.28","15,909.85","67.87M","-0.20%"
"06/08/2023","15,989.96","15,951.61","16,019.00","15,913.95","59.53M","0.18%"
"06/09/2023","15,949.84","15,993.02","15,998.90","15,924.51","58.24M","-0.25%"
"06/12/2023","16,097.87","16,052.91","16,126.30","16,021.55","61.39M","0.93%"
"06/13/2023","16,230.68","16,218.20","16,232.70","16,088.47","72.35M","0.83%"
"06/14/2023","16,310.79","16,219.09","16,336.27","16,217.45","75.76M","0.49%"
"06/15/2023","16,290.12","16,275.73","16,301.73","16,165.66","80.15M","-0.13%"
"06/16/2023","16,357.63","16,306.63","16,427.42","16,276.79","211.23M","0.41%"
"06/19/2023","16,201.20","16,272.21","16,302.29","16,189.57","52.46M","-0.96%"
"06/20/2023","16,111.32","16,100.29","16,184.30","16,069.10","68.40M","-0.55%"
"06/21/2023","16,023.13","16,082.75","16,145.29","16,002.27","62.21M","-0.55%"
"06/22/2023","15,988.16","15,867.65","15,988.21","15,810.48","65.00M","-0.22%"
"06/23/2023","15,829.94","15,862.79","15,917.14","15,733.12","108.86M","-0.99%"
"06/26/2023","15,813.06","15,874.15","15,874.90","15,713.70","72.43M","-0.11%"
"06/27/2023","15,846.86","15,873.73","15,895.70","15,758.13","63.27M","0.21%"
"06/28/2023","15,949.00","15,922.71","15,994.31","15,906.88","69.91M","0.64%"
"06/29/2023","15,946.72","15,960.47","15,998.67","15,920.04","54.57M","-0.01%"
"06/30/2023","16,147.90","15,989.43","16,176.55","15,978.90","85.58M","1.26%"
"07/03/2023","16,081.04","16,187.91","16,209.29","16,070.49","52.05M","-0.41%"
"07/04/2023","16,039.17","16,082.93","16,103.95","16,023.72","42.49M","-0.26%"
"07/05/2023","15,937.58","15,930.16","15,982.96","15,901.39","66.46M","-0.63%"
"07/06/2023","15,528.54","15,816.11","15,846.25","15,495.84","80.36M","-2.57%"
"07/07/2023","15,603.40","15,515.00","15,661.41","15,456.16","67.26M","0.48%"
"07/10/2023","15,673.16","15,585.34","15,722.03","15,545.33","53.39M","0.45%"
"07/11/2023","15,790.34","15,716.26","15,807.66","15,659.10","60.83M","0.75%"
"07/12/2023","16,023.00","15,842.26","16,044.28","15,806.28","72.34M","1.47%"
"07/13/2023","16,141.03","16,009.26","16,185.11","16,000.38","64.99M","0.74%"
"07/14/2023","16,105.07","16,123.13","16,149.12","16,071.74","61.72M","-0.22%"
"07/17/2023","16,068.65","16,013.52","16,102.51","15,995.45","45.55M","-0.23%"
"07/18/2023","16,125.49","16,042.03","16,140.20","16,031.07","56.77M","0.35%"
"07/19/2023","16,108.93","16,190.00","16,240.79","16,075.17","62.95M","-0.10%"
"07/20/2023","16,204.22","16,059.22","16,211.43","16,050.98","66.30M","0.59%"
"07/21/2023","16,177.22","16,125.21","16,181.34","16,103.48","69.91M","-0.17%"
"07/24/2023","16,190.95","16,126.71","16,208.76","16,121.27","51.53M","0.08%"
"07/25/2023","16,211.59","16,169.75","16,225.89","16,135.60","56.47M","0.13%"
"07/26/2023","16,131.46","16,183.70","16,212.91","16,000.04","76.24M","-0.49%"
"07/27/2023","16,406.03","16,162.16","16,408.80","16,131.64","96.51M","1.70%"
"07/28/2023","16,469.75","16,356.38","16,490.13","16,336.42","70.30M","0.39%"
"07/31/2023","16,446.83","16,434.66","16,528.97","16,427.47","60.75M","-0.14%"
"08/01/2023","16,240.40","16,414.79","16,430.66","16,240.40","63.46M","-1.26%"
"08/02/2023","16,020.02","16,027.65","16,140.76","15,955.31","74.41M","-1.36%"
"08/03/2023","15,893.38","15,879.03","15,920.32","15,807.85","82.64M","-0.79%"
"08/04/2023","15,951.86","15,917.01","15,973.96","15,784.52","77.05M","0.37%"
"08/07/2023","15,950.76","15,877.54","15,962.61","15,824.78","68.25M","-0.01%"
"08/08/2023","15,774.93","15,868.31","15,946.57","15,706.31","80.94M","-1.10%"
"08/09/2023","15,852.58","15,918.06","15,983.78","15,831.08","65.52M","0.49%"
"08/10/2023","15,996.52","15,921.42","16,060.27","15,880.41","74.91M","0.91%"
"08/11/2023","15,832.17","15,927.79","15,962.45","15,803.08","60.30M","-1.03%"
"08/14/2023","15,904.25","15,818.21","15,937.78","15,817.59","43.61M","0.46%"
"08/15/2023","15,767.28","15,909.57","15,923.13","15,703.03","45.35M","-0.86%"
"08/16/2023","15,789.45","15,737.02","15,814.66","15,725.10","39.65M","0.14%"
"08/17/2023","15,676.90","15,712.94","15,793.53","15,664.30","48.60M","-0.71%"
"08/18/2023","15,574.26","15,597.12","15,612.88","15,468.65","59.91M","-0.65%"
"08/21/2023","15,603.28","15,573.95","15,710.21","15,571.82","45.25M","0.19%"
"08/22/2023","15,705.62","15,684.64","15,799.34","15,677.44","42.81M","0.66%"
"08/23/2023","15,728.41","15,761.25","15,820.95","15,672.43","53.43M","0.15%"
"08/24/2023","15,621.49","15,876.22","15,896.74","15,618.69","48.25M","-0.68%"
"08/25/2023","15,631.82","15,582.95","15,739.78","15,578.97","44.32M","0.07%"
"08/28/2023","15,792.61","15,756.47","15,804.95","15,673.89","43.47M","1.03%"
"08/29/2023","15,930.88","15,844.76","15,942.12","15,805.42","49.76M","0.88%"
"08/30/2023","15,891.93","15,956.92","15,960.40","15,823.33","49.48M","-0.24%"
"08/31/2023","15,947.08","15,937.39","16,042.66","15,914.43","92.77M","0.35%"
"09/01/2023","15,840.34","15,936.34","15,984.59","15,840.25","54.05M","-0.67%"
"09/04/2023","15,824.85","15,904.63","15,958.74","15,795.97","34.75M","-0.10%"
"09/05/2023","15,771.71","15,729.78","15,838.44","15,691.49","73.33M","-0.34%"
"09/06/2023","15,741.37","15,712.59","15,781.89","15,676.51","63.05M","-0.19%"
"09/07/2023","15,718.66","15,661.66","15,794.72","15,661.38","59.41M","-0.14%"
"09/08/2023","15,744.75","15,777.56","15,783.38","15,577.04","63.81M","0.17%"
"09/11/2023","15,800.99","15,799.42","15,867.57","15,771.07","65.43M","0.36%"
"09/12/2023","15,715.53","15,804.08","15,808.38","15,686.34","58.03M","-0.54%"
"09/13/2023","15,654.03","15,648.92","15,726.60","15,564.64","68.86M","-0.39%"
"09/14/2023","15,805.29","15,652.41","15,824.06","15,588.12","77.63M","0.97%"
"09/15/2023","15,893.53","15,940.39","15,989.30","15,871.17","179.83M","0.56%"
"09/18/2023","15,727.12","15,858.81","15,870.62","15,693.87","58.90M","-1.05%"
"09/19/2023","15,664.48","15,688.07","15,743.90","15,630.94","53.58M","-0.40%"
"09/20/2023","15,781.59","15,703.09","15,810.36","15,699.34","54.73M","0.75%"
"09/21/2023","15,571.86","15,650.98","15,696.66","15,548.69","66.00M","-1.33%"
"09/22/2023","15,557.29","15,473.80","15,592.27","15,471.75","70.20M","-0.09%"
"09/25/2023","15,405.49","15,513.32","15,572.14","15,329.40","64.52M","-0.98%"
"09/26/2023","15,255.87","15,330.91","15,360.43","15,229.35","69.66M","-0.97%"
"09/27/2023","15,217.45","15,225.58","15,299.68","15,194.68","72.32M","-0.25%"
"09/28/2023","15,323.50","15,229.10","15,323.73","15,138.66","60.12M","0.70%"
"09/29/2023","15,386.58","15,394.82","15,515.99","15,382.56","110.12M","0.41%"
"10/02/2023","15,247.21","15,439.96","15,476.38","15,192.01","61.42M","-0.91%"
"10/03/2023","15,085.21","15,184.49","15,257.86","15,074.85","64.88M","-1.06%"
"10/04/2023","15,099.92","14,979.81","15,174.63","14,948.08","75.01M","0.10%"
"10/05/2023","15,070.22","15,113.94","15,157.70","15,048.42","47.65M","-0.20%"
"10/06/2023","15,229.77","15,109.16","15,230.89","15,033.55","65.53M","1.06%"
"10/09/2023","15,128.11","15,143.29","15,201.06","15,077.66","52.47M","-0.67%"
"10/10/2023","15,423.52","15,272.57","15,443.45","15,272.57","62.64M","1.95%"
"10/11/2023","15,460.01","15,366.78","15,486.11","15,361.74","65.78M","0.24%"
"10/12/2023","15,425.03","15,537.87","15,575.28","15,413.20","52.45M","-0.23%"
"10/13/2023","15,186.66","15,400.09","15,409.89","15,178.07","63.24M","-1.55%"
"10/16/2023","15,237.99","15,219.42","15,271.51","15,103.12","55.50M","0.34%"
"10/17/2023","15,251.69","15,211.29","15,288.32","15,117.24","49.44M","0.09%"
"10/18/2023","15,094.91","15,244.05","15,271.15","15,081.69","62.49M","-1.03%"
"10/19/2023","15,045.23","15,060.65","15,104.37","14,984.59","69.92M","-0.33%"
"10/20/2023","14,798.47","14,872.02","14,936.49","14,798.47","90.64M","-1.64%"
"10/23/2023","14,800.72","14,823.03","14,838.01","14,630.21","61.26M","0.02%"
"10/24/2023","14,879.94","14,802.52","14,916.60","14,750.32","62.02M","0.54%"
"10/25/2023","14,892.18","14,870.63","14,933.69","14,789.63","88.09M","0.08%"
"10/26/2023","14,731.05","14,696.22","14,795.41","14,655.08","121.80M","-1.08%"
"10/27/2023","14,687.41","14,757.11","14,824.29","14,667.37","86.54M","-0.30%"
"10/30/2023","14,716.54","14,770.95","14,798.00","14,678.73","76.18M","0.20%"
"10/31/2023","14,810.34","14,741.44","14,829.62","14,722.38","75.37M","0.64%"
"11/01/2023","14,923.27","14,851.96","14,949.58","14,786.32","63.59M","0.76%"
"11/02/2023","15,143.60","15,033.65","15,202.43","15,028.03","89.45M","1.48%"
"11/03/2023","15,189.25","15,203.80","15,269.50","15,149.72","93.60M","0.30%"
"11/06/2023","15,135.97","15,219.32","15,223.41","15,110.84","59.21M","-0.35%"
"11/07/2023","15,152.64","15,084.79","15,194.53","15,068.25","62.05M","0.11%"
"11/08/2023","15,229.60","15,093.48","15,287.73","15,086.41","107.59M","0.51%"
"11/09/2023","15,352.54","15,246.50","15,364.49","15,212.99","68.38M","0.81%"
"11/10/2023","15,234.39","15,296.58","15,309.52","15,171.58","77.01M","-0.77%"
"11/13/2023","15,345.00","15,285.12","15,346.79","15,252.27","65.17M","0.73%"
"11/14/2023","15,614.43","15,358.59","15,632.44","15,337.60","98.89M","1.76%"
"11/15/2023","15,748.17","15,631.67","15,759.84","15,628.19","91.67M","0.86%"
"11/16/2023","15,786.61","15,806.91","15,862.09","15,783.51","68.44M","0.24%"
"11/17/2023","15,919.16","15,828.78","15,952.45","15,826.67","81.13M","0.84%"
"11/20/2023","15,901.33","15,915.24","15,929.93","15,854.82","93.61M","-0.11%"
"11/21/2023","15,900.53","15,911.02","15,948.07","15,891.31","70.93M","-0.01%"
"11/22/2023","15,957.82","15,965.13","15,998.41","15,931.74","58.76M","0.36%"
"11/23/2023","15,994.73","15,976.62","16,005.45","15,958.06","38.72M","0.23%"
"11/24/2023","16,029.49","15,988.19","16,041.17","15,972.67","46.23M","0.22%"
"11/27/2023","15,966.37","16,007.26","16,039.42","15,957.96","50.57M","-0.39%"
"11/28/2023","15,992.67","15,939.19","15,993.42","15,915.40","60.60M","0.16%"
"11/29/2023","16,166.45","16,013.16","16,208.97","16,010.48","69.37M","1.09%"
"11/30/2023","16,215.43","16,204.74","16,262.96","16,169.11","108.53M","0.30%"
"12/01/2023","16,397.52","16,296.92","16,399.06","16,279.45","68.14M","1.12%"
"12/04/2023","16,404.76","16,390.17","16,455.68","16,386.80","52.15M","0.04%"
"12/05/2023","16,533.11","16,405.14","16,551.34","16,394.02","63.92M","0.78%"
"12/06/2023","16,656.44","16,565.65","16,727.07","16,536.12","78.58M","0.75%"
"12/07/2023","16,628.99","16,623.89","16,655.30","16,595.11","76.80M","-0.16%"
"12/08/2023","16,759.22","16,644.62","16,782.72","16,630.18","77.81M","0.78%"
"12/11/2023","16,794.43","16,760.59","16,817.81","16,734.27","66.74M","0.21%"
"12/12/2023","16,791.74","16,823.01","16,837.18","16,753.81","67.86M","-0.02%"
"12/13/2023","16,766.05","16,811.56","16,836.45","16,760.12","65.41M","-0.15%"
"12/14/2023","16,752.23","16,948.79","17,003.28","16,670.35","141.29M","-0.08%"
"12/15/2023","16,751.44","16,822.50","16,890.11","16,713.70","173.71M","0.00%"
"12/18/2023","16,650.55","16,683.69","16,744.27","16,624.65","56.72M","-0.60%"
"12/19/2023","16,744.41","16,657.44","16,750.51","16,656.64","59.22M","0.56%"
"12/20/2023","16,733.05","16,779.41","16,789.96","16,694.56","63.37M","-0.07%"
"12/21/2023","16,687.42","16,667.31","16,708.35","16,624.16","57.87M","-0.27%"
"12/22/2023","16,706.18","16,673.30","16,735.32","16,651.78","46.30M","0.11%"
"12/27/2023","16,742.07","16,727.77","16,775.71","16,697.58","37.68M","0.21%"
"12/28/2023","16,701.55","16,780.95","16,783.79","16,688.52","36.09M","-0.24%"
"12/29/2023","16,751.64","16,729.26","16,758.53","16,726.97","26.86M","0.30%"
"01/02/2024","16,769.36","16,828.75","16,963.47","16,648.80","59.89M","0.11%"
"01/03/2024","16,538.39","16,771.35","16,784.07","16,479.92","70.85M","-1.38%"
"01/04/2024","16,617.29","16,563.69","16,626.84","16,501.40","65.87M","0.48%"
"01/05/2024","16,594.21","16,504.88","16,645.89","16,448.71","66.76M","-0.14%"
"01/08/2024","16,716.47","16,618.51","16,716.47","16,517.49","55.07M","0.74%"
"01/09/2024","16,688.36","16,743.27","16,743.27","16,611.53","59.80M","-0.17%"
"01/10/2024","16,689.81","16,703.12","16,753.69","16,654.99","61.30M","0.01%"
"01/11/2024","16,547.03","16,775.92","16,839.49","16,541.38","72.21M","-0.86%"
"01/12/2024","16,704.56","16,649.45","16,752.24","16,608.00","62.16M","0.95%"
"01/15/2024","16,622.22","16,723.24","16,736.16","16,609.22","47.80M","-0.49%"
"01/16/2024","16,571.68","16,497.54","16,581.93","16,476.09","73.10M","-0.30%"
"01/17/2024","16,431.69","16,400.42","16,435.68","16,345.02","71.44M","-0.84%"
"01/18/2024","16,567.35","16,440.66","16,579.12","16,421.20","72.32M","0.83%"
"01/19/2024","16,555.13","16,626.53","16,647.85","16,513.46","66.15M","-0.07%"
"01/22/2024","16,683.36","16,684.10","16,705.49","16,607.72","67.44M","0.77%"
"01/23/2024","16,627.09","16,753.09","16,753.09","16,626.59","64.37M","-0.34%"
"01/24/2024","16,889.92","16,793.27","16,921.41","16,760.92","74.57M","1.58%"
"01/25/2024","16,906.92","16,849.76","16,916.60","16,785.69","62.02M","0.10%"
"01/26/2024","16,961.39","16,879.01","16,967.72","16,849.31","84.66M","0.32%"
"01/29/2024","16,941.71","16,925.39","16,941.71","16,860.05","65.96M","-0.12%"
"01/30/2024","16,972.34","16,991.37","16,999.58","16,946.56","61.11M","0.18%"
"01/31/2024","16,903.76","16,972.47","16,991.84","16,884.87","84.39M","-0.40%"
"02/01/2024","16,859.04","16,834.13","16,915.92","16,821.60","89.45M","-0.26%"
"02/02/2024","16,918.21","16,977.75","17,004.55","16,894.67","85.85M","0.35%"
"02/05/2024","16,904.06","16,925.97","16,972.62","16,859.00","69.94M","-0.08%"
"02/06/2024","17,033.24","16,965.89","17,049.52","16,871.32","75.54M","0.76%"
"02/07/2024","16,921.96","17,020.77","17,021.55","16,907.15","93.04M","-0.65%"
"02/08/2024","16,963.83","16,936.14","17,029.54","16,889.13","67.42M","0.25%"
"02/09/2024","16,926.50","16,973.58","16,993.12","16,876.36","61.64M","-0.22%"
"02/12/2024","17,037.35","16,975.99","17,042.74","16,958.80","53.29M","0.65%"
"02/13/2024","16,880.83","16,987.09","16,991.61","16,831.53","62.96M","-0.92%"
"02/14/2024","16,945.48","16,872.89","16,957.78","16,857.34","53.72M","0.38%"
"02/15/2024","17,046.69","17,022.54","17,089.12","17,003.82","83.79M","0.60%"
"02/16/2024","17,117.44","17,117.37","17,198.45","17,060.38","76.38M","0.42%"
"02/19/2024","17,092.26","17,075.74","17,098.61","17,049.22","43.23M","-0.15%"
"02/20/2024","17,068.43","17,066.23","17,084.87","17,019.15","62.71M","-0.14%"
"02/21/2024","17,118.12","17,102.08","17,157.95","17,063.25","59.40M","0.29%"
"02/22/2024","17,370.45","17,326.76","17,429.66","17,279.73","86.13M","1.47%"
"02/23/2024","17,419.33","17,372.01","17,443.74","17,354.76","76.80M","0.28%"
"02/26/2024","17,423.23","17,396.74","17,460.53","17,396.40","53.16M","0.02%"
"02/27/2024","17,556.49","17,431.37","17,563.41","17,428.17","59.73M","0.76%"
"02/28/2024","17,601.22","17,569.61","17,605.61","17,552.98","56.65M","0.25%"
"02/29/2024","17,678.19","17,634.61","17,742.48","17,620.11","102.74M","0.44%"
"03/01/2024","17,735.07","17,793.47","17,816.52","17,690.89","85.78M","0.32%"
"03/04/2024","17,716.17","17,743.44","17,756.39","17,684.73","1.22M","-0.11%"
"03/05/2024","17,698.40","17,682.78","17,746.57","17,643.11","74.18M","-0.10%"
"03/06/2024","17,716.71","17,685.92","17,745.16","17,682.51","91.49M","0.10%"
"03/07/2024","17,842.85","17,648.89","17,879.11","17,619.40","86.70M","0.71%"
"03/08/2024","17,814.51","17,849.85","17,860.51","17,795.13","67.94M","-0.16%"
"03/11/2024","17,746.27","17,690.95","17,750.72","17,662.55","66.65M","-0.38%"
"03/12/2024","17,965.11","17,810.15","17,973.22","17,746.89","91.39M","1.23%"
"03/13/2024","17,961.38","17,984.50","18,001.42","17,939.56","92.88M","-0.02%"
"03/14/2024","17,942.04","18,002.97","18,039.05","17,899.93","93.59M","-0.11%"
"03/15/2024","17,936.65","17,938.14","18,038.11","17,926.72","202.91M","-0.03%"
"03/18/2024","17,932.68","17,936.31","18,015.49","17,902.92","63.02M","-0.02%"
"03/19/2024","17,987.49","17,932.18","17,998.04","17,914.18","73.42M","0.31%"
"03/20/2024","18,015.13","17,987.91","18,044.49","17,955.69","61.71M","0.15%"
"03/21/2024","18,179.25","18,019.86","18,179.81","18,019.86","79.12M","0.91%"
"03/22/2024","18,205.94","18,175.08","18,225.97","18,140.99","68.62M","0.15%"
"03/25/2024","18,261.31","18,206.36","18,285.58","18,176.85","53.80M","0.30%"
"03/26/2024","18,384.35","18,262.11","18,411.98","18,256.81","58.79M","0.67%"
"03/27/2024","18,477.09","18,385.17","18,511.17","18,385.17","66.34M","0.50%"
"03/28/2024","18,492.49","18,477.40","18,513.83","18,468.87","75.72M","0.08%"
"04/02/2024","18,283.13","18,492.36","18,567.16","18,275.94","82.08M","-1.13%"
"04/03/2024","18,367.72","18,281.82","18,376.08","18,281.82","76.33M","0.46%"
"04/04/2024","18,403.13","18,366.37","18,427.43","18,340.24","62.52M","0.19%"
"04/05/2024","18,175.04","18,401.83","18,401.83","18,088.03","77.05M","-1.24%"
"04/08/2024","18,318.97","18,163.39","18,326.37","18,163.39","61.07M","0.79%"
"04/09/2024","18,076.69","18,318.40","18,318.51","18,058.22","65.28M","-1.32%"
"04/10/2024","18,097.30","18,078.89","18,239.50","17,975.84","83.35M","0.11%"
"04/11/2024","17,954.48","18,096.51","18,101.31","17,864.69","84.37M","-0.79%"
"04/12/2024","17,930.32","17,965.95","18,162.56","17,860.73","78.99M","-0.13%"
"04/15/2024","18,026.58","17,937.62","18,191.95","17,937.62","65.14M","0.54%"
"04/16/2024","17,766.23","18,022.17","18,022.69","17,713.50","73.22M","-1.44%"
"04/17/2024","17,770.02","17,764.03","17,907.58","17,731.79","55.97M","0.02%"
"04/18/2024","17,837.40","17,775.41","17,863.32","17,716.92","60.70M","0.38%"
"04/19/2024","17,737.36","17,834.83","17,834.87","17,626.90","79.45M","-0.56%"
"04/22/2024","17,860.80","17,738.04","17,889.47","17,738.04","62.45M","0.70%"
"04/23/2024","18,137.65","17,861.20","18,144.66","17,861.20","68.53M","1.55%"
"04/24/2024","18,088.70","18,140.19","18,226.32","18,060.26","75.10M","-0.27%"
"04/25/2024","17,917.28","18,088.17","18,100.75","17,795.96","101.52M","-0.95%"
"04/26/2024","18,161.01","17,920.73","18,199.71","17,920.73","76.01M","1.36%"
"04/29/2024","18,118.32","18,162.15","18,235.80","18,103.43","77.25M","-0.24%"
"04/30/2024","17,932.17","18,119.93","18,153.69","17,920.72","88.21M","-1.03%"
"05/02/2024","17,896.50","17,935.78","17,981.04","17,875.98","71.33M","-0.20%"
"05/03/2024","17,993.69","17,900.15","18,105.82","17,900.02","71.26M","0.54%"
"05/06/2024","18,175.21","18,001.13","18,199.15","18,001.13","46.04M","1.01%"
"05/07/2024","18,430.05","18,175.21","18,442.40","18,175.21","85.37M","1.40%"
"05/08/2024","18,498.38","18,430.25","18,542.10","18,427.26","74.22M","0.37%"
"05/09/2024","18,686.60","18,498.09","18,699.29","18,488.04","53.61M","1.02%"
"05/10/2024","18,772.85","18,686.85","18,845.86","18,686.85","87.91M","0.46%"
"05/13/2024","18,742.22","18,773.24","18,799.77","18,706.08","66.37M","-0.16%"
"05/14/2024","18,716.42","18,735.84","18,748.76","18,629.03","73.29M","-0.14%"
"05/15/2024","18,869.36","18,719.81","18,892.92","18,719.81","81.63M","0.82%"
"05/16/2024","18,738.81","18,874.85","18,890.78","18,716.33","76.32M","-0.69%"
"05/17/2024","18,704.42","18,713.25","18,724.02","18,627.91","75.99M","-0.18%"
"05/20/2024","18,768.96","18,710.13","18,804.00","18,710.13","41.19M","0.35%"
"05/21/2024","18,726.76","18,768.64","18,768.64","18,638.14","65.73M","-0.22%"
"05/22/2024","18,680.20","18,731.65","18,731.65","18,642.20","57.98M","-0.25%"
"05/23/2024","18,691.32","18,682.48","18,766.68","18,639.17","63.72M","0.06%"
"05/24/2024","18,693.37","18,687.60","18,706.65","18,515.84","53.86M","0.01%"
"05/27/2024","18,774.71","18,703.13","18,775.13","18,680.81","37.34M","0.44%"
"05/28/2024","18,677.87","18,775.55","18,855.05","18,635.04","52.67M","-0.52%"
"05/29/2024","18,473.29","18,677.70","18,677.70","18,438.01","59.55M","-1.10%"
"05/30/2024","18,496.79","18,465.47","18,531.85","18,394.43","52.35M","0.13%"
"05/31/2024","18,497.94","18,495.22","18,542.27","18,426.72","144.01M","0.01%"
"06/03/2024","18,608.16","18,503.79","18,697.09","18,503.79","54.18M","0.60%"
"06/04/2024","18,405.64","18,608.30","18,608.30","18,365.53","81.41M","-1.09%"
"06/05/2024","18,575.94","18,406.06","18,624.36","18,406.06","63.88M","0.93%"
"06/06/2024","18,652.67","18,576.58","18,784.65","18,576.58","60.88M","0.41%"
"06/07/2024","18,557.27","18,649.08","18,649.08","18,424.60","61.38M","-0.51%"
"06/10/2024","18,494.89","18,550.33","18,550.33","18,359.42","53.45M","-0.34%"
"06/11/2024","18,369.94","18,497.85","18,543.04","18,281.56","63.76M","-0.68%"
"06/12/2024","18,630.86","18,368.52","18,651.70","18,368.52","61.49M","1.42%"
"06/13/2024","18,265.68","18,632.01","18,632.01","18,253.42","72.49M","-1.96%"
"06/14/2024","18,002.02","18,267.68","18,304.79","17,951.17","92.52M","-1.44%"
"06/17/2024","18,068.21","18,008.23","18,149.33","17,969.54","57.82M","0.37%"
"06/18/2024","18,131.97","18,073.44","18,214.20","18,073.24","50.84M","0.35%"
"06/19/2024","18,067.91","18,131.35","18,148.01","18,055.63","52.04M","-0.35%"
"06/20/2024","18,254.18","18,068.67","18,254.18","18,068.58","59.52M","1.03%"
"06/21/2024","18,163.52","18,254.57","18,257.94","18,090.04","154.54M","-0.50%"
"06/24/2024","18,325.58","18,165.54","18,354.71","18,165.54","61.74M","0.89%"
"06/25/2024","18,177.62","18,300.42","18,307.61","18,075.75","54.13M","-0.81%"
"06/26/2024","18,155.24","18,176.80","18,363.39","18,045.54","56.45M","-0.12%"
"06/27/2024","18,210.55","18,154.97","18,265.52","18,141.28","54.45M","0.30%"
"06/28/2024","18,235.45","18,211.97","18,352.65","18,198.10","64.59M","0.14%"
"07/01/2024","18,290.66","18,236.35","18,460.72","18,236.27","55.85M","0.30%"
"07/02/2024","18,164.06","18,286.86","18,286.86","18,030.49","57.15M","-0.69%"
"07/03/2024","18,374.53","18,181.71","18,395.60","18,181.71","59.16M","1.16%"
"07/04/2024","18,450.48","18,375.96","18,468.16","18,375.68","34.33M","0.41%"
"07/05/2024","18,475.45","18,450.59","18,650.36","18,420.57","45.50M","0.14%"
"07/08/2024","18,472.05","18,474.27","18,631.61","18,444.06","45.31M","-0.02%"
"07/09/2024","18,236.19","18,471.35","18,473.00","18,213.98","56.40M","-1.28%"
"07/10/2024","18,407.22","18,236.75","18,420.13","18,236.75","49.28M","0.94%"
"07/11/2024","18,534.56","18,409.70","18,578.45","18,409.65","50.93M","0.69%"
"07/12/2024","18,748.18","18,534.49","18,779.40","18,528.39","49.83M","1.15%"
"07/15/2024","18,590.89","18,736.11","18,743.68","18,581.02","42.77M","-0.84%"
"07/16/2024","18,518.03","18,586.42","18,586.42","18,448.27","45.19M","-0.39%"
"07/17/2024","18,437.30","18,512.11","18,532.66","18,347.24","49.01M","-0.44%"
"07/18/2024","18,354.76","18,439.33","18,536.26","18,352.33","52.14M","-0.45%"
"07/19/2024","18,171.93","18,340.85","18,341.82","18,162.30","58.26M","-1.00%"
"07/22/2024","18,407.07","18,270.85","18,468.60","18,231.41","46.82M","1.29%"
"07/23/2024","18,557.70","18,500.67","18,647.10","18,464.22","48.61M","0.82%"
"07/24/2024","18,387.46","18,394.30","18,456.39","18,348.99","71.71M","-0.92%"
"07/25/2024","18,298.72","18,209.40","18,326.18","18,096.69","70.73M","-0.48%"
"07/26/2024","18,417.55","18,255.35","18,428.88","18,218.54","46.95M","0.65%"
"07/29/2024","18,320.67","18,542.43","18,546.32","18,309.27","42.85M","-0.53%"
"07/30/2024","18,411.18","18,363.93","18,469.08","18,341.42","43.05M","0.49%"
"07/31/2024","18,508.65","18,503.18","18,564.39","18,434.82","62.45M","0.53%"
"08/01/2024","18,083.05","18,432.50","18,440.92","18,069.62","71.40M","-2.30%"
"08/02/2024","17,661.22","17,884.86","17,918.02","17,623.97","93.52M","-2.33%"
"08/05/2024","17,339.00","17,525.59","17,525.59","17,024.82","101.88M","-1.82%"
"08/06/2024","17,354.32","17,422.57","17,505.23","17,233.07","78.12M","0.09%"
"08/07/2024","17,615.15","17,438.65","17,666.82","17,386.88","73.60M","1.50%"
"08/08/2024","17,680.40","17,516.05","17,696.67","17,439.87","61.73M","0.37%"
"08/09/2024","17,722.88","17,672.90","17,788.72","17,618.42","","0.24%"
"08/12/2024","17,726.47","17,784.03","17,829.10","17,677.79","38.71M","0.02%"
"08/13/2024","17,812.05","17,799.66","17,817.07","17,669.64","","0.48%"
"08/14/2024","17,885.60","17,882.18","17,921.99","17,827.08","","0.41%"
"08/15/2024","18,183.24","17,977.81","18,198.09","17,909.74","","1.66%"
"08/16/2024","18,322.40","18,236.02","18,344.22","18,226.60","63.80M","0.77%"
"08/19/2024","18,421.69","18,312.51","18,454.94","18,284.86","43.77M","0.54%"
"08/20/2024","18,357.52","18,473.23","18,495.28","18,349.98","42.91M","-0.35%"
"08/21/2024","18,448.95","18,358.79","18,476.63","18,352.19","36.07M","0.50%"
"08/22/2024","18,493.39","18,459.28","18,551.39","18,458.61","40.95M","0.24%"
"08/23/2024","18,633.10","18,538.87","18,670.45","18,519.29","41.12M","0.76%"
"08/26/2024","18,617.02","18,589.90","18,638.97","18,554.51","23.95M","-0.09%"
"08/27/2024","18,681.81","18,637.20","18,724.39","18,622.66","35.31M","0.35%"
"08/28/2024","18,782.29","18,745.14","18,856.59","18,731.45","37.62M","0.54%"
"08/29/2024","18,912.57","18,791.17","18,936.04","18,781.16","39.42M","0.69%"
"08/30/2024","18,906.92","18,891.35","18,970.71","18,886.09","95.58M","-0.03%"
"09/02/2024","18,930.85","18,913.53","18,937.98","18,778.54","36.66M","0.13%"
"09/03/2024","18,747.11","18,979.53","18,990.78","18,728.46","51.87M","-0.97%"
"09/04/2024","18,591.85","18,531.98","18,654.20","18,531.98","52.36M","-0.83%"
"09/05/2024","18,576.50","18,539.15","18,677.63","18,536.56","57.26M","-0.08%"
"09/06/2024","18,301.90","18,534.87","18,607.79","18,274.98","60.81M","-1.48%"
"09/09/2024","18,443.56","18,379.52","18,484.28","18,353.25","43.11M","0.77%"
"09/10/2024","18,265.92","18,417.11","18,490.68","18,233.86","70.04M","-0.96%"
"09/11/2024","18,330.27","18,342.57","18,434.62","18,208.84","87.37M","0.35%"
"09/12/2024","18,518.39","18,533.41","18,595.83","18,382.26","61.59M","1.03%"
"09/13/2024","18,699.40","18,546.22","18,722.19","18,542.23","69.69M","0.98%"
"09/16/2024","18,633.11","18,621.78","18,672.23","18,599.53","51.21M","-0.35%"
"09/17/2024","18,726.08","18,686.76","18,805.09","18,671.64","60.26M","0.50%"
"09/18/2024","18,711.49","18,729.64","18,756.53","18,695.37","56.15M","-0.08%"
"09/19/2024","19,002.38","18,877.57","19,044.96","18,806.16","80.22M","1.55%"
"09/20/2024","18,720.01","18,895.82","18,900.44","18,710.34","155.12M","-1.49%"
"09/23/2024","18,846.79","18,766.92","18,857.37","18,684.34","67.19M","0.68%"
"09/24/2024","18,996.63","18,982.40","19,029.45","18,903.48","57.33M","0.80%"
"09/25/2024","18,918.50","18,845.92","18,965.01","18,840.13","52.17M","-0.41%"
"09/26/2024","19,238.36","19,107.86","19,253.07","19,088.42","78.29M","1.69%"
"09/27/2024","19,473.63","19,257.68","19,491.93","19,239.86","77.62M","1.22%"
"09/30/2024","19,324.93","19,412.33","19,449.98","19,314.34","67.08M","-0.76%"
"10/01/2024","19,213.14","19,409.39","19,448.95","19,143.79","69.88M","-0.58%"
"10/02/2024","19,164.75","19,221.66","19,250.89","19,059.60","49.48M","-0.25%"
"10/03/2024","19,015.41","19,074.45","19,110.31","18,964.31","46.99M","-0.78%"
"10/04/2024","19,120.93","18,968.85","19,171.54","18,952.44","58.40M","0.55%"
"10/07/2024","19,104.10","19,150.27","19,151.97","19,011.94","46.29M","-0.09%"
"10/08/2024","19,066.47","18,937.70","19,098.48","18,911.72","49.31M","-0.20%"
"10/09/2024","19,254.93","19,065.18","19,259.12","19,007.85","53.33M","0.99%"
"10/10/2024","19,210.90","19,242.85","19,285.16","19,145.42","52.37M","-0.23%"
"10/11/2024","19,373.83","19,206.31","19,377.10","19,175.78","54.98M","0.85%"
"10/14/2024","19,508.29","19,409.69","19,518.44","19,392.64","43.01M","0.69%"
"10/15/2024","19,486.19","19,581.57","19,633.91","19,457.49","69.66M","-0.11%"
"10/16/2024","19,432.81","19,465.30","19,510.26","19,401.54","51.09M","-0.27%"
"10/17/2024","19,583.39","19,509.79","19,674.68","19,499.46","49.00M","0.77%"
"10/18/2024","19,657.37","19,543.71","19,667.34","19,540.20","57.11M","0.38%"
"10/21/2024","19,461.19","19,609.42","19,645.02","19,451.72","41.63M","-1.00%"
"10/22/2024","19,421.91","19,528.91","19,591.49","19,368.69","54.44M","-0.20%"
"10/23/2024","19,377.62","19,399.33","19,464.54","19,330.11","52.26M","-0.23%"
"10/24/2024","19,443.00","19,417.73","19,555.45","19,417.73","55.47M","0.34%"
"10/25/2024","19,463.59","19,419.52","19,516.24","19,388.91","46.01M","0.11%"
"10/28/2024","19,531.62","19,528.67","19,570.92","19,399.16","46.67M","0.35%"
"10/29/2024","19,478.07","19,634.33","19,643.12","19,465.00","46.98M","-0.27%"
"10/30/2024","19,257.34","19,403.43","19,420.94","19,201.24","59.54M","-1.13%"
"10/31/2024","19,077.54","19,096.68","19,184.31","19,004.97","63.37M","-0.93%"
"11/01/2024","19,254.97","19,093.99","19,297.64","19,082.10","45.76M","0.93%"
"11/04/2024","19,147.85","19,231.86","19,286.04","19,147.76","43.11M","-0.56%"
"11/05/2024","19,256.27","19,170.15","19,263.14","19,104.59","47.18M","0.57%"
"11/06/2024","19,039.31","19,360.75","19,563.97","19,007.88","112.73M","-1.13%"
"11/07/2024","19,362.52","19,157.22","19,437.88","19,148.79","83.27M","1.70%"
"11/08/2024","19,215.48","19,411.59","19,411.60","19,146.53","69.79M","-0.76%"
"11/11/2024","19,448.60","19,386.70","19,546.90","19,382.48","59.02M","1.21%"
"11/12/2024","19,033.64","19,260.58","19,339.82","19,019.67","92.93M","-2.13%"
"11/13/2024","19,003.11","19,024.28","19,125.69","18,838.68","92.68M","-0.16%"
"11/14/2024","19,263.70","19,072.19","19,307.57","19,060.44","77.86M","1.37%"
"11/15/2024","19,210.81","19,135.64","19,288.89","19,121.14","67.44M","-0.27%"
"11/18/2024","19,189.19","19,249.26","19,279.16","19,091.90","51.55M","-0.11%"
"11/19/2024","19,060.31","19,175.84","19,211.80","18,812.53","62.32M","-0.67%"
"11/20/2024","19,004.78","19,153.03","19,198.74","18,962.19","53.80M","-0.29%"
"11/21/2024","19,146.17","19,060.92","19,152.61","18,900.02","55.65M","0.74%"
"11/22/2024","19,322.59","19,240.23","19,338.10","19,036.41","71.16M","0.92%"
"11/25/2024","19,405.20","19,462.24","19,468.30","19,329.88","121.85M","0.43%"
"11/26/2024","19,295.98","19,309.16","19,385.35","19,239.37","60.76M","-0.56%"
"11/27/2024","19,261.75","19,257.77","19,287.04","19,145.01","51.79M","-0.18%"
"11/28/2024","19,425.73","19,366.72","19,437.57","19,346.59","42.53M","0.85%"
"11/29/2024","19,626.45","19,400.38","19,640.15","19,380.21","52.16M","1.03%"
"12/02/2024","19,933.62","19,586.17","19,933.62","19,568.50","63.21M","1.57%"
"12/03/2024","20,016.75","19,947.18","20,038.01","19,926.26","63.23M","0.42%"
"12/04/2024","20,232.14","20,103.89","20,260.61","20,085.31","63.42M","1.08%"
"12/05/2024","20,358.80","20,218.29","20,373.43","20,216.33","58.27M","0.63%"
"12/06/2024","20,384.61","20,374.54","20,425.86","20,331.24","61.61M","0.13%"
"12/09/2024","20,345.96","20,461.85","20,461.85","20,318.26","58.79M","-0.19%"
"12/10/2024","20,329.16","20,278.74","20,393.86","20,277.63","66.18M","-0.08%"
"12/11/2024","20,399.16","20,296.19","20,415.41","20,292.86","59.73M","0.34%"
"12/12/2024","20,426.27","20,440.07","20,453.44","20,388.03","55.68M","0.13%"
"12/13/2024","20,405.92","20,450.96","20,522.82","20,367.12","52.02M","-0.10%"
"12/16/2024","20,313.81","20,360.75","20,387.88","20,304.78","64.21M","-0.45%"
"12/17/2024","20,246.37","20,290.96","20,356.58","20,241.50","70.86M","-0.33%"
"12/18/2024","20,242.57","20,273.85","20,329.67","20,241.98","62.49M","-0.02%"
"12/19/2024","19,969.86","20,032.05","20,105.10","19,959.18","70.05M","-1.35%"
"12/20/2024","19,884.75","19,822.87","19,924.70","19,649.87","135.98M","-0.43%"
"12/23/2024","19,848.77","19,847.97","19,901.32","19,805.57","38.34M","-0.18%"
"12/27/2024","19,984.32","19,831.68","19,984.32","19,801.33","43.40M","0.68%"
"12/30/2024","19,909.14","19,892.97","19,978.00","19,882.67","26.66M","-0.38%"
"01/02/2025","20,024.66","19,923.07","20,024.79","19,833.82","52.45M","0.58%"
"01/03/2025","19,906.08","20,028.40","20,031.11","19,868.14","44.37M","-0.59%"
"01/06/2025","20,216.19","19,982.66","20,216.19","19,921.12","70.78M","1.56%"
"01/07/2025","20,340.57","20,206.04","20,391.17","20,152.70","62.02M","0.62%"
"01/08/2025","20,329.94","20,322.17","20,480.49","20,242.56","62.95M","-0.05%"
"01/09/2025","20,317.10","20,284.20","20,360.38","20,245.96","50.18M","-0.06%"
"01/10/2025","20,214.79","20,316.55","20,400.52","20,187.97","76.25M","-0.50%"
"01/13/2025","20,132.85","20,157.24","20,176.11","20,025.28","56.26M","-0.41%"
"01/14/2025","20,271.33","20,266.14","20,362.59","20,234.26","65.39M","0.69%"
"01/15/2025","20,574.68","20,305.24","20,629.77","20,290.62","81.04M","1.50%"
"01/16/2025","20,655.39","20,665.61","20,675.08","20,580.09","66.27M","0.39%"
"01/17/2025","20,903.39","20,732.04","20,924.50","20,716.38","76.25M","1.20%"
"01/20/2025","20,990.31","20,900.68","21,054.60","20,880.57","49.99M","0.42%"
"01/21/2025","21,042.00","20,925.75","21,045.67","20,922.80","49.31M","0.25%"
"01/22/2025","21,254.27","21,169.61","21,330.87","21,162.31","63.28M","1.01%"
"01/23/2025","21,411.53","21,277.58","21,423.02","21,254.08","56.35M","0.74%"
"01/24/2025","21,394.93","21,463.15","21,520.50","21,353.01","67.38M","-0.08%"
"01/27/2025","21,282.18","21,201.99","21,344.98","21,081.61","79.34M","-0.53%"
"01/28/2025","21,430.58","21,374.29","21,475.90","21,296.33","68.02M","0.70%"
"01/29/2025","21,637.53","21,511.47","21,671.59","21,475.64","69.57M","0.97%"
"01/30/2025","21,727.20","21,676.22","21,732.05","21,650.78","81.45M","0.41%"
"01/31/2025","21,732.05","21,771.49","21,800.52","21,689.29","70.23M","0.02%"
"02/03/2025","21,428.24","21,301.53","21,462.79","21,252.71","80.51M","-1.40%"
"02/04/2025","21,505.70","21,474.79","21,518.54","21,298.71","63.68M","0.36%"
"02/05/2025","21,585.93","21,429.83","21,585.93","21,387.72","61.17M","0.37%"
"02/06/2025","21,902.42","21,718.10","21,921.02","21,691.57","75.96M","1.47%"
"02/07/2025","21,787.00","21,908.48","21,945.31","21,759.97","68.65M","-0.53%"
"02/10/2025","21,911.74","21,830.93","21,945.57","21,785.02","54.33M","0.57%"
"02/11/2025","22,037.83","21,909.96","22,046.41","21,884.38","55.76M","0.58%"
"02/12/2025","22,148.03","22,077.82","22,193.65","21,971.63","73.78M","0.50%"
"02/13/2025","22,612.02","22,410.58","22,624.57","22,306.33","96.48M","2.09%"
"02/14/2025","22,513.42","22,526.87","22,609.97","22,467.37","68.29M","-0.44%"
"02/17/2025","22,798.09","22,589.91","22,804.20","22,550.73","49.60M","1.26%"
"02/18/2025","22,844.50","22,851.37","22,882.77","22,715.25","61.53M","0.20%"
"02/19/2025","22,433.63","22,875.96","22,935.06","22,416.11","72.22M","-1.80%"
"02/20/2025","22,314.65","22,501.21","22,574.59","22,280.23","70.29M","-0.53%"
"02/21/2025","22,287.56","22,329.22","22,393.59","22,226.34","73.52M","-0.12%"
"02/24/2025","22,425.93","22,470.68","22,515.36","22,235.26","72.04M","0.62%"
"02/25/2025","22,410.27","22,362.81","22,576.12","22,332.15","71.53M","-0.07%"
"02/26/2025","22,794.11","22,571.93","22,833.25","22,554.37","81.09M","1.71%"
"02/27/2025","22,550.89","22,587.27","22,686.41","22,378.06","74.23M","-1.07%"
"02/28/2025","22,551.43","22,409.25","22,551.43","22,329.06","119.06M","0.00%"
"03/03/2025","23,147.02","22,682.95","23,307.97","22,531.60","94.04M","2.64%"
"03/04/2025","22,326.81","22,852.72","22,869.92","22,320.07","108.16M","-3.54%"
"03/05/2025","23,081.03","22,804.81","23,176.39","22,790.89","143.96M","3.38%"
"03/06/2025","23,419.48","23,245.34","23,475.88","23,061.57","149.03M","1.47%"
"03/07/2025","23,008.94","23,195.22","23,234.28","22,860.08","106.64M","-1.75%"
"03/10/2025","22,620.95","23,163.78","23,164.24","22,519.21","108.71M","-1.69%"
"03/11/2025","22,328.77","22,680.39","22,835.10","22,258.30","97.37M","-1.29%"
"03/12/2025","22,676.41","22,525.74","22,813.84","22,461.77","80.93M","1.56%"
"03/13/2025","22,567.14","22,578.10","22,752.83","22,417.52","78.96M","-0.48%"
"03/14/2025","22,986.82","22,501.34","23,049.48","22,465.12","93.29M","1.86%"
"03/17/2025","23,154.57","22,998.53","23,154.57","22,933.57","67.15M","0.73%"
"03/18/2025","23,380.70","23,266.65","23,476.01","23,240.56","80.66M","0.98%"
"03/19/2025","23,288.06","23,272.15","23,372.08","23,136.54","79.64M","-0.40%"
"03/20/2025","22,999.15","23,295.72","23,315.49","22,819.76","92.47M","-1.24%"
"03/21/2025","22,891.68","22,926.42","22,956.98","22,723.19","146.78M","-0.47%"
"03/24/2025","22,852.66","23,075.76","23,137.48","22,813.11","66.76M","-0.17%"
"03/25/2025","23,109.79","22,913.42","23,182.78","22,845.52","60.67M","1.13%"
"03/26/2025","22,839.03","23,202.25","23,204.59","22,826.37","57.80M","-1.17%"
"03/27/2025","22,678.74","22,574.46","22,740.47","22,469.88","74.82M","-0.70%"
"03/28/2025","22,461.52","22,558.84","22,614.96","22,377.91","81.65M","-0.96%"
"03/31/2025","22,163.49","22,253.05","22,320.02","21,978.46","83.87M","-1.33%"
"04/01/2025","22,539.98","22,343.41","22,573.71","22,297.37","67.89M","1.70%"
"04/02/2025","22,390.84","22,483.93","22,485.41","22,139.27","61.15M","-0.66%"
"04/03/2025","21,717.39","21,842.08","22,147.45","21,670.96","117.13M","-3.01%"
"04/04/2025","20,641.72","21,543.47","21,642.17","20,437.37","188.12M","-4.95%"
"04/07/2025","19,789.62","18,751.75","20,799.68","18,489.91","246.53M","-4.13%"
"04/08/2025","20,280.26","20,039.69","20,468.43","19,884.48","137.33M","2.48%"
"04/09/2025","19,670.88","19,833.56","20,025.38","19,384.39","141.65M","-3.00%"
"04/10/2025","20,562.73","21,207.76","21,300.31","20,562.73","135.46M","4.53%"
"04/11/2025","20,374.10","20,787.06","20,796.45","20,114.54","100.48M","-0.92%"
"04/14/2025","20,954.83","20,802.42","21,048.33","20,698.91","74.52M","2.85%"
"04/15/2025","21,253.70","21,076.06","21,288.12","21,042.27","66.92M","1.43%"
"04/16/2025","21,311.02","21,117.78","21,315.96","20,956.38","62.78M","0.27%"
"04/17/2025","21,205.86","21,433.55","21,436.66","21,142.26","66.67M","-0.49%"
"04/22/2025","21,293.53","21,150.54","21,296.91","21,044.61","62.15M","0.41%"
"04/23/2025","21,961.97","21,801.66","22,043.75","21,722.84","88.57M","3.14%"
"04/24/2025","22,064.51","21,890.10","22,081.52","21,731.79","62.64M","0.47%"
"04/25/2025","22,242.45","22,210.51","22,318.36","22,078.34","70.92M","0.81%"
"04/28/2025","22,271.67","22,339.89","22,443.41","22,255.33","55.88M","0.13%"
"04/29/2025","22,425.83","22,377.17","22,455.68","22,319.28","75.55M","0.69%"
"04/30/2025","22,496.98","22,520.49","22,607.32","22,235.74","99.19M","0.32%"
"05/02/2025","23,086.65","22,818.18","23,086.65","22,764.51","84.46M","2.62%"
"05/05/2025","23,344.54","23,064.26","23,364.24","23,064.26","48.83M","1.12%"
"05/06/2025","23,249.65","23,387.35","23,389.86","22,861.40","67.25M","-0.41%"
"05/07/2025","23,115.96","23,252.95","23,300.88","23,100.93","66.59M","-0.58%"
"05/08/2025","23,352.69","23,265.77","23,408.50","23,238.46","68.15M","1.02%"
"05/09/2025","23,499.32","23,480.38","23,543.27","23,428.88","69.23M","0.63%"
"05/12/2025","23,566.54","23,758.58","23,911.98","23,361.72","92.75M","0.29%"
"05/13/2025","23,638.56","23,583.74","23,649.88","23,543.05","79.96M","0.31%"
"05/14/2025","23,527.01","23,679.03","23,702.20","23,444.41","80.37M","-0.47%"
"05/15/2025","23,695.59","23,422.18","23,696.68","23,338.89","74.79M","0.72%"
"05/16/2025","23,767.43","23,775.68","23,887.14","23,664.39","71.98M","0.30%"
"05/19/2025","23,934.98","23,705.93","23,935.09","23,676.35","47.85M","0.70%"
"05/20/2025","24,036.11","24,004.39","24,082.48","23,898.85","66.39M","0.42%"
"05/21/2025","24,122.40","23,966.42","24,152.24","23,871.47","58.54M","0.36%"
"05/22/2025","23,999.17","24,017.06","24,040.21","23,843.07","56.10M","-0.51%"
"05/23/2025","23,629.58","24,026.69","24,149.08","23,274.85","94.25M","-1.54%"
"05/26/2025","24,027.65","24,009.10","24,050.60","23,932.04","37.00M","1.68%"
"05/27/2025","24,226.49","24,054.16","24,300.97","24,027.75","53.47M","0.83%"
"05/28/2025","24,038.19","24,250.99","24,325.97","24,038.19","57.89M","-0.78%"
"05/29/2025","23,933.23","24,255.01","24,255.01","23,917.06","42.77M","-0.44%"
"05/30/2025","23,997.48","23,963.49","24,181.53","23,958.43","110.53M","0.27%"
"06/02/2025","23,930.67","23,865.38","23,993.22","23,740.09","53.15M","-0.28%"
"06/03/2025","24,091.62","24,031.96","24,101.55","23,826.39","50.51M","0.67%"
"06/04/2025","24,276.48","24,253.69","24,346.15","24,129.32","54.18M","0.77%"
"06/05/2025","24,323.58","24,281.21","24,479.42","24,220.71","53.67M","0.19%"
"06/06/2025","24,304.46","24,304.37","24,355.03","24,214.53","41.24M","-0.08%"
"06/09/2025","24,174.32","24,252.26","24,289.51","24,097.09","35.99M","-0.54%"
"06/10/2025","23,987.56","24,156.53","24,168.59","23,964.77","59.03M","-0.77%"
"06/11/2025","23,948.90","23,996.66","24,151.39","23,948.57","62.19M","-0.16%"
"06/12/2025","23,771.45","23,768.05","23,885.06","23,618.85","63.68M","-0.74%"
"06/13/2025","23,516.23","23,448.19","23,557.71","23,360.16","73.19M","-1.07%"
"06/16/2025","23,699.12","23,589.47","23,711.73","23,505.54","55.48M","0.78%"
"06/17/2025","23,434.65","23,495.06","23,550.99","23,315.07","55.14M","-1.12%"
"06/18/2025","23,317.81","23,426.97","23,502.95","23,262.64","56.99M","-0.50%"
"06/19/2025","23,057.38","23,178.60","23,254.86","23,051.55","41.40M","-1.12%"
"06/20/2025","23,350.55","23,197.12","23,481.97","23,187.48","153.41M","1.27%"
"06/23/2025","23,269.01","23,242.90","23,385.60","23,080.29","50.04M","-0.35%"
"06/24/2025","23,641.58","23,689.19","23,812.79","23,580.21","63.91M","1.60%"
"06/25/2025","23,498.33","23,713.24","23,713.24","23,466.73","57.28M","-0.61%"
"06/26/2025","23,649.30","23,609.30","23,710.58","23,521.10","51.55M","0.64%"
"06/27/2025","24,033.22","23,864.67","24,040.55","23,784.62","57.58M","1.62%"
"06/30/2025","23,909.61","24,109.15","24,120.82","23,854.31","70.77M","-0.51%"
"07/01/2025","23,673.29","23,966.95","23,978.30","23,671.27","61.85M","-0.99%"
"07/02/2025","23,790.11","23,789.06","23,824.50","23,620.42","53.39M","0.49%"
"07/03/2025","23,934.13","23,884.80","23,944.10","23,762.42","46.65M","0.61%"
"07/04/2025","23,787.45","23,833.14","23,868.93","23,702.65","34.24M","-0.61%"
"07/07/2025","24,073.67","23,845.88","24,073.67","23,836.58","39.61M","1.20%"
"07/08/2025","24,206.91","24,135.74","24,244.09","24,063.42","60.80M","0.55%"
"07/09/2025","24,549.56","24,278.89","24,609.15","24,261.01","60.62M","1.42%"
"07/10/2025","24,456.81","24,638.58","24,639.10","24,450.97","58.77M","-0.38%"
"07/11/2025","24,255.31","24,333.11","24,369.05","24,166.63","45.56M","-0.82%"
"07/14/2025","24,160.64","24,038.29","24,168.14","23,975.46","42.20M","-0.39%"
"07/15/2025","24,060.29","24,220.52","24,266.81","24,060.29","41.80M","-0.42%"
"07/16/2025","24,009.38","24,011.99","24,207.81","23,968.95","51.69M","-0.21%"
"07/17/2025","24,370.93","24,227.54","24,374.50","24,174.76","47.54M","1.51%"
"07/18/2025","24,289.51","24,483.66","24,494.88","24,251.36","47.71M","-0.33%"
"07/21/2025","24,307.80","24,309.39","24,335.26","24,191.63","42.78M","0.08%"
"07/22/2025","24,041.90","24,236.09","24,237.41","23,921.83","49.15M","-1.09%"
"07/23/2025","24,240.82","24,246.80","24,310.96","24,122.19","80.49M","0.83%"
"07/24/2025","24,295.93","24,502.99","24,514.93","24,235.44","78.04M","0.23%"
"07/25/2025","24,217.50","24,097.33","24,252.59","24,065.19","54.01M","-0.32%"
"07/28/2025","23,970.36","24,424.67","24,444.47","23,942.12","52.66M","-1.02%"
"07/29/2025","24,217.37","24,051.71","24,310.00","24,051.71","50.19M","1.03%"
"07/30/2025","24,262.22","24,169.26","24,302.77","24,138.21","51.18M","0.19%"
"07/31/2025","24,065.47","24,340.21","24,433.40","24,039.92","61.02M","-0.81%"
"08/01/2025","23,425.97","23,786.91","23,802.73","23,380.94","69.50M","-2.66%"
"08/04/2025","23,757.69","23,523.24","23,783.79","23,521.61","50.80M","1.42%"
"08/05/2025","23,846.07","23,914.32","23,979.59","23,785.08","58.13M","0.37%"
"08/06/2025","23,924.36","23,972.03","23,996.89","23,806.92","66.33M","0.33%"
"08/07/2025","24,192.50","23,910.87","24,392.04","23,899.46","75.74M","1.12%"
"08/08/2025","24,162.86","24,165.88","24,268.82","24,095.99","55.85M","-0.12%"
"08/11/2025","24,081.34","24,206.26","24,219.09","24,030.05","41.59M","-0.34%"
"08/12/2025","24,024.78","24,147.01","24,156.25","23,940.24","55.51M","-0.23%"
"08/13/2025","24,185.59","24,156.51","24,247.39","24,138.79","48.58M","0.67%"
"08/14/2025","24,377.50","24,205.59","24,409.35","24,205.37","47.94M","0.79%"
"08/15/2025","24,359.30","24,530.70","24,536.11","24,327.60","47.13M","-0.07%"
"08/18/2025","24,314.77","24,313.82","24,336.74","24,245.17","40.22M","-0.18%"
"08/19/2025","24,423.07","24,357.23","24,441.00","24,283.55","43.71M","0.45%"
"08/20/2025","24,276.97","24,252.72","24,369.87","24,217.51","44.78M","-0.60%"
"08/21/2025","24,293.34","24,274.42","24,306.06","24,179.91","39.35M","0.07%"
"08/22/2025","24,363.09","24,254.81","24,444.41","24,222.54","44.81M","0.29%"
"08/25/2025","24,273.12","24,232.02","24,377.38","24,224.15","31.48M","-0.37%"
"08/26/2025","24,152.87","24,110.08","24,263.11","24,036.88","78.93M","-0.50%"
"08/27/2025","24,046.21","24,174.62","24,198.30","23,977.99","43.59M","-0.44%"
"08/28/2025","24,039.92","24,180.62","24,206.53","23,972.54","42.29M","-0.03%"
"08/29/2025","23,902.21","23,949.43","24,063.55","23,881.98","45.70M","-0.57%"
"09/01/2025","24,037.33","24,012.04","24,046.85","23,969.36","26.63M","0.57%"
"09/02/2025","23,487.33","23,975.34","23,990.81","23,482.67","54.30M","-2.29%"
"09/03/2025","23,594.80","23,606.69","23,705.95","23,507.11","53.26M","0.46%"
"09/04/2025","23,770.33","23,664.79","23,800.12","23,610.45","46.93M","0.74%"
"09/05/2025","23,596.98","23,851.94","23,854.68","23,546.70","46.85M","-0.73%"
"09/08/2025","23,807.13","23,771.86","23,830.12","23,655.47","48.62M","0.89%"
"09/09/2025","23,718.45","23,802.61","23,859.56","23,633.95","44.54M","-0.37%"
"09/10/2025","23,632.95","23,837.17","23,883.58","23,600.47","49.06M","-0.36%"
"09/11/2025","23,703.65","23,654.93","23,787.18","23,563.37","47.69M","0.30%"
"09/12/2025","23,698.15","23,767.34","23,793.06","23,604.36","43.83M","-0.02%"
"09/15/2025","23,748.86","23,785.26","23,855.35","23,664.11","40.17M","0.21%"
"09/16/2025","23,329.24","23,711.99","23,717.67","23,317.30","51.22M","-1.77%"
"09/17/2025","23,359.18","23,407.39","23,476.71","23,284.67","50.05M","0.13%"
"09/18/2025","23,674.53","23,577.06","23,690.47","23,557.81","54.29M","1.35%"
"09/19/2025","23,639.41","23,723.34","23,785.24","23,599.26","213.89M","-0.15%"
"09/22/2025","23,527.05","23,567.49","23,589.25","23,424.44","53.68M","-0.48%"
"09/23/2025","23,611.33","23,604.36","23,723.20","23,564.97","48.15M","0.36%"
"09/24/2025","23,666.81","23,601.50","23,736.60","23,499.98","53.94M","0.23%"
"09/25/2025","23,534.83","23,620.40","23,629.37","23,383.84","55.19M","-0.56%"
"09/26/2025","23,739.47","23,601.19","23,756.04","23,579.25","45.00M","0.87%"
"09/29/2025","23,745.06","23,835.61","23,835.61","23,666.81","39.11M","0.02%"
"09/30/2025","23,880.72","23,726.43","23,887.73","23,676.36","47.60M","0.57%"
"10/01/2025","24,113.62","23,755.23","24,162.23","23,753.08","53.50M","0.98%"
"10/02/2025","24,422.56","24,293.83","24,502.33","24,247.45","54.05M","1.28%"
"10/03/2025","24,378.80","24,511.57","24,524.11","24,343.21","38.22M","-0.18%"
"10/06/2025","24,378.29","24,357.59","24,482.90","24,269.94","43.41M","0.00%"
"10/07/2025","24,385.78","24,400.77","24,452.93","24,308.04","41.56M","0.03%"
"10/08/2025","24,597.13","24,382.66","24,630.97","24,360.65","56.85M","0.87%"
"10/09/2025","24,611.25","24,674.65","24,771.34","24,602.12","41.01M","0.06%"
"10/10/2025","24,241.46","24,664.23","24,690.72","24,241.46","50.18M","-1.50%"
"10/13/2025","24,387.93","24,372.90","24,448.77","24,260.77","36.84M","0.60%"
"10/14/2025","24,236.94","24,169.03","24,242.85","23,986.93","45.09M","-0.62%"
"10/15/2025","24,181.37","24,263.71","24,339.27","24,179.99","43.49M","-0.23%"
"10/16/2025","24,272.19","24,188.15","24,283.57","24,051.85","45.22M","0.38%"
"10/17/2025","23,830.99","23,833.11","23,987.75","23,684.37","69.38M","-1.82%"
"10/20/2025","24,258.80","24,035.19","24,296.39","24,026.59","46.61M","1.80%"
"10/21/2025","24,330.03","24,310.44","24,384.24","24,201.29","42.70M","0.29%"
"10/22/2025","24,151.13","24,296.16","24,342.18","24,138.25","57.73M","-0.74%"
"10/23/2025","24,207.79","24,202.78","24,222.84","24,035.21","51.15M","0.23%"
"10/24/2025","24,239.89","24,275.99","24,275.99","24,145.26","43.27M","0.13%"
"10/27/2025","24,308.78","24,332.85","24,348.59","24,185.84","43.35M","0.28%"
"10/28/2025","24,278.63","24,228.18","24,339.94","24,188.37","41.98M","-0.12%"
"10/29/2025","24,124.21","24,261.09","24,322.90","24,090.58","63.57M","-0.64%"
"10/30/2025","24,118.89","24,187.82","24,215.30","24,034.75","53.91M","-0.02%"
"10/31/2025","23,958.30","24,115.31","24,119.66","23,922.95","42.90M","-0.67%"
"11/03/2025","24,132.41","23,990.34","24,248.67","23,982.28","48.00M","0.73%"
"11/04/2025","23,949.11","23,801.24","23,974.31","23,674.65","51.57M","-0.76%"
"11/05/2025","24,049.74","23,774.55","24,103.53","23,732.38","55.20M","0.42%"
"11/06/2025","23,734.02","23,996.24","24,058.73","23,721.99","58.27M","-1.31%"
"11/07/2025","23,569.96","23,801.97","23,837.12","23,452.89","53.12M","-0.69%"
"11/10/2025","23,959.99","23,925.36","24,022.69","23,854.49","52.66M","1.65%"
"11/11/2025","24,088.06","23,990.14","24,108.43","23,952.41","47.22M","0.53%"
"11/12/2025","24,381.46","24,245.89","24,441.28","24,234.94","75.34M","1.22%"
"11/13/2025","24,041.62","24,367.70","24,416.33","24,027.92","60.79M","-1.39%"
"11/14/2025","23,876.55","23,977.72","23,992.12","23,609.06","64.04M","-0.69%"
"11/17/2025","23,590.52","23,890.48","23,928.48","23,529.73","46.45M","-1.20%"
"11/18/2025","23,180.53","23,238.33","23,358.75","23,085.38","61.39M","-1.74%"
"11/19/2025","23,162.92","23,180.93","23,379.36","23,105.55","52.35M","-0.08%"
"11/20/2025","23,278.85","23,387.42","23,512.49","23,277.09","47.73M","0.50%"
"11/21/2025","23,091.87","22,963.17","23,256.27","22,943.06","68.91M","-0.80%"
"11/24/2025","23,239.18","23,280.32","23,392.22","23,149.70","129.34M","0.64%"
"11/25/2025","23,464.63","23,254.46","23,487.23","23,139.27","50.05M","0.97%"
"11/26/2025","23,726.22","23,585.26","23,727.25","23,445.28","45.53M","1.11%"
"11/27/2025","23,767.96","23,732.81","23,830.97","23,708.42","31.16M","0.18%"
"11/28/2025","23,836.79","23,780.75","23,883.98","23,720.56","37.18M","0.29%"
"12/01/2025","23,589.44","23,731.29","23,734.20","23,433.48","48.99M","-1.04%"
"12/02/2025","23,710.86","23,637.49","23,792.05","23,607.70","50.94M","0.51%"
"12/03/2025","23,693.71","23,788.82","23,838.05","23,646.43","51.71M","-0.07%"
"12/04/2025","23,882.03","23,836.23","23,930.52","23,797.71","52.98M","0.79%"
"12/05/2025","24,028.14","23,942.73","24,130.92","23,929.26","46.88M","0.61%"
"12/08/2025","24,046.01","24,015.97","24,116.99","23,985.28","46.44M","0.07%"
"12/09/2025","24,162.65","24,094.99","24,186.92","24,092.50","49.09M","0.49%"
"12/10/2025","24,130.14","24,131.39","24,168.72","24,001.43","47.49M","-0.13%"
"12/11/2025","24,294.61","24,055.17","24,364.01","24,007.98","52.08M","0.68%"
"12/12/2025","24,186.49","24,368.94","24,474.62","24,173.28","45.46M","-0.45%"
"12/15/2025","24,229.91","24,297.64","24,318.30","24,170.45","47.05M","0.18%"
"12/16/2025","24,076.87","24,124.11","24,191.60","24,011.80","53.27M","-0.63%"
"12/17/2025","23,960.59","24,159.62","24,185.47","23,949.17","52.40M","-0.48%"
"12/18/2025","24,199.50","23,947.03","24,215.98","23,923.97","51.63M","1.00%"
"12/19/2025","24,288.40","24,196.19","24,305.82","24,153.23","131.44M","0.37%"
"12/22/2025","24,283.97","24,291.85","24,356.11","24,203.37","32.25M","-0.02%"
"12/23/2025","24,340.06","24,297.62","24,362.01","24,257.47","28.28M","0.23%"
"12/29/2025","24,351.12","24,370.94","24,389.15","24,253.73","35.36M","0.05%"
"12/30/2025","24,490.41","24,343.19","24,527.94","24,328.42","23.18M","0.57%"
"01/02/2026","24,539.34","24,499.51","24,676.79","24,448.98","48.78M","0.20%"
"01/05/2026","24,868.69","24,681.35","24,872.92","24,639.68","53.50M","1.34%"
"01/06/2026","24,892.20","24,904.68","24,969.17","24,836.33","57.40M","0.09%"
"01/07/2026","25,122.26","24,995.00","25,122.46","24,982.62","57.89M","0.92%"
"01/08/2026","25,127.46","25,128.46","25,217.52","25,024.65","57.58M","0.02%"
"01/09/2026","25,261.64","25,124.02","25,281.18","25,107.92","55.24M","0.53%"
"01/12/2026","25,405.34","25,248.37","25,421.42","25,236.88","47.08M","0.57%"
"01/13/2026","25,420.66","25,408.37","25,507.79","25,338.30","51.67M","0.06%"
"01/14/2026","25,286.24","25,429.75","25,461.36","25,268.27","64.45M","-0.53%"
"01/15/2026","25,352.39","25,275.83","25,378.55","25,233.32","58.30M","0.26%"
"01/16/2026","25,297.13","25,336.01","25,354.11","25,198.53","62.82M","-0.22%"
"01/19/2026","24,959.06","24,940.47","25,070.61","24,911.59","59.77M","-1.34%"
"01/20/2026","24,703.12","24,747.35","24,758.32","24,507.11","61.37M","-1.03%"
"01/21/2026","24,560.98","24,636.55","24,656.73","24,349.54","60.77M","-0.58%"
"01/22/2026","24,856.47","24,877.63","24,937.08","24,772.54","68.31M","1.20%"
"01/23/2026","24,900.71","24,819.94","24,930.15","24,796.93","51.85M","0.18%"
"01/26/2026","24,933.08","24,890.30","24,985.15","24,790.74","46.86M","0.13%"
"01/27/2026","24,894.44","25,008.03","25,020.22","24,848.53","54.95M","-0.15%"
"01/28/2026","24,822.79","24,878.23","24,926.03","24,707.19","64.68M","-0.29%"
"01/29/2026","24,309.46","24,697.38","24,758.73","24,266.33","72.60M","-2.07%"
"01/30/2026","24,538.81","24,376.15","24,585.45","24,366.39","65.55M","0.94%"
"02/02/2026","24,797.52","24,392.09","24,851.70","24,384.21","57.35M","1.05%"
"02/03/2026","24,780.79","24,956.76","25,098.71","24,703.62","69.04M","-0.07%"
"02/04/2026","24,603.04","24,845.59","24,877.91","24,602.88","89.33M","-0.72%"
"02/05/2026","24,491.06","24,607.47","24,663.81","24,272.62","77.75M","-0.46%"
"02/06/2026","24,721.46","24,452.15","24,737.97","24,393.11","57.34M","0.94%"
"02/09/2026","25,014.87","24,860.67","25,016.01","24,714.89","50.67M","1.19%"
"02/10/2026","24,987.85","24,960.59","25,075.75","24,935.34","61.27M","-0.11%"
"02/11/2026","24,856.15","24,956.46","25,001.52","24,834.79","81.18M","-0.53%"
"02/12/2026","24,852.69","25,060.80","25,239.01","24,813.23","83.19M","-0.01%"
"02/13/2026","24,914.88","24,822.30","24,953.15","24,750.47","83.10M","0.25%"
"02/16/2026","24,800.91","24,988.61","25,020.83","24,793.58","47.14M","-0.46%"
"02/17/2026","24,998.40","24,796.82","25,020.64","24,734.04","64.75M","0.80%"
"02/18/2026","25,278.21","25,127.13","25,315.01","25,100.92","67.60M","1.12%"
"02/19/2026","25,043.57","25,198.38","25,228.94","24,983.89","57.79M","-0.93%"
"02/20/2026","25,260.69","25,070.00","25,331.06","25,004.81","61.96M","0.87%"
"02/23/2026","24,991.97","25,114.39","25,194.93","24,937.56","51.82M","-1.06%"
"02/24/2026","24,986.25","24,952.16","25,091.95","24,878.10","60.64M","-0.02%"
"02/25/2026","25,175.94","25,051.84","25,184.41","24,988.61","55.14M","0.76%"
"02/26/2026","25,289.02","25,095.86","25,318.95","25,088.49","57.06M","0.45%"
"02/27/2026","25,284.26","25,294.37","25,405.97","25,188.30","95.18M","-0.02%"
"03/02/2026","24,638.00","24,695.44","24,897.61","24,577.42","78.32M","-2.56%"
"03/03/2026","23,790.65","24,207.44","24,239.52","23,601.11","105.23M","-3.44%"
"03/04/2026","24,205.36","23,901.32","24,242.49","23,814.89","74.83M","1.74%"
"03/05/2026","23,815.75","24,145.44","24,366.81","23,754.65","77.03M","-1.61%"
"03/06/2026","23,591.03","23,942.89","24,028.44","23,342.88","88.26M","-0.94%"
"03/09/2026","23,409.37","22,998.94","23,470.80","22,927.55","71.51M","-0.77%"
"03/10/2026","23,968.63","23,886.38","24,061.15","23,765.24","76.59M","2.39%"
"03/11/2026","23,640.03","23,725.21","23,824.73","23,533.70","59.77M","-1.37%"
"03/12/2026","23,589.65","23,577.82","23,703.55","23,368.07","78.26M","-0.21%"
"03/13/2026","23,447.29","23,381.91","23,762.12","23,293.52","62.33M","-0.60%"
"03/16/2026","23,564.01","23,480.50","23,699.50","23,334.97","63.88M","0.50%"
"03/17/2026","23,730.92","23,500.34","23,820.58","23,464.84","62.74M","0.71%"
"03/18/2026","23,502.25","23,837.20","23,957.10","23,449.56","76.03M","-0.96%"
"03/19/2026","22,839.56","23,160.58","23,180.14","22,759.42","106.70M","-2.82%"
"03/20/2026","22,380.19","23,083.89","23,176.17","22,369.47","174.29M","-2.01%"
"03/23/2026","22,653.86","21,947.82","23,178.70","21,863.81","104.93M","1.22%"
"03/24/2026","22,636.91","22,677.09","22,730.83","22,350.34","57.87M","-0.07%"
"03/25/2026","22,957.08","22,961.89","23,079.37","22,815.71","60.50M","1.41%"
"03/26/2026","22,612.97","22,740.71","22,813.41","22,557.10","57.62M","-1.50%"
"03/27/2026","22,300.75","22,612.93","22,631.76","22,215.86","59.19M","-1.38%"
"03/30/2026","22,562.88","22,213.86","22,562.88","22,209.45","56.25M","1.18%"
"03/31/2026","22,680.04","22,578.84","22,850.70","22,491.51","68.66M","0.52%"
"04/01/2026","23,298.89","23,326.89","23,377.65","23,027.04","75.34M","2.73%"
"04/02/2026","23,168.08","22,935.23","23,235.16","22,677.92","62.86M","-0.56%"
"04/07/2026","22,921.59","23,181.65","23,397.89","22,842.14","59.11M","-1.06%"
"04/08/2026","24,080.63","24,021.81","24,163.91","23,875.79","93.92M","5.06%"
"04/09/2026","23,806.99","23,981.22","23,989.01","23,673.12","56.94M","-1.14%"
"04/10/2026","23,803.95","23,827.54","24,043.59","23,767.71","60.87M","-0.01%"
"04/13/2026","23,742.44","23,562.19","23,756.85","23,482.01","53.36M","-0.26%"
"04/14/2026","24,044.22","23,953.93","24,087.30","23,938.11","68.22M","1.27%"
"04/15/2026","24,066.70","24,060.97","24,127.01","23,996.80","53.55M","0.09%"
"04/16/2026","24,154.47","24,135.49","24,259.66","24,059.17","56.59M","0.36%"
"04/17/2026","24,702.24","24,150.47","24,792.46","24,146.58","96.83M","2.27%"
"04/20/2026","24,417.80","24,385.04","24,497.38","24,290.00","52.07M","-1.15%"
"04/21/2026","24,270.87","24,508.20","24,606.84","24,247.31","51.55M","-0.60%"
"04/22/2026","24,194.90","24,373.41","24,399.57","24,151.89","62.50M","-0.31%"
"04/23/2026","24,155.45","24,076.70","24,204.47","23,991.78","61.72M","-0.16%"
"04/24/2026","24,128.98","24,217.70","24,330.62","23,998.07","65.31M","-0.11%"
"04/27/2026","24,083.53","24,196.43","24,382.32","24,049.44","49.73M","-0.19%"
"04/28/2026","24,018.26","24,067.91","24,153.99","23,897.24","56.78M","-0.27%"
"04/29/2026","23,954.56","24,072.90","24,110.00","23,880.52","65.98M","-0.27%"
"04/30/2026","24,292.38","23,715.71","24,293.11","23,715.71","76.83M","1.41%"
"05/04/2026","23,991.27","24,274.50","24,406.64","23,974.74","68.23M","-1.24%"
"05/05/2026","24,401.70","24,014.65","24,403.56","23,988.92","67.65M","1.71%"
"05/06/2026","24,918.69","24,636.16","25,152.51","24,634.76","95.38M","2.12%"
"05/07/2026","24,663.61","24,940.36","25,021.02","24,650.99","70.01M","-1.02%"
"05/08/2026","24,338.63","24,447.65","24,513.52","24,289.72","60.38M","-1.32%"
"05/11/2026","24,350.28","24,333.31","24,362.80","24,202.33","62.64M","0.05%"
"05/12/2026","23,954.93","24,048.25","24,210.74","23,920.70","65.28M","-1.62%"
"05/13/2026","24,136.81","24,129.57","24,226.17","24,002.46","63.45M","0.76%"
"05/14/2026","24,456.26","24,366.42","24,492.95","24,329.74","50.44M","1.32%"
"05/15/2026","23,950.57","24,229.29","24,297.95","23,917.63","65.37M","-2.07%"
"05/18/2026","24,307.92","23,833.11","24,430.98","23,797.33","62.43M","1.49%"
"05/19/2026","24,400.65","24,370.50","24,690.81","24,358.75","61.33M","0.38%"
"05/20/2026","24,737.24","24,345.32","24,885.56","24,287.67","58.51M","1.38%"
"05/21/2026","24,606.77","24,692.21","24,894.63","24,534.79","53.38M","-0.53%"
"05/22/2026","24,888.56","24,768.49","24,943.75","24,676.27","53.87M","1.15%"
"05/25/2026","25,389.10","25,181.27","25,438.41","25,062.72","34.14M","2.01%"
"05/26/2026","25,184.89","25,359.75","25,361.64","25,180.50","44.48M","-0.80%"
"05/27/2026","25,177.80","25,324.81","25,394.81","25,113.15","60.64M","-0.03%"
"05/28/2026","25,092.25","25,083.77","25,244.71","24,973.25","54.10M","-0.34%"
"05/29/2026","25,104.70","25,126.35","25,204.13","25,040.45","162.69M","0.05%"
"06/01/2026","25,003.04","25,083.24","25,301.73","24,901.77","64.66M","-0.40%"
"06/02/2026","25,124.17","25,197.90","25,362.83","25,061.66","61.01M","0.48%"
"06/03/2026","24,795.94","24,912.31","24,973.15","24,761.96","65.23M","-1.31%"
"06/04/2026","24,944.95","24,849.43","25,009.02","24,830.63","53.18M","0.60%"
"06/05/2026","24,759.05","24,881.87","25,024.05","24,756.47","54.22M","-0.75%"
"06/08/2026","24,616.22","24,447.32","24,732.60","24,426.61","54.48M","-0.58%"
"06/09/2026","24,433.06","24,589.29","24,820.95","24,398.87","56.77M","-0.74%"
"06/10/2026","24,195.31","24,507.40","24,517.48","24,043.52","60.07M","-0.97%"
"06/11/2026","24,209.71","24,205.16","24,327.69","24,080.64","59.15M","0.06%"
"06/12/2026","24,635.30","24,549.25","24,753.89","24,421.82","60.40M","1.76%"
"06/15/2026","24,894.01","25,068.37","25,085.80","24,882.01","62.05M","1.05%"
"06/16/2026","24,910.41","24,942.73","25,110.28","24,900.73","50.30M","0.07%"
"06/17/2026","24,934.67","24,816.96","24,956.48","24,763.53","74.70M","0.10%"
"06/18/2026","25,026.80","24,996.54","25,059.37","24,840.27","88.24M","0.37%"
"06/19/2026","24,985.82","25,075.33","25,173.02","24,951.54","168.14M","-0.16%"
"06/22/2026","25,139.69","25,035.93","25,176.21","24,896.19","64.13M","0.62%"
"06/23/2026","24,893.58","24,835.56","24,988.71","24,728.57","63.41M","-0.98%"
"06/24/2026","24,740.36","24,790.70","24,800.66","24,593.48","61.20M","-0.62%"
"06/25/2026","24,994.83","24,810.00","25,088.28","24,761.72","71.25M","1.03%"
"06/26/2026","24,671.22","24,848.51","24,869.63","24,547.70","61.91M","-1.29%"
"06/29/2026","24,626.89","24,724.34","24,762.24","24,556.78","56.32M","-0.18%"
"06/30/2026","24,995.81","24,815.22","25,024.27","24,794.84","75.92M","1.50%"
"07/01/2026","25,040.28","25,028.93","25,095.66","24,887.00","56.03M","0.18%"
"07/02/2026","25,580.88","25,025.13","25,655.82","24,994.64","75.06M","2.16%"
"07/03/2026","25,779.31","25,763.97","25,826.78","25,611.69","49.90M","0.78%"
"07/06/2026","25,817.89","25,811.90","25,900.10","25,698.56","42.80M","0.15%"
"07/07/2026","25,465.25","25,770.45","25,811.97","25,465.12","54.57M","-1.37%"
"07/08/2026","24,897.45","25,274.94","25,280.16","24,830.17","65.65M","-2.23%"
"07/09/2026","25,118.27","25,097.48","25,127.76","24,867.32","48.78M","0.89%"
"07/10/2026","25,067.09","25,081.19","25,195.83","24,937.52","48.00M","-0.20%"
"07/13/2026","25,114.25","24,963.80","25,154.58","24,963.80","39.51M","0.19%"
"07/14/2026","25,147.03","24,932.62","25,204.68","24,869.25","50.20M","0.13%"
"07/15/2026","24,999.53","24,970.05","25,055.48","24,839.23","49.35M","-0.59%"
"07/16/2026","24,915.49","25,018.95","25,021.51","24,696.17","44.37M","-0.34%"
"07/17/2026","24,830.98","24,755.09","24,850.75","24,651.34","61.31M","-0.34%"
"07/20/2026","24,846.69","24,769.15","24,974.53","24,751.13","43.97M","0.06%"
"07/21/2026","25,011.35","24,922.10","25,011.35","24,817.34","45.46M","0.66%"
"07/22/2026","25,155.41","25,001.31","25,271.34","24,984.27","52.33M","0.58%"
"07/23/2026","24,763.12","24,994.05","25,074.28","24,696.59","62.73M","-1.56%"
"07/24/2026","25,099.00","24,830.41","25,099.68","24,821.67","44.80M","1.36%"
"07/27/2026","25,361.03","25,459.32","25,560.40","25,361.03","52.42M","1.04%"
"07/28/2026","25,464.01","25,496.13","25,553.47","25,307.17","57.35M","0.41%"
"07/29/2026","25,460.48","25,551.97","25,571.45","25,336.39","62.05M","-0.01%"
"07/30/2026","25,612.03","25,487.45","25,651.16","25,303.11","61.02M","0.60%"
"07/31/2026","25,629.24","25,709.37","25,891.51","25,549.53","62.19M","0.07%"
"08/03/2026","26,001.31","25,855.12","26,096.93","25,855.12","64.93M","1.45%"
"08/04/2026","26,202.35","26,189.62","26,266.50","26,082.43","64.19M","0.77%"
"08/05/2026","26,126.30","26,393.43","26,403.81","26,123.18","62.43M","-0.29%"
"08/06/2026","26,140.13","26,116.27","26,229.33","26,081.69","63.04M","0.05%"
"08/07/2026","26,319.45","26,235.80","26,445.18","26,223.64","50.44M","0.69%"
"08/10/2026","26,323.88","26,360.44","26,441.91","26,302.19","41.44M","0.02%"
"08/11/2026","26,391.42","26,378.00","26,504.54","26,245.57","39.84M","0.26%"
"08/12/2026","26,331.07","26,452.00","26,573.50","26,313.58","47.12M","-0.23%"
"08/13/2026","26,299.74","26,437.35","26,489.78","26,285.23","45.23M","-0.12%"
"08/14/2026","26,440.31","26,445.99","26,541.34","26,404.95","52.37M","0.53%"
"08/17/2026","26,338.61","26,490.30","26,493.50","26,338.61","38.18M","-0.38%"
"08/18/2026","26,128.36","26,280.86","26,292.95","26,119.54","47.42M","-0.80%"
"08/19/2026","26,091.33","26,146.12","26,187.82","26,063.37","46.18M","-0.14%"
"08/20/2026","25,983.04","26,050.95","26,062.15","25,914.11","37.33M","-0.42%"
"08/21/2026","26,136.56","25,998.95","26,166.25","25,969.52","43.33M","0.59%"
"08/24/2026","26,106.60","26,091.29","26,171.70","26,038.07","35.64M","-0.11%"
"08/25/2026","26,266.14","26,206.01","26,341.52","26,164.11","41.70M","0.61%"
"08/26/2026","26,285.96","26,255.41","26,466.76","26,196.92","48.78M","0.08%"
"08/27/2026","26,367.24","26,354.37","26,402.81","26,241.77","49.22M","0.31%"
"08/28/2026","26,569.99","26,494.61","26,618.74","26,467.36","45.04M","0.77%"
"08/31/2026","26,258.11","26,464.14","26,471.79","26,249.59","81.71M","-1.17%"
"09/01/2026","25,970.11","26,150.75","26,206.13","25,916.76","48.54M","-1.10%"
"09/02/2026","25,839.33","25,886.67","25,924.21","25,727.93","47.82M","-0.50%"
"09/03/2026","26,003.32","25,840.92","26,007.79","25,784.84","50.29M","0.63%"
"09/04/2026","26,046.40","25,985.86","26,167.93","25,958.70","47.99M","0.17%"
"09/07/2026","26,006.53","26,039.54","26,069.99","25,919.61","35.63M","-0.15%"
"09/08/2026","26,007.63","25,897.22","26,026.78","25,799.66","42.20M","0.00%"
"09/09/2026","25,576.45","25,870.98","25,909.66","25,512.39","53.67M","-1.66%"
"09/10/2026","25,361.15","25,555.66","25,612.09","25,361.15","49.91M","-0.84%"
"09/11/2026","25,568.56","25,478.84","25,581.22","25,396.38","45.27M","0.82%"