"Date","Price","Open","High","Low","Vol.","Change %"
"09/02/2019","25,626.55","25,627.83","25,662.31","25,502.70","1.30B","-0.38%"
"09/03/2019","25,527.85","25,546.32","25,736.05","25,498.11","1.15B","-0.39%"
"09/04/2019","26,523.23","25,675.16","26,654.21","25,675.16","2.69B","3.90%"
"09/05/2019","26,515.53","26,512.86","26,697.85","26,283.12","2.00B","-0.03%"
"09/06/2019","26,690.76","26,773.13","26,790.79","26,563.17","1.90B","0.66%"
"09/09/2019","26,681.40","26,743.36","26,807.86","26,609.65","1.70B","-0.04%"
"09/10/2019","26,683.68","26,831.98","26,870.77","26,634.47","1.74B","0.01%"
"09/11/2019","27,159.06","26,790.64","27,159.51","26,705.63","2.07B","1.78%"
"09/12/2019","27,087.63","27,283.98","27,283.98","26,967.25","1.34B","-0.26%"
"09/13/2019","27,352.69","27,154.51","27,366.45","27,074.54","1.18B","0.98%"
"09/16/2019","27,124.55","27,212.89","27,212.89","26,976.30","2.19B","-0.83%"
"09/17/2019","26,790.24","26,942.96","26,951.84","26,694.37","1.85B","-1.23%"
"09/18/2019","26,754.12","26,838.43","26,891.16","26,730.63","1.37B","-0.13%"
"09/19/2019","26,468.95","26,820.73","26,820.73","26,372.09","1.33B","-1.07%"
"09/20/2019","26,435.67","26,532.88","26,564.36","26,410.41","1.97B","-0.13%"
"09/23/2019","26,222.40","26,463.62","26,483.03","26,186.01","1.29B","-0.81%"
"09/24/2019","26,281.00","26,300.21","26,391.98","26,207.27","2.09B","0.22%"
"09/25/2019","25,945.35","26,162.71","26,190.56","25,917.68","1.76B","-1.28%"
"09/26/2019","26,041.93","26,075.15","26,099.64","25,917.58","1.70B","0.37%"
"09/27/2019","25,954.81","25,977.98","26,017.46","25,840.66","984.28M","-0.33%"
"09/30/2019","26,092.27","25,844.71","26,161.70","25,786.29","1.34B","0.53%"
"10/02/2019","26,042.69","25,901.47","26,092.62","25,778.22","1.20B","-0.19%"
"10/03/2019","26,110.31","25,831.44","26,192.87","25,809.47","1.14B","0.26%"
"10/04/2019","25,821.03","26,169.51","26,169.51","25,612.49","1.14B","-1.11%"
"10/08/2019","25,893.40","25,848.73","26,180.03","25,761.50","1.78B","0.28%"
"10/09/2019","25,682.81","25,736.88","25,866.84","25,656.66","1.59B","-0.81%"
"10/10/2019","25,707.93","25,625.57","25,809.58","25,521.95","1.43B","0.10%"
"10/11/2019","26,308.44","25,986.82","26,393.01","25,976.07","2.03B","2.34%"
"10/14/2019","26,521.85","26,520.93","26,636.93","26,386.41","2.10B","0.81%"
"10/15/2019","26,503.93","26,609.13","26,609.13","26,433.43","1.57B","-0.07%"
"10/16/2019","26,664.28","26,553.90","26,698.56","26,432.43","1.69B","0.61%"
"10/17/2019","26,848.49","26,809.04","26,956.82","26,729.51","1.40B","0.69%"
"10/18/2019","26,719.58","26,910.55","26,985.08","26,650.13","1.54B","-0.48%"
"10/21/2019","26,725.68","26,715.22","26,818.44","26,658.32","1.05B","0.02%"
"10/22/2019","26,786.20","26,813.81","26,844.29","26,698.30","1.50B","0.23%"
"10/23/2019","26,566.73","26,771.98","26,818.99","26,491.71","1.27B","-0.82%"
"10/24/2019","26,797.95","26,651.03","26,810.43","26,592.18","1.50B","0.87%"
"10/25/2019","26,667.39","26,795.64","26,795.64","26,621.18","1.15B","-0.49%"
"10/28/2019","26,891.26","26,770.11","27,005.68","26,762.70","1.48B","0.84%"
"10/29/2019","26,786.76","27,027.56","27,027.56","26,729.06","1.52B","-0.39%"
"10/30/2019","26,667.71","26,766.98","26,809.53","26,602.95","1.55B","-0.44%"
"10/31/2019","26,906.72","26,708.45","27,009.50","26,708.45","1.91B","0.90%"
"11/01/2019","27,100.76","26,806.44","27,102.42","26,800.57","1.42B","0.72%"
"11/04/2019","27,547.30","27,299.88","27,547.30","27,299.46","1.78B","1.65%"
"11/05/2019","27,683.40","27,601.10","27,733.07","27,463.33","1.75B","0.49%"
"11/06/2019","27,688.64","27,636.33","27,750.91","27,547.77","1.32B","0.02%"
"11/07/2019","27,847.23","27,690.60","27,900.80","27,534.91","1.35B","0.57%"
"11/08/2019","27,651.14","27,894.56","27,894.56","27,582.29","1.49B","-0.70%"
"11/11/2019","26,926.55","27,361.41","27,361.41","26,830.47","1.92B","-2.62%"
"11/12/2019","27,065.28","27,064.26","27,076.67","26,794.61","1.15B","0.52%"
"11/13/2019","26,571.46","26,761.16","26,761.16","26,465.33","1.86B","-1.82%"
"11/14/2019","26,323.69","26,444.23","26,605.96","26,203.97","1.55B","-0.93%"
"11/15/2019","26,326.66","26,529.95","26,544.65","26,300.08","1.18B","0.01%"
"11/18/2019","26,681.09","26,442.39","26,702.16","26,406.35","1.43B","1.35%"
"11/19/2019","27,093.80","26,671.32","27,093.80","26,605.63","1.54B","1.55%"
"11/20/2019","26,889.61","26,936.79","26,962.17","26,804.35","1.33B","-0.75%"
"11/21/2019","26,466.88","26,587.59","26,587.59","26,306.02","1.71B","-1.57%"
"11/22/2019","26,595.08","26,584.88","26,690.17","26,487.67","1.10B","0.48%"
"11/25/2019","26,993.04","26,873.35","27,114.22","26,852.89","1.50B","1.50%"
"11/26/2019","26,913.92","27,183.90","27,227.87","26,913.92","2.42B","-0.29%"
"11/27/2019","26,954.00","26,943.52","26,974.28","26,866.80","1.13B","0.15%"
"11/28/2019","26,893.73","26,763.63","26,991.80","26,763.63","998.84M","-0.22%"
"11/29/2019","26,346.49","26,705.38","26,705.38","26,308.10","2.00B","-2.03%"
"12/02/2019","26,444.72","26,475.34","26,511.55","26,393.09","1.35B","0.37%"
"12/03/2019","26,391.30","26,315.97","26,424.12","26,063.02","1.80B","-0.20%"
"12/04/2019","26,062.56","26,071.39","26,191.79","25,995.15","1.50B","-1.25%"
"12/05/2019","26,217.04","26,300.51","26,300.51","26,134.06","1.23B","0.59%"
"12/06/2019","26,498.37","26,345.20","26,520.08","26,309.34","1.64B","1.07%"
"12/09/2019","26,494.73","26,513.97","26,618.25","26,432.27","1.30B","-0.01%"
"12/10/2019","26,436.62","26,378.99","26,527.09","26,355.53","956.29M","-0.22%"
"12/11/2019","26,645.43","26,410.09","26,659.98","26,364.43","1.41B","0.79%"
"12/12/2019","26,994.14","26,837.94","27,048.98","26,837.94","1.45B","1.31%"
"12/13/2019","27,687.76","27,494.51","27,687.76","27,405.26","2.21B","2.57%"
"12/16/2019","27,508.09","27,530.50","27,715.93","27,473.32","1.42B","-0.65%"
"12/17/2019","27,843.71","27,630.69","27,894.72","27,563.44","1.93B","1.22%"
"12/18/2019","27,884.21","27,946.74","27,970.76","27,775.98","1.84B","0.15%"
"12/19/2019","27,800.49","27,908.78","27,908.78","27,675.24","1.30B","-0.30%"
"12/20/2019","27,871.35","27,834.55","27,959.52","27,740.66","1.68B","0.25%"
"12/23/2019","27,906.41","28,024.62","28,024.62","27,830.08","1.22B","0.13%"
"12/24/2019","27,864.21","27,901.51","27,921.29","27,792.66","483.98M","-0.15%"
"12/27/2019","28,225.42","28,033.66","28,226.11","28,000.62","1.38B","1.30%"
"12/30/2019","28,319.39","28,250.48","28,418.65","28,165.13","1.42B","0.33%"
"12/31/2019","28,189.75","28,241.43","28,298.46","28,123.86","873.71M","-0.46%"
"01/02/2020","28,543.52","28,249.37","28,543.52","28,245.97","1.26B","1.25%"
"01/03/2020","28,451.50","28,828.36","28,883.30","28,428.17","1.80B","-0.32%"
"01/06/2020","28,226.19","28,326.50","28,367.87","28,054.29","1.79B","-0.79%"
"01/07/2020","28,322.06","28,352.68","28,473.08","28,264.07","1.30B","0.34%"
"01/08/2020","28,087.92","27,999.58","28,198.61","27,857.73","1.71B","-0.83%"
"01/09/2020","28,561.00","28,367.65","28,561.00","28,325.86","1.69B","1.68%"
"01/10/2020","28,638.20","28,665.14","28,665.14","28,504.27","1.45B","0.27%"
"01/13/2020","28,954.94","28,772.37","28,971.40","28,671.84","1.77B","1.11%"
"01/14/2020","28,885.14","29,149.53","29,149.53","28,790.49","1.64B","-0.24%"
"01/15/2020","28,773.59","28,891.07","28,972.68","28,619.10","1.24B","-0.39%"
"01/16/2020","28,883.04","28,806.12","28,987.73","28,709.57","1.62B","0.38%"
"01/17/2020","29,056.42","28,988.16","29,101.15","28,813.13","1.55B","0.60%"
"01/20/2020","28,795.91","29,169.12","29,174.92","28,795.42","1.63B","-0.90%"
"01/21/2020","27,985.33","28,449.38","28,492.03","27,980.50","2.24B","-2.81%"
"01/22/2020","28,341.04","28,116.50","28,393.93","27,937.68","1.34B","1.27%"
"01/23/2020","27,909.12","28,109.75","28,133.03","27,706.37","1.75B","-1.52%"
"01/24/2020","27,949.64","27,935.42","27,977.63","27,774.50","612.13M","0.15%"
"01/29/2020","27,160.63","27,101.54","27,333.30","27,101.54","2.20B","-2.82%"
"01/30/2020","26,449.13","27,030.61","27,134.55","26,330.05","2.22B","-2.62%"
"01/31/2020","26,312.63","26,757.61","26,818.84","26,295.49","1.87B","-0.52%"
"02/03/2020","26,356.98","26,189.61","26,512.58","26,145.59","2.42B","0.17%"
"02/04/2020","26,675.98","26,491.66","26,730.26","26,491.66","2.50B","1.21%"
"02/05/2020","26,786.74","26,869.32","26,926.12","26,641.92","2.50B","0.42%"
"02/06/2020","27,493.70","27,174.53","27,608.22","27,029.49","2.25B","2.64%"
"02/07/2020","27,404.27","27,356.28","27,410.58","27,224.12","1.46B","-0.33%"
"02/10/2020","27,241.34","27,092.15","27,314.64","27,044.88","1.61B","-0.59%"
"02/11/2020","27,583.88","27,514.25","27,674.81","27,436.99","1.87B","1.26%"
"02/12/2020","27,823.66","27,717.22","27,892.48","27,614.83","1.80B","0.87%"
"02/13/2020","27,730.00","27,953.65","27,953.65","27,695.60","1.62B","-0.34%"
"02/14/2020","27,815.60","27,698.56","27,960.66","27,695.59","1.45B","0.31%"
"02/17/2020","27,959.60","27,766.71","28,055.58","27,766.71","1.41B","0.52%"
"02/18/2020","27,530.20","27,766.50","27,771.30","27,496.25","1.59B","-1.54%"
"02/19/2020","27,655.81","27,486.46","27,697.46","27,448.60","1.47B","0.46%"
"02/20/2020","27,609.16","27,767.28","27,767.28","27,383.13","1.58B","-0.17%"
"02/21/2020","27,308.81","27,450.46","27,484.53","27,264.78","1.77B","-1.09%"
"02/24/2020","26,820.88","27,105.35","27,105.35","26,813.22","2.04B","-1.79%"
"02/25/2020","26,893.23","26,722.39","26,914.05","26,667.04","1.92B","0.27%"
"02/26/2020","26,696.49","26,479.90","26,776.06","26,479.90","2.04B","-0.73%"
"02/27/2020","26,778.62","26,529.17","26,849.57","26,419.97","2.11B","0.31%"
"02/28/2020","26,129.93","26,249.06","26,313.55","25,989.41","3.19B","-2.42%"
"03/02/2020","26,291.68","26,077.73","26,375.91","26,077.73","2.20B","0.62%"
"03/03/2020","26,284.82","26,419.13","26,527.75","26,233.39","2.14B","-0.03%"
"03/04/2020","26,222.07","26,321.56","26,372.48","26,038.39","1.96B","-0.24%"
"03/05/2020","26,767.87","26,348.16","26,805.58","26,315.36","2.52B","2.08%"
"03/06/2020","26,146.67","26,397.78","26,408.80","26,084.23","2.65B","-2.32%"
"03/09/2020","25,040.46","25,134.02","25,321.28","24,948.38","4.68B","-4.23%"
"03/10/2020","25,392.51","25,285.68","25,578.61","24,978.97","3.23B","1.41%"
"03/11/2020","25,231.61","25,459.96","25,493.23","25,140.38","2.63B","-0.63%"
"03/12/2020","24,309.07","24,657.67","24,657.67","24,117.94","3.75B","-3.66%"
"03/13/2020","24,032.91","22,519.32","24,184.48","22,519.32","5.50B","-1.14%"
"03/16/2020","23,063.57","23,317.81","23,631.53","22,842.25","4.07B","-4.03%"
"03/17/2020","23,263.73","23,001.76","23,401.20","22,676.46","3.64B","0.87%"
"03/18/2020","22,291.82","23,023.34","23,425.03","22,167.42","4.22B","-4.18%"
"03/19/2020","21,709.13","22,221.38","22,380.34","21,139.26","5.63B","-2.61%"
"03/20/2020","22,805.07","22,147.34","22,805.07","22,147.34","4.53B","5.05%"
"03/23/2020","21,696.13","21,659.55","22,064.31","21,659.55","3.48B","-4.86%"
"03/24/2020","22,663.49","22,497.57","22,753.01","22,383.25","3.61B","4.46%"
"03/25/2020","23,527.19","23,255.91","23,569.45","23,062.23","3.61B","3.81%"
"03/26/2020","23,352.34","23,604.83","23,604.83","23,163.67","2.52B","-0.74%"
"03/27/2020","23,484.28","23,768.41","23,791.20","23,354.01","2.20B","0.56%"
"03/30/2020","23,175.11","23,020.85","23,491.51","22,973.33","2.55B","-1.32%"
"03/31/2020","23,603.48","23,613.27","23,627.53","23,238.04","2.88B","1.85%"
"04/01/2020","23,085.79","23,365.90","23,540.01","22,947.64","2.88B","-2.19%"
"04/02/2020","23,280.06","22,838.67","23,280.06","22,756.13","2.56B","0.84%"
"04/03/2020","23,236.11","23,072.95","23,236.11","23,030.58","1.87B","-0.19%"
"04/06/2020","23,749.12","23,558.83","23,832.93","23,271.47","1.83B","2.21%"
"04/07/2020","24,253.29","24,093.05","24,262.01","23,796.03","2.54B","2.12%"
"04/08/2020","23,970.37","24,191.32","24,191.32","23,897.40","1.84B","-1.17%"
"04/09/2020","24,300.33","24,181.32","24,308.69","24,045.18","1.73B","1.38%"
"04/14/2020","24,435.40","24,347.61","24,546.39","24,283.13","2.05B","0.56%"
"04/15/2020","24,145.34","24,499.86","24,603.60","24,090.50","1.91B","-1.19%"
"04/16/2020","24,006.45","24,025.45","24,102.91","23,854.79","1.87B","-0.58%"
"04/17/2020","24,380.00","24,457.83","24,666.64","24,308.78","1.94B","1.56%"
"04/20/2020","24,330.02","24,503.56","24,503.56","24,225.55","1.38B","-0.21%"
"04/21/2020","23,793.55","24,247.84","24,247.84","23,676.13","2.16B","-2.20%"
"04/22/2020","23,893.36","23,540.54","23,939.29","23,483.31","1.67B","0.42%"
"04/23/2020","23,977.32","23,983.65","24,107.88","23,806.30","1.81B","0.35%"
"04/24/2020","23,831.33","23,844.55","23,957.17","23,730.49","1.30B","-0.61%"
"04/27/2020","24,280.14","24,030.66","24,318.81","24,030.54","1.59B","1.88%"
"04/28/2020","24,575.96","24,401.12","24,582.66","24,176.88","1.69B","1.22%"
"04/29/2020","24,643.59","24,786.02","24,855.47","24,549.62","1.65B","0.28%"
"05/04/2020","23,613.80","23,895.11","23,897.53","23,584.95","2.56B","-4.18%"
"05/05/2020","23,868.66","23,755.77","23,928.45","23,697.88","1.33B","1.08%"
"05/06/2020","24,137.48","23,868.02","24,235.03","23,868.02","1.89B","1.13%"
"05/07/2020","23,980.63","24,120.81","24,120.81","23,913.50","1.32B","-0.65%"
"05/08/2020","24,230.17","24,193.36","24,263.73","24,097.12","1.27B","1.04%"
"05/11/2020","24,602.06","24,470.18","24,766.83","24,470.18","1.46B","1.53%"
"05/12/2020","24,245.68","24,358.00","24,411.04","24,136.20","1.48B","-1.45%"
"05/13/2020","24,180.30","24,111.67","24,320.20","23,979.37","1.36B","-0.27%"
"05/14/2020","23,829.74","24,038.07","24,081.19","23,790.27","1.70B","-1.45%"
"05/15/2020","23,797.47","23,834.68","23,985.12","23,671.61","1.51B","-0.14%"
"05/18/2020","23,934.77","23,736.67","23,952.05","23,722.17","1.65B","0.58%"
"05/19/2020","24,388.13","24,489.55","24,552.55","24,314.45","2.02B","1.89%"
"05/20/2020","24,399.95","24,462.90","24,514.87","24,315.75","1.43B","0.05%"
"05/21/2020","24,280.03","24,528.91","24,528.91","24,208.16","1.47B","-0.49%"
"05/22/2020","22,930.14","23,756.91","23,756.91","22,878.26","3.68B","-5.56%"
"05/25/2020","22,952.24","22,725.70","22,968.65","22,519.73","1.77B","0.10%"
"05/26/2020","23,384.66","23,198.34","23,481.48","23,165.49","1.42B","1.88%"
"05/27/2020","23,301.36","23,515.14","23,515.14","23,134.61","1.84B","-0.36%"
"05/28/2020","23,132.76","23,206.75","23,451.78","22,779.62","2.36B","-0.72%"
"05/29/2020","22,961.47","22,781.11","23,089.77","22,781.11","3.62B","-0.74%"
"06/01/2020","23,732.52","23,539.91","23,806.32","23,539.91","2.57B","3.36%"
"06/02/2020","23,995.94","23,792.24","23,995.94","23,766.15","1.81B","1.11%"
"06/03/2020","24,325.62","24,303.56","24,364.01","24,219.96","2.46B","1.37%"
"06/04/2020","24,366.30","24,643.84","24,643.84","24,204.10","1.89B","0.17%"
"06/05/2020","24,770.41","24,388.18","24,810.22","24,253.56","2.40B","1.66%"
"06/08/2020","24,776.77","25,018.05","25,018.78","24,678.55","2.12B","0.03%"
"06/09/2020","25,057.22","24,906.01","25,253.67","24,837.73","2.20B","1.13%"
"06/10/2020","25,049.73","25,179.03","25,303.78","24,968.30","1.97B","-0.03%"
"06/11/2020","24,480.15","24,997.84","25,059.32","24,480.15","1.84B","-2.27%"
"06/12/2020","24,301.38","23,920.70","24,317.72","23,895.03","1.82B","-0.73%"
"06/15/2020","23,776.95","23,991.38","24,242.97","23,684.96","2.10B","-2.16%"
"06/16/2020","24,344.09","24,318.15","24,534.77","24,302.25","1.61B","2.39%"
"06/17/2020","24,481.41","24,363.39","24,532.01","24,195.82","1.28B","0.56%"
"06/18/2020","24,464.94","24,386.31","24,464.94","24,121.89","1.81B","-0.07%"
"06/19/2020","24,643.89","24,373.36","24,776.54","24,334.36","2.39B","0.73%"
"06/22/2020","24,511.34","24,528.53","24,628.95","24,391.17","1.61B","-0.54%"
"06/23/2020","24,907.34","24,541.44","24,907.34","24,184.88","1.55B","1.62%"
"06/24/2020","24,781.58","25,034.87","25,071.32","24,770.95","1.43B","-0.50%"
"06/26/2020","24,549.99","24,697.98","24,756.58","24,537.77","1.51B","-0.93%"
"06/29/2020","24,301.28","24,627.64","24,627.64","24,148.62","1.84B","-1.01%"
"06/30/2020","24,427.19","24,468.24","24,598.61","24,271.77","1.89B","0.52%"
"07/02/2020","25,124.19","24,563.57","25,124.19","24,563.57","2.75B","2.85%"
"07/03/2020","25,373.12","25,319.28","25,453.58","25,182.60","2.32B","0.99%"
"07/06/2020","26,339.16","25,545.54","26,453.61","25,543.15","4.88B","3.81%"
"07/07/2020","25,975.66","26,571.08","26,782.62","25,911.74","3.91B","-1.38%"
"07/08/2020","26,129.18","26,078.61","26,299.84","25,849.78","2.58B","0.59%"
"07/09/2020","26,210.16","26,351.13","26,374.94","26,016.75","2.45B","0.31%"
"07/10/2020","25,727.41","25,931.78","26,137.91","25,570.36","2.14B","-1.84%"
"07/13/2020","25,772.12","25,848.80","26,103.84","25,715.24","2.13B","0.17%"
"07/14/2020","25,477.89","25,663.16","25,663.16","25,254.32","2.18B","-1.14%"
"07/15/2020","25,481.58","25,888.78","25,888.78","25,299.36","1.85B","0.01%"
"07/16/2020","24,970.69","25,549.40","25,576.49","24,919.95","1.94B","-2.00%"
"07/17/2020","25,089.17","25,142.06","25,263.97","25,015.28","1.36B","0.47%"
"07/20/2020","25,057.99","25,019.60","25,222.11","24,766.17","1.65B","-0.12%"
"07/21/2020","25,635.66","25,427.06","25,635.66","25,378.38","1.75B","2.31%"
"07/22/2020","25,057.94","25,575.25","25,779.66","25,057.94","2.39B","-2.25%"
"07/23/2020","25,263.00","25,235.90","25,346.36","24,992.37","1.91B","0.82%"
"07/24/2020","24,705.33","25,040.76","25,101.10","24,598.46","3.03B","-2.21%"
"07/27/2020","24,603.26","24,909.96","24,972.46","24,526.91","1.49B","-0.41%"
"07/28/2020","24,772.76","24,942.74","24,942.74","24,642.35","1.36B","0.69%"
"07/29/2020","24,883.14","24,710.51","24,905.44","24,671.51","1.08B","0.45%"
"07/30/2020","24,710.59","24,979.24","25,197.31","24,616.05","1.78B","-0.69%"
"07/31/2020","24,595.35","24,747.29","24,938.85","24,534.79","1.76B","-0.47%"
"08/03/2020","24,458.13","24,566.81","24,647.28","24,250.98","2.01B","-0.56%"
"08/04/2020","24,946.63","24,664.60","25,062.41","24,539.44","1.91B","2.00%"
"08/05/2020","25,102.54","25,029.39","25,167.22","24,868.29","1.48B","0.62%"
"08/06/2020","24,930.58","25,201.44","25,201.44","24,641.09","1.60B","-0.69%"
"08/07/2020","24,531.62","24,909.37","24,909.37","24,167.79","1.61B","-1.60%"
"08/10/2020","24,377.43","24,376.82","24,536.01","24,272.67","1.26B","-0.63%"
"08/11/2020","24,890.68","24,662.04","25,031.57","24,662.04","1.63B","2.11%"
"08/12/2020","25,244.02","24,868.63","25,291.80","24,685.44","1.76B","1.42%"
"08/13/2020","25,230.67","25,490.02","25,490.02","25,144.46","1.76B","-0.05%"
"08/14/2020","25,183.01","25,072.45","25,378.53","25,040.55","1.43B","-0.19%"
"08/17/2020","25,347.34","25,212.28","25,588.67","25,163.29","1.96B","0.65%"
"08/18/2020","25,367.38","25,470.97","25,470.97","25,257.88","1.53B","0.08%"
"08/19/2020","25,178.91","25,359.03","25,382.51","25,079.25","1.13B","-0.74%"
"08/20/2020","24,791.39","25,055.35","25,055.35","24,621.32","2.00B","-1.54%"
"08/21/2020","25,113.84","25,007.13","25,178.79","24,885.86","1.21B","1.30%"
"08/24/2020","25,551.58","25,352.79","25,551.58","25,325.15","1.35B","1.74%"
"08/25/2020","25,486.22","25,586.99","25,621.08","25,352.26","1.35B","-0.26%"
"08/26/2020","25,491.79","25,520.41","25,603.17","25,360.03","1.32B","0.02%"
"08/27/2020","25,281.15","25,469.77","25,469.77","25,186.42","1.70B","-0.83%"
"08/28/2020","25,422.06","25,330.77","25,749.40","25,258.16","2.07B","0.56%"
"08/31/2020","25,177.05","25,732.49","25,847.11","25,177.05","3.20B","-0.96%"
"09/01/2020","25,184.85","25,085.67","25,254.14","24,995.45","1.73B","0.03%"
"09/02/2020","25,120.09","25,239.86","25,239.86","24,931.17","2.35B","-0.26%"
"09/03/2020","25,007.60","25,026.99","25,216.02","24,854.58","2.01B","-0.45%"
"09/04/2020","24,695.45","24,668.80","24,813.96","24,488.64","3.39B","-1.25%"
"09/07/2020","24,589.65","24,621.02","24,908.29","24,475.61","1.68B","-0.43%"
"09/08/2020","24,624.34","24,785.26","24,785.26","24,341.32","2.07B","0.14%"
"09/09/2020","24,468.93","24,295.42","24,520.92","24,213.36","1.75B","-0.63%"
"09/10/2020","24,313.54","24,584.94","24,615.60","24,293.21","1.35B","-0.64%"
"09/11/2020","24,503.31","24,352.63","24,572.66","24,293.03","1.31B","0.78%"
"09/14/2020","24,640.28","24,569.03","24,750.95","24,556.52","1.09B","0.56%"
"09/15/2020","24,732.76","24,621.65","24,826.87","24,621.65","1.73B","0.38%"
"09/16/2020","24,725.63","24,823.96","24,829.87","24,635.24","1.30B","-0.03%"
"09/17/2020","24,340.85","24,676.41","24,713.79","24,250.90","1.63B","-1.56%"
"09/18/2020","24,455.41","24,381.13","24,501.16","24,295.01","2.30B","0.47%"
"09/21/2020","23,950.69","24,483.91","24,542.55","23,928.02","1.60B","-2.06%"
"09/22/2020","23,716.85","23,839.67","23,908.51","23,675.62","1.55B","-0.98%"
"09/23/2020","23,742.51","23,701.12","23,795.19","23,559.99","1.64B","0.11%"
"09/24/2020","23,311.07","23,537.83","23,590.42","23,225.33","1.91B","-1.82%"
"09/25/2020","23,235.42","23,425.75","23,495.26","23,124.25","1.79B","-0.32%"
"09/28/2020","23,476.05","23,284.09","23,523.81","23,250.34","1.45B","1.04%"
"09/29/2020","23,275.53","23,584.61","23,601.40","23,256.92","1.53B","-0.85%"
"09/30/2020","23,459.05","23,548.89","23,780.87","23,368.49","1.45B","0.79%"
"10/05/2020","23,767.78","24,039.39","24,039.39","23,674.52","1.42B","1.32%"
"10/06/2020","23,980.65","23,895.21","24,005.03","23,842.25","1.33B","0.90%"
"10/07/2020","24,242.86","23,999.79","24,243.91","23,905.42","1.54B","1.09%"
"10/08/2020","24,193.35","24,263.33","24,263.33","24,021.93","1.18B","-0.20%"
"10/09/2020","24,119.13","24,343.81","24,343.81","24,059.29","1.36B","-0.31%"
"10/12/2020","24,649.68","24,217.25","24,702.81","24,196.80","2.43B","2.20%"
"10/13/2020","24,597.50","24,614.76","24,740.24","24,524.26","","-0.21%"
"10/14/2020","24,667.09","24,808.85","24,808.85","24,498.94","2.55B","0.28%"
"10/15/2020","24,158.54","24,533.75","24,573.25","24,102.21","2.13B","-2.06%"
"10/16/2020","24,386.79","24,194.41","24,456.97","24,194.41","2.70B","0.94%"
"10/19/2020","24,542.26","24,565.43","24,771.85","24,478.47","3.61B","0.64%"
"10/20/2020","24,569.54","24,571.64","24,600.39","24,456.84","1.88B","0.11%"
"10/21/2020","24,754.42","24,695.54","24,903.00","24,653.16","1.93B","0.75%"
"10/22/2020","24,786.13","24,696.31","24,817.01","24,556.55","2.49B","0.13%"
"10/23/2020","24,918.78","24,773.12","24,970.59","24,683.25","2.37B","0.54%"
"10/27/2020","24,787.19","24,839.97","24,872.52","24,602.11","2.44B","-0.53%"
"10/28/2020","24,708.80","24,773.54","24,844.79","24,586.06","2.01B","-0.32%"
"10/29/2020","24,586.60","24,290.01","24,678.90","24,258.56","1.94B","-0.49%"
"10/30/2020","24,107.42","24,535.90","24,600.54","24,029.95","2.54B","-1.95%"
"11/02/2020","24,460.01","24,274.83","24,486.02","24,232.66","2.36B","1.46%"
"11/03/2020","24,939.73","24,689.56","25,048.53","24,689.51","2.24B","1.96%"
"11/04/2020","24,886.14","24,790.00","25,093.72","24,733.23","2.31B","-0.21%"
"11/05/2020","25,695.92","25,500.91","25,695.92","25,343.44","2.62B","3.25%"
"11/06/2020","25,712.97","25,750.78","25,799.97","25,540.98","2.37B","0.07%"
"11/09/2020","26,016.17","26,157.77","26,172.23","25,950.41","2.35B","1.18%"
"11/10/2020","26,301.48","26,474.04","26,474.04","26,041.87","3.85B","1.10%"
"11/11/2020","26,226.98","26,226.80","26,432.56","26,168.63","4.12B","-0.28%"
"11/12/2020","26,169.38","26,409.34","26,460.94","26,071.15","2.68B","-0.22%"
"11/13/2020","26,156.86","26,114.60","26,156.86","25,909.18","2.44B","-0.05%"
"11/16/2020","26,381.67","26,362.07","26,394.40","26,191.54","2.09B","0.86%"
"11/17/2020","26,415.09","26,515.09","26,530.54","26,339.88","2.39B","0.13%"
"11/18/2020","26,544.29","26,434.24","26,618.01","26,344.86","2.29B","0.49%"
"11/19/2020","26,356.97","26,460.61","26,460.61","26,311.64","2.41B","-0.71%"
"11/20/2020","26,451.54","26,406.87","26,564.25","26,313.28","2.15B","0.36%"
"11/23/2020","26,486.20","26,659.79","26,662.66","26,369.34","2.24B","0.13%"
"11/24/2020","26,588.20","26,630.34","26,630.34","26,409.77","2.01B","0.39%"
"11/25/2020","26,669.75","26,819.96","27,040.41","26,591.30","2.86B","0.31%"
"11/26/2020","26,819.45","26,695.25","26,819.45","26,612.00","1.98B","0.56%"
"11/27/2020","26,894.68","26,758.49","27,009.15","26,704.60","2.73B","0.28%"
"11/30/2020","26,341.49","26,853.39","26,960.93","26,322.68","5.74B","-2.06%"
"12/01/2020","26,567.68","26,422.71","26,662.18","26,375.24","3.56B","0.86%"
"12/02/2020","26,532.58","26,670.12","26,670.12","26,379.48","3.70B","-0.13%"
"12/03/2020","26,728.50","26,623.42","26,781.99","26,556.02","2.83B","0.74%"
"12/04/2020","26,835.92","26,811.59","26,835.92","26,652.34","3.21B","0.40%"
"12/07/2020","26,506.85","26,870.58","26,870.58","26,256.40","2.81B","-1.23%"
"12/08/2020","26,304.56","26,460.35","26,460.35","26,270.91","2.54B","-0.76%"
"12/09/2020","26,502.84","26,510.42","26,666.94","26,445.66","2.54B","0.75%"
"12/10/2020","26,410.59","26,335.26","26,434.47","26,287.02","2.00B","-0.35%"
"12/11/2020","26,505.87","26,634.21","26,704.01","26,443.01","2.50B","0.36%"
"12/14/2020","26,389.52","26,522.10","26,544.12","26,318.11","2.21B","-0.44%"
"12/15/2020","26,207.29","26,418.93","26,436.04","26,127.68","2.59B","-0.69%"
"12/16/2020","26,460.29","26,421.21","26,510.19","26,318.74","2.04B","0.97%"
"12/17/2020","26,678.38","26,608.44","26,678.38","26,390.59","2.26B","0.82%"
"12/18/2020","26,498.60","26,650.49","26,668.10","26,363.05","3.08B","-0.67%"
"12/21/2020","26,306.68","26,422.62","26,498.65","26,274.65","2.04B","-0.72%"
"12/22/2020","26,119.25","26,260.78","26,365.20","25,998.87","1.75B","-0.71%"
"12/23/2020","26,343.10","26,083.11","26,343.10","26,071.76","2.01B","0.86%"
"12/24/2020","26,386.56","26,342.87","26,470.40","26,221.30","1.30B","0.16%"
"12/28/2020","26,314.63","26,288.37","26,514.08","26,264.32","2.67B","-0.27%"
"12/29/2020","26,568.49","26,490.45","26,618.78","26,432.91","2.30B","0.96%"
"12/30/2020","27,147.11","26,695.11","27,159.47","26,670.97","2.55B","2.18%"
"12/31/2020","27,231.13","27,194.79","27,340.99","27,163.51","2.05B","0.31%"
"01/04/2021","27,472.81","27,087.13","27,502.83","27,079.24","2.87B","0.89%"
"01/05/2021","27,649.86","27,281.34","27,690.21","27,150.38","3.28B","0.64%"
"01/06/2021","27,692.30","27,613.34","27,756.43","27,389.78","3.08B","0.15%"
"01/07/2021","27,548.52","27,715.94","27,752.36","27,457.47","3.78B","-0.52%"
"01/08/2021","27,878.22","27,630.03","27,920.77","27,538.20","5.67B","1.20%"
"01/11/2021","27,908.22","28,003.98","28,176.65","27,794.81","4.37B","0.11%"
"01/12/2021","28,276.75","27,894.29","28,276.75","27,781.42","3.40B","1.32%"
"01/13/2021","28,235.60","28,309.32","28,414.54","28,136.64","3.56B","-0.15%"
"01/14/2021","28,496.86","28,408.12","28,510.92","28,280.09","3.21B","0.93%"
"01/15/2021","28,573.86","28,394.37","28,667.59","28,294.66","4.49B","0.27%"
"01/18/2021","28,862.77","28,454.59","28,864.25","28,390.29","2.96B","1.01%"
"01/19/2021","29,642.28","29,100.17","29,848.43","29,100.17","4.57B","2.70%"
"01/20/2021","29,962.47","29,794.41","29,993.47","29,676.54","3.94B","1.08%"
"01/21/2021","29,927.76","29,951.78","30,135.50","29,745.87","3.00B","-0.12%"
"01/22/2021","29,447.85","29,809.23","29,862.89","29,413.52","3.38B","-1.60%"
"01/25/2021","30,159.01","29,677.30","30,191.16","29,673.26","3.07B","2.41%"
"01/26/2021","29,391.26","29,892.85","29,965.11","29,345.74","4.81B","-2.55%"
"01/27/2021","29,297.53","29,556.58","29,636.63","29,194.37","3.81B","-0.32%"
"01/28/2021","28,550.77","28,914.85","29,191.68","28,467.01","2.99B","-2.55%"
"01/29/2021","28,283.71","28,826.18","28,972.06","28,259.73","3.20B","-0.94%"
"02/01/2021","28,892.86","28,457.85","28,982.77","28,382.26","2.46B","2.15%"
"02/02/2021","29,248.70","29,378.12","29,511.00","29,198.86","2.74B","1.23%"
"02/03/2021","29,307.46","29,305.41","29,312.00","28,967.01","2.68B","0.20%"
"02/04/2021","29,113.50","29,093.54","29,409.00","28,775.38","3.03B","-0.66%"
"02/05/2021","29,288.68","29,305.09","29,495.64","29,184.09","2.68B","0.60%"
"02/08/2021","29,319.47","29,629.08","29,706.08","29,293.64","2.20B","0.11%"
"02/09/2021","29,476.19","29,442.50","29,527.67","29,263.98","1.85B","0.53%"
"02/10/2021","30,038.72","29,796.19","30,075.50","29,732.23","2.00B","1.91%"
"02/11/2021","30,173.57","29,995.28","30,184.17","29,828.62","1.19B","0.45%"
"02/16/2021","30,746.66","30,675.82","30,793.48","30,497.40","3.27B","1.90%"
"02/17/2021","31,084.94","30,636.37","31,168.30","30,503.46","3.14B","1.10%"
"02/18/2021","30,595.27","31,183.36","31,183.36","30,570.55","3.69B","-1.58%"
"02/19/2021","30,644.73","30,483.46","30,720.15","30,099.71","","0.16%"
"02/22/2021","30,319.83","31,071.61","31,071.61","30,298.58","4.45B","-1.06%"
"02/23/2021","30,632.64","30,189.97","30,948.47","30,126.40","4.61B","1.03%"
"02/24/2021","29,718.24","30,702.65","30,792.88","29,532.68","4.85B","-2.99%"
"02/25/2021","30,074.17","30,174.22","30,453.12","29,833.05","3.66B","1.20%"
"02/26/2021","28,980.21","29,412.13","29,579.67","28,980.21","4.13B","-3.64%"
"03/01/2021","29,452.57","29,457.89","29,550.75","29,195.97","2.63B","1.63%"
"03/02/2021","29,095.86","29,708.39","29,765.96","28,957.31","2.90B","-1.21%"
"03/03/2021","29,880.42","29,249.43","29,912.00","29,183.59","3.23B","2.70%"
"03/04/2021","29,236.79","29,525.48","29,597.16","29,102.10","2.96B","-2.15%"
"03/05/2021","29,098.29","28,667.14","29,397.27","28,513.13","4.00B","-0.47%"
"03/08/2021","28,540.83","29,362.59","29,386.33","28,422.27","4.91B","-1.92%"
"03/09/2021","28,773.23","28,665.26","29,047.13","28,326.13","4.38B","0.81%"
"03/10/2021","28,907.52","29,255.37","29,255.37","28,710.91","2.84B","0.47%"
"03/11/2021","29,385.61","28,909.98","29,412.42","28,893.21","3.60B","1.65%"
"03/12/2021","28,739.72","29,550.37","29,550.37","28,707.35","3.56B","-2.20%"
"03/15/2021","28,833.76","28,923.95","29,178.99","28,612.74","3.10B","0.33%"
"03/16/2021","29,027.69","29,036.82","29,118.62","28,872.40","2.35B","0.67%"
"03/17/2021","29,034.12","28,992.24","29,180.01","28,780.23","1.90B","0.02%"
"03/18/2021","29,405.72","29,317.61","29,596.58","29,317.61","2.11B","1.28%"
"03/19/2021","28,990.94","29,158.48","29,271.40","28,737.54","3.81B","-1.41%"
"03/22/2021","28,885.34","28,801.09","29,139.07","28,801.09","2.07B","-0.36%"
"03/23/2021","28,497.38","29,008.02","29,043.18","28,376.22","2.05B","-1.34%"
"03/24/2021","27,918.14","28,437.49","28,457.87","27,827.05","2.69B","-2.03%"
"03/25/2021","27,899.61","27,628.08","28,032.01","27,505.08","2.60B","-0.07%"
"03/26/2021","28,336.43","28,043.65","28,415.15","28,014.29","2.42B","1.57%"
"03/29/2021","28,338.30","28,317.32","28,484.66","28,132.36","2.85B","0.01%"
"03/30/2021","28,577.50","28,552.77","28,694.15","28,371.23","2.27B","0.84%"
"03/31/2021","28,378.35","28,802.53","28,802.53","28,332.78","2.70B","-0.70%"
"04/01/2021","28,938.74","28,594.55","28,938.74","28,511.65","2.23B","1.97%"
"04/07/2021","28,674.80","29,101.40","29,101.40","28,598.86","2.22B","-0.91%"
"04/08/2021","29,008.07","28,604.12","29,054.82","28,587.11","2.52B","1.16%"
"04/09/2021","28,698.80","29,152.44","29,152.44","28,604.55","1.90B","-1.07%"
"04/12/2021","28,453.28","28,791.97","28,791.97","28,274.27","1.99B","-0.86%"
"04/13/2021","28,497.25","28,557.84","28,877.15","28,452.12","2.06B","0.15%"
"04/14/2021","28,900.83","28,796.55","28,979.35","28,685.06","1.94B","1.42%"
"04/15/2021","28,793.14","28,872.82","28,884.57","28,530.99","1.90B","-0.37%"
"04/16/2021","28,969.71","28,827.17","29,079.18","28,711.11","2.19B","0.61%"
"04/19/2021","29,106.15","28,960.13","29,319.76","28,806.76","2.02B","0.47%"
"04/20/2021","29,135.73","28,962.80","29,220.19","28,885.55","2.01B","0.10%"
"04/21/2021","28,621.92","28,702.27","28,778.36","28,506.76","2.20B","-1.76%"
"04/22/2021","28,755.34","28,716.98","28,848.02","28,597.00","1.93B","0.47%"
"04/23/2021","29,078.75","28,798.45","29,078.75","28,748.57","1.90B","1.12%"
"04/26/2021","28,952.83","29,106.45","29,238.99","28,908.65","1.79B","-0.43%"
"04/27/2021","28,941.54","28,895.38","29,045.11","28,793.22","1.83B","-0.04%"
"04/28/2021","29,071.34","28,991.94","29,071.34","28,887.33","2.07B","0.45%"
"04/29/2021","29,303.26","29,268.21","29,405.12","29,162.87","1.84B","0.80%"
"04/30/2021","28,724.88","29,143.43","29,154.75","28,701.69","2.58B","-1.97%"
"05/03/2021","28,357.54","28,659.91","28,684.83","28,256.03","1.73B","-1.28%"
"05/04/2021","28,557.14","28,438.15","28,577.52","28,321.34","1.92B","0.70%"
"05/05/2021","28,417.98","28,427.67","28,677.36","28,325.96","1.72B","-0.49%"
"05/06/2021","28,637.46","28,647.97","28,753.97","28,384.12","2.48B","0.77%"
"05/07/2021","28,610.65","28,721.13","28,884.03","28,530.71","2.21B","-0.09%"
"05/10/2021","28,595.66","28,776.99","28,842.11","28,453.14","2.36B","-0.05%"
"05/11/2021","28,013.81","28,286.56","28,286.56","27,910.71","2.38B","-2.03%"
"05/12/2021","28,231.04","28,073.92","28,231.04","27,897.47","2.13B","0.78%"
"05/13/2021","27,718.67","27,920.01","28,060.93","27,718.67","2.17B","-1.81%"
"05/14/2021","28,027.57","27,872.69","28,064.01","27,715.88","1.88B","1.11%"
"05/17/2021","28,194.09","28,130.51","28,268.39","28,074.14","1.86B","0.59%"
"05/18/2021","28,593.81","28,438.03","28,617.34","28,438.03","2.07B","1.42%"
"05/20/2021","28,450.29","28,413.49","28,508.24","28,293.23","2.47B","-0.50%"
"05/21/2021","28,458.44","28,584.34","28,584.34","28,286.92","1.65B","0.03%"
"05/24/2021","28,412.26","28,417.99","28,444.36","28,195.52","1.72B","-0.16%"
"05/25/2021","28,910.86","28,461.50","28,929.24","28,461.50","2.35B","1.75%"
"05/26/2021","29,166.01","29,056.28","29,261.86","29,027.95","2.52B","0.88%"
"05/27/2021","29,113.20","28,998.39","29,157.95","28,950.72","3.80B","-0.18%"
"05/28/2021","29,124.41","29,219.46","29,336.13","29,033.72","2.59B","0.04%"
"05/31/2021","29,151.80","29,225.46","29,225.46","28,909.52","2.19B","0.09%"
"06/01/2021","29,468.00","29,159.06","29,480.16","29,036.45","1.83B","1.08%"
"06/02/2021","29,297.62","29,414.64","29,490.61","29,208.73","1.93B","-0.58%"
"06/03/2021","28,966.03","29,365.32","29,377.90","28,902.67","2.24B","-1.13%"
"06/04/2021","28,918.10","28,837.95","29,023.18","28,737.97","3.05B","-0.17%"
"06/07/2021","28,787.28","28,985.60","29,003.99","28,615.61","2.57B","-0.45%"
"06/08/2021","28,781.38","28,900.52","28,979.20","28,638.31","1.63B","-0.02%"
"06/09/2021","28,742.63","28,771.14","28,859.58","28,687.69","1.81B","-0.13%"
"06/10/2021","28,738.88","28,792.02","28,954.40","28,664.94","1.94B","-0.01%"
"06/11/2021","28,842.13","28,864.90","28,965.15","28,743.82","2.04B","0.36%"
"06/15/2021","28,638.53","28,946.44","28,946.44","28,453.48","2.38B","-0.71%"
"06/16/2021","28,436.84","28,609.37","28,648.64","28,403.64","2.05B","-0.70%"
"06/17/2021","28,558.59","28,240.88","28,558.59","28,216.09","1.89B","0.43%"
"06/18/2021","28,801.27","28,586.04","28,830.85","28,532.08","3.76B","0.85%"
"06/21/2021","28,489.00","28,501.64","28,590.22","28,314.93","2.18B","-1.08%"
"06/22/2021","28,309.76","28,575.16","28,579.00","28,299.66","1.98B","-0.63%"
"06/23/2021","28,817.07","28,468.24","28,893.79","28,406.61","2.29B","1.79%"
"06/24/2021","28,882.46","28,865.46","28,993.37","28,782.34","1.72B","0.23%"
"06/25/2021","29,288.22","29,002.67","29,305.17","28,971.60","2.15B","1.40%"
"06/28/2021","29,268.30","29,366.49","29,394.69","29,209.43","1.51B","-0.07%"
"06/29/2021","28,994.10","29,291.89","29,291.89","28,924.61","2.36B","-0.94%"
"06/30/2021","28,827.95","29,107.90","29,146.28","28,827.70","2.05B","-0.57%"
"07/02/2021","28,310.42","28,859.02","28,859.02","28,231.73","2.82B","-1.80%"
"07/05/2021","28,143.50","28,098.91","28,338.79","28,042.71","1.83B","-0.59%"
"07/06/2021","28,072.86","28,136.63","28,151.35","27,904.53","1.90B","-0.25%"
"07/07/2021","27,960.62","27,777.81","27,969.41","27,703.41","2.04B","-0.40%"
"07/08/2021","27,153.13","27,881.50","27,921.06","27,110.62","2.95B","-2.89%"
"07/09/2021","27,344.54","27,131.57","27,450.79","26,861.87","2.50B","0.70%"
"07/12/2021","27,515.24","27,672.70","27,741.19","27,420.35","2.05B","0.62%"
"07/13/2021","27,963.41","27,694.03","28,052.32","27,612.69","2.00B","1.63%"
"07/14/2021","27,787.46","27,965.39","27,965.39","27,708.71","1.87B","-0.63%"
"07/15/2021","27,996.27","27,801.40","28,181.21","27,741.09","2.08B","0.75%"
"07/16/2021","28,004.68","27,972.56","28,218.53","27,878.53","1.97B","0.03%"
"07/19/2021","27,489.78","27,786.54","27,786.54","27,397.29","1.87B","-1.84%"
"07/20/2021","27,259.25","27,395.83","27,532.86","27,121.49","2.26B","-0.84%"
"07/21/2021","27,224.58","27,339.22","27,371.50","26,971.03","1.67B","-0.13%"
"07/22/2021","27,723.84","27,464.28","27,759.71","27,455.43","1.81B","1.83%"
"07/23/2021","27,321.98","27,740.95","27,740.95","27,222.04","1.18B","-1.45%"
"07/26/2021","26,192.32","26,825.73","26,878.75","26,177.40","2.70B","-4.13%"
"07/27/2021","25,086.43","26,011.51","26,323.61","24,748.84","4.66B","-4.22%"
"07/28/2021","25,473.88","25,356.74","25,520.75","24,848.43","3.39B","1.54%"
"07/29/2021","26,315.32","26,221.36","26,335.36","25,857.42","3.27B","3.30%"
"07/30/2021","25,961.03","26,042.84","26,151.00","25,636.89","2.43B","-1.35%"
"08/02/2021","26,235.80","26,054.81","26,300.55","25,743.09","1.77B","1.06%"
"08/03/2021","26,194.82","26,289.06","26,289.06","25,774.62","2.01B","-0.16%"
"08/04/2021","26,426.55","26,161.83","26,650.82","26,009.83","1.78B","0.88%"
"08/05/2021","26,204.69","26,390.01","26,569.37","26,126.37","1.70B","-0.84%"
"08/06/2021","26,179.40","26,262.97","26,276.87","26,002.41","1.56B","-0.10%"
"08/09/2021","26,283.40","25,969.23","26,527.24","25,920.85","1.59B","0.40%"
"08/10/2021","26,605.62","26,456.61","26,610.95","26,138.87","1.74B","1.23%"
"08/11/2021","26,660.16","26,491.74","26,822.47","26,454.45","2.41B","0.20%"
"08/12/2021","26,517.82","26,623.77","26,713.24","26,385.45","1.66B","-0.53%"
"08/13/2021","26,391.62","26,296.19","26,521.95","26,200.24","1.34B","-0.48%"
"08/16/2021","26,181.46","26,365.19","26,449.71","26,046.90","1.65B","-0.80%"
"08/17/2021","25,745.87","26,137.90","26,258.79","25,615.38","2.29B","-1.66%"
"08/18/2021","25,867.01","25,800.03","26,025.14","25,708.95","1.76B","0.47%"
"08/19/2021","25,316.33","25,787.84","25,832.92","25,183.67","2.31B","-2.13%"
"08/20/2021","24,849.72","25,241.32","25,244.75","24,581.60","2.86B","-1.84%"
"08/23/2021","25,109.59","25,169.45","25,458.33","25,036.99","2.18B","1.05%"
"08/24/2021","25,727.92","25,428.68","25,727.92","25,361.75","2.05B","2.46%"
"08/25/2021","25,693.95","25,930.05","25,982.64","25,548.47","1.72B","-0.13%"
"08/26/2021","25,415.69","25,673.78","25,706.62","25,255.83","1.83B","-1.08%"
"08/27/2021","25,407.89","25,337.55","25,641.33","25,304.62","1.53B","-0.03%"
"08/30/2021","25,539.54","25,406.49","25,583.59","25,219.80","2.00B","0.52%"
"08/31/2021","25,878.99","25,524.23","25,878.99","25,110.72","2.92B","1.33%"
"09/01/2021","26,028.29","25,871.82","26,101.95","25,694.11","2.18B","0.58%"
"09/02/2021","26,090.43","26,203.52","26,359.31","25,967.98","2.02B","0.24%"
"09/03/2021","25,901.99","26,022.67","26,052.81","25,811.77","2.55B","-0.72%"
"09/06/2021","26,163.63","25,827.17","26,176.43","25,827.17","1.91B","1.01%"
"09/07/2021","26,353.63","26,207.22","26,458.88","26,135.40","1.84B","0.73%"
"09/08/2021","26,320.93","26,396.11","26,560.04","26,164.79","1.86B","-0.12%"
"09/09/2021","25,716.00","26,076.93","26,125.09","25,624.52","2.09B","-2.30%"
"09/10/2021","26,205.91","25,870.71","26,205.91","25,870.71","2.00B","1.91%"
"09/13/2021","25,813.81","25,885.30","25,886.90","25,570.84","2.32B","-1.50%"
"09/14/2021","25,502.23","25,827.70","25,900.68","25,377.83","2.40B","-1.21%"
"09/15/2021","25,033.21","25,310.03","25,411.91","24,990.94","2.42B","-1.84%"
"09/16/2021","24,667.85","25,042.03","25,045.55","24,505.21","2.50B","-1.46%"
"09/17/2021","24,920.76","24,589.17","24,920.76","24,424.74","3.10B","1.03%"
"09/20/2021","24,099.14","24,640.43","24,640.43","23,871.84","2.65B","-3.30%"
"09/21/2021","24,221.54","23,867.16","24,284.87","23,771.46","2.08B","0.51%"
"09/23/2021","24,510.98","24,614.14","24,827.46","24,313.68","2.71B","1.19%"
"09/24/2021","24,192.16","24,487.24","24,636.64","24,095.79","2.01B","-1.30%"
"09/27/2021","24,208.78","24,131.42","24,509.00","24,131.42","2.32B","0.07%"
"09/28/2021","24,500.39","24,323.00","24,679.46","24,232.98","2.46B","1.20%"
"09/29/2021","24,663.50","24,276.71","24,694.46","24,045.99","2.15B","0.67%"
"09/30/2021","24,575.64","24,494.26","24,660.68","24,346.75","1.58B","-0.36%"
"10/04/2021","24,036.37","24,478.68","24,478.68","23,908.05","1.60B","-2.19%"
"10/05/2021","24,104.15","23,771.65","24,180.08","23,681.44","1.72B","0.28%"
"10/06/2021","23,966.49","24,259.20","24,259.20","23,812.35","1.88B","-0.57%"
"10/07/2021","24,701.73","24,339.32","24,741.28","24,310.11","1.76B","3.07%"
"10/08/2021","24,837.85","25,064.80","25,064.80","24,595.58","2.36B","0.55%"
"10/11/2021","25,325.09","25,161.80","25,437.16","25,161.80","2.11B","1.96%"
"10/12/2021","24,962.59","24,995.95","25,188.78","24,865.80","1.84B","-1.43%"
"10/13/2021","25,020.34","24,837.76","25,035.00","24,836.76","","0.23%"
"10/15/2021","25,330.96","25,187.05","25,330.96","24,929.56","2.35B","1.24%"
"10/18/2021","25,409.75","25,425.32","25,425.32","25,123.25","1.65B","0.31%"
"10/19/2021","25,787.21","25,471.25","25,808.62","25,458.03","1.67B","1.49%"
"10/20/2021","26,136.02","26,074.20","26,214.63","25,915.62","1.82B","1.35%"
"10/21/2021","26,017.53","26,141.85","26,229.80","25,840.59","2.09B","-0.45%"
"10/22/2021","26,126.93","26,114.84","26,195.29","25,976.03","1.70B","0.42%"
"10/25/2021","26,132.03","26,020.78","26,212.90","25,929.67","1.46B","0.02%"
"10/26/2021","26,038.27","26,234.94","26,234.94","25,905.08","1.53B","-0.36%"
"10/27/2021","25,628.74","25,795.17","25,795.17","25,555.17","1.62B","-1.57%"
"10/28/2021","25,555.73","25,648.42","25,736.38","25,473.16","2.02B","-0.28%"
"10/29/2021","25,377.24","25,466.86","25,516.22","25,314.24","2.05B","-0.70%"
"11/01/2021","25,154.32","25,268.35","25,270.41","24,972.50","1.59B","-0.88%"
"11/02/2021","25,099.67","25,609.01","25,639.66","25,030.69","1.96B","-0.22%"
"11/03/2021","25,024.75","25,060.93","25,187.09","24,808.59","1.69B","-0.30%"
"11/04/2021","25,225.19","25,141.10","25,244.98","25,010.36","1.64B","0.80%"
"11/05/2021","24,870.51","24,950.68","25,049.37","24,724.39","2.02B","-1.41%"
"11/08/2021","24,763.77","24,743.54","24,837.77","24,633.57","1.76B","-0.43%"
"11/09/2021","24,813.13","24,952.82","24,956.37","24,678.66","1.15B","0.20%"
"11/10/2021","24,996.14","24,787.44","25,013.11","24,481.26","1.69B","0.74%"
"11/11/2021","25,247.99","24,856.11","25,324.66","24,836.21","2.00B","1.01%"
"11/12/2021","25,327.97","25,522.83","25,527.13","25,210.56","1.63B","0.32%"
"11/15/2021","25,390.91","25,437.99","25,483.26","25,230.33","1.16B","0.25%"
"11/16/2021","25,713.78","25,446.65","25,746.71","25,410.87","1.53B","1.27%"
"11/17/2021","25,650.08","25,667.81","25,667.81","25,520.67","1.19B","-0.25%"
"11/18/2021","25,319.72","25,369.88","25,414.21","25,222.60","1.34B","-1.29%"
"11/19/2021","25,049.97","24,934.40","25,077.15","24,825.43","1.64B","-1.07%"
"11/22/2021","24,951.34","25,057.06","25,099.95","24,869.94","1.51B","-0.39%"
"11/23/2021","24,651.58","24,688.99","24,794.72","24,618.74","1.49B","-1.20%"
"11/24/2021","24,685.50","24,672.10","24,851.53","24,557.63","1.79B","0.14%"
"11/25/2021","24,740.16","24,699.69","24,762.61","24,532.82","1.19B","0.22%"
"11/26/2021","24,080.52","24,502.68","24,502.68","24,062.26","1.80B","-2.67%"
"11/29/2021","23,852.24","23,910.49","24,134.32","23,774.31","1.74B","-0.95%"
"11/30/2021","23,475.26","23,782.86","23,888.37","23,175.37","3.34B","-1.58%"
"12/01/2021","23,658.92","23,595.57","23,864.30","23,537.65","2.12B","0.78%"
"12/02/2021","23,788.93","23,524.05","23,807.00","23,517.52","2.33B","0.55%"
"12/03/2021","23,766.69","23,675.26","23,802.77","23,451.93","2.72B","-0.09%"
"12/06/2021","23,349.38","23,420.44","23,628.30","23,314.97","2.36B","-1.76%"
"12/07/2021","23,983.66","23,704.51","23,989.78","23,512.50","2.12B","2.72%"
"12/08/2021","23,996.87","24,090.02","24,097.98","23,907.30","1.78B","0.06%"
"12/09/2021","24,254.86","24,168.41","24,324.84","24,153.72","1.74B","1.08%"
"12/10/2021","23,995.72","24,070.56","24,214.68","23,916.63","1.41B","-1.07%"
"12/13/2021","23,954.58","24,242.26","24,385.44","23,936.93","1.54B","-0.17%"
"12/14/2021","23,635.95","23,693.73","23,817.58","23,560.13","1.55B","-1.33%"
"12/15/2021","23,420.76","23,658.04","23,745.75","23,325.92","1.60B","-0.91%"
"12/16/2021","23,475.50","23,287.93","23,526.05","23,155.62","1.50B","0.23%"
"12/17/2021","23,192.63","23,463.78","23,463.78","23,158.70","2.19B","-1.20%"
"12/20/2021","22,744.86","23,079.83","23,145.30","22,665.25","1.68B","-1.93%"
"12/21/2021","22,971.33","22,795.57","23,100.18","22,730.08","1.65B","1.00%"
"12/22/2021","23,102.33","23,221.13","23,258.71","22,979.76","1.23B","0.57%"
"12/23/2021","23,193.64","23,141.79","23,264.75","23,027.15","1.39B","0.40%"
"12/24/2021","23,223.76","23,375.99","23,383.19","23,186.57","622.88M","0.13%"
"12/28/2021","23,280.56","23,282.35","23,319.44","23,099.48","1.43B","0.24%"
"12/29/2021","23,086.54","23,253.98","23,253.98","23,008.28","828.41M","-0.83%"
"12/30/2021","23,112.01","23,130.45","23,248.26","22,990.24","1.01B","0.11%"
"12/31/2021","23,397.67","23,553.79","23,590.12","23,394.77","675.94M","1.24%"
"01/03/2022","23,274.75","23,510.54","23,605.03","23,193.19","734.33M","-0.53%"
"01/04/2022","23,289.84","23,400.62","23,439.30","23,146.89","1.76B","0.06%"
"01/05/2022","22,907.25","23,323.77","23,323.77","22,851.50","2.77B","-1.64%"
"01/06/2022","23,072.86","22,843.20","23,082.95","22,709.60","1.77B","0.72%"
"01/07/2022","23,493.38","23,318.92","23,497.50","23,162.85","2.60B","1.82%"
"01/10/2022","23,746.54","23,523.90","23,790.52","23,399.09","2.54B","1.08%"
"01/11/2022","23,739.06","23,678.69","23,863.83","23,595.01","2.33B","-0.03%"
"01/12/2022","24,402.17","24,069.52","24,402.17","24,069.52","2.49B","2.79%"
"01/13/2022","24,429.77","24,561.48","24,561.48","24,289.19","2.16B","0.11%"
"01/14/2022","24,383.32","24,185.86","24,383.32","24,140.81","1.84B","-0.19%"
"01/17/2022","24,218.03","24,390.29","24,408.88","24,111.74","1.63B","-0.68%"
"01/18/2022","24,112.78","24,274.75","24,385.05","24,009.71","1.64B","-0.43%"
"01/19/2022","24,127.85","24,229.78","24,286.14","23,951.60","1.73B","0.06%"
"01/20/2022","24,952.35","24,263.15","24,952.35","24,233.18","2.53B","3.42%"
"01/21/2022","24,965.55","24,897.59","24,982.03","24,723.92","2.37B","0.05%"
"01/24/2022","24,656.46","24,693.43","24,795.54","24,570.87","1.87B","-1.24%"
"01/25/2022","24,243.61","24,251.52","24,366.89","24,001.96","2.18B","-1.67%"
"01/26/2022","24,289.90","24,342.90","24,487.30","24,123.70","1.96B","0.19%"
"01/27/2022","23,807.00","23,952.01","23,952.01","23,565.00","1.85B","-1.99%"
"01/28/2022","23,550.08","23,818.94","23,848.02","23,507.03","1.78B","-1.08%"
"01/31/2022","23,802.26","23,624.14","23,975.70","23,469.76","995.46M","1.07%"
"02/04/2022","24,573.29","24,392.86","24,609.33","24,140.89","1.83B","3.24%"
"02/07/2022","24,579.55","24,609.43","24,616.50","24,365.89","2.54B","0.03%"
"02/08/2022","24,329.49","24,548.05","24,548.05","24,149.75","2.29B","-1.02%"
"02/09/2022","24,829.99","24,727.34","24,896.43","24,690.45","2.51B","2.06%"
"02/10/2022","24,924.35","25,050.59","25,050.59","24,649.74","2.10B","0.38%"
"02/11/2022","24,906.66","24,837.20","24,957.81","24,732.65","2.51B","-0.07%"
"02/14/2022","24,556.57","24,725.10","24,733.11","24,482.86","1.98B","-1.41%"
"02/15/2022","24,355.71","24,458.50","24,570.09","24,219.90","2.63B","-0.82%"
"02/16/2022","24,718.90","24,618.30","24,728.93","24,548.05","1.82B","1.49%"
"02/17/2022","24,792.77","24,722.88","24,861.82","24,523.95","1.57B","0.30%"
"02/18/2022","24,327.71","24,633.66","24,763.37","24,284.53","1.68B","-1.88%"
"02/21/2022","24,170.07","24,109.59","24,231.08","23,998.77","1.62B","-0.65%"
"02/22/2022","23,520.00","23,692.54","23,813.64","23,336.78","2.06B","-2.69%"
"02/23/2022","23,660.28","23,617.97","23,745.07","23,500.92","1.42B","0.60%"
"02/24/2022","22,901.56","23,268.03","23,376.37","22,786.39","3.00B","-3.21%"
"02/25/2022","22,767.18","22,908.10","23,046.86","22,718.15","2.52B","-0.59%"
"02/28/2022","22,713.02","22,818.17","22,818.17","22,406.12","2.83B","-0.24%"
"03/01/2022","22,761.71","22,739.84","22,937.56","22,591.73","1.80B","0.21%"
"03/02/2022","22,343.92","22,568.36","22,712.44","22,299.14","2.23B","-1.84%"
"03/03/2022","22,467.34","22,434.26","22,543.42","22,378.11","1.94B","0.55%"
"03/04/2022","21,905.29","21,879.13","22,017.94","21,838.99","2.44B","-2.50%"
"03/07/2022","21,057.63","21,308.90","21,327.19","20,826.36","3.32B","-3.87%"
"03/08/2022","20,765.87","21,082.39","21,303.52","20,638.95","3.23B","-1.39%"
"03/09/2022","20,627.71","20,820.02","20,957.72","20,102.57","3.67B","-0.67%"
"03/10/2022","20,890.26","21,106.57","21,114.44","20,709.62","2.69B","1.27%"
"03/11/2022","20,553.79","20,460.03","20,778.86","20,079.15","3.02B","-1.61%"
"03/14/2022","19,531.66","20,203.84","20,203.84","19,416.78","4.10B","-4.97%"
"03/15/2022","18,415.08","18,931.18","19,392.69","18,235.48","6.01B","-5.72%"
"03/16/2022","20,087.50","18,956.02","20,120.85","18,584.04","5.50B","9.08%"
"03/17/2022","21,501.23","21,430.71","21,501.23","20,786.69","4.83B","7.04%"
"03/18/2022","21,412.40","21,232.88","21,646.15","20,922.37","4.59B","-0.41%"
"03/21/2022","21,221.34","21,823.07","21,823.07","21,096.31","2.34B","-0.89%"
"03/22/2022","21,889.28","21,319.19","21,906.32","21,266.90","2.59B","3.15%"
"03/23/2022","22,154.08","22,088.79","22,423.51","21,983.10","2.84B","1.21%"
"03/24/2022","21,945.95","22,002.87","22,231.67","21,900.13","2.40B","-0.94%"
"03/25/2022","21,404.88","21,735.61","21,944.08","21,289.26","2.36B","-2.47%"
"03/28/2022","21,684.97","21,422.20","21,790.97","21,202.69","2.20B","1.31%"
"03/29/2022","21,927.63","21,771.29","21,937.27","21,722.17","2.26B","1.12%"
"03/30/2022","22,232.03","22,101.63","22,391.35","22,033.78","2.73B","1.39%"
"03/31/2022","21,996.85","22,262.16","22,262.16","21,922.58","2.23B","-1.06%"
"04/01/2022","22,039.55","21,693.10","22,039.55","21,558.05","1.94B","0.19%"
"04/04/2022","22,502.31","22,227.11","22,523.64","22,124.03","1.87B","2.10%"
"04/06/2022","22,080.52","22,220.21","22,244.99","22,015.12","2.75B","-1.87%"
"04/07/2022","21,808.98","21,910.40","22,236.93","21,779.19","2.08B","-1.23%"
"04/08/2022","21,872.01","21,667.53","21,872.01","21,568.22","1.74B","0.29%"
"04/11/2022","21,208.30","21,688.03","21,688.03","21,132.54","2.10B","-3.03%"
"04/12/2022","21,319.13","21,279.18","21,519.13","20,988.20","2.05B","0.52%"
"04/13/2022","21,374.37","21,192.62","21,531.48","21,141.06","1.70B","0.26%"
"04/14/2022","21,518.08","21,463.35","21,587.47","21,358.73","1.72B","0.67%"
"04/19/2022","21,027.76","21,106.00","21,191.80","20,896.43","2.24B","-2.28%"
"04/20/2022","20,944.67","20,972.84","21,214.98","20,889.02","1.88B","-0.40%"
"04/21/2022","20,682.22","20,780.86","20,920.60","20,483.86","2.23B","-1.25%"
"04/22/2022","20,638.52","20,261.61","20,709.49","20,184.96","2.35B","-0.21%"
"04/25/2022","19,869.34","20,284.60","20,284.60","19,784.28","2.91B","-3.73%"
"04/26/2022","19,934.71","19,989.04","20,258.64","19,858.36","2.57B","0.33%"
"04/27/2022","19,946.36","19,723.46","20,053.11","19,665.49","2.36B","0.06%"
"04/28/2022","20,276.17","20,118.79","20,286.83","19,956.67","2.26B","1.65%"
"04/29/2022","21,089.39","20,271.40","21,176.58","20,040.07","2.73B","4.01%"
"05/03/2022","21,101.89","20,927.62","21,291.80","20,648.53","1.74B","0.06%"
"05/04/2022","20,869.52","21,025.70","21,047.13","20,772.80","1.14B","-1.10%"
"05/05/2022","20,793.40","21,163.15","21,284.85","20,776.97","1.83B","-0.36%"
"05/06/2022","20,001.96","20,287.06","20,320.28","19,973.47","2.11B","-3.81%"
"05/10/2022","19,633.69","19,300.68","19,758.63","19,178.89","2.79B","-1.84%"
"05/11/2022","19,824.57","19,511.80","20,083.49","19,474.03","1.96B","0.97%"
"05/12/2022","19,380.34","19,556.89","19,731.27","19,342.89","2.27B","-2.24%"
"05/13/2022","19,898.77","19,615.99","19,925.44","19,608.26","2.08B","2.68%"
"05/16/2022","19,950.21","20,131.53","20,173.22","19,764.96","1.80B","0.26%"
"05/17/2022","20,602.52","20,193.60","20,626.42","20,169.24","2.21B","3.27%"
"05/18/2022","20,644.28","20,674.23","20,711.93","20,389.61","1.95B","0.20%"
"05/19/2022","20,120.68","20,146.96","20,277.94","19,924.87","2.12B","-2.54%"
"05/20/2022","20,717.24","20,470.95","20,794.13","20,408.68","2.17B","2.96%"
"05/23/2022","20,470.06","20,608.65","20,642.76","20,303.55","1.70B","-1.19%"
"05/24/2022","20,112.10","20,420.14","20,509.62","19,989.62","1.83B","-1.75%"
"05/25/2022","20,171.27","20,115.56","20,370.74","20,067.98","2.10B","0.29%"
"05/26/2022","20,116.20","20,272.22","20,272.22","19,890.76","1.86B","-0.27%"
"05/27/2022","20,697.36","20,646.06","20,779.75","20,494.15","2.57B","2.89%"
"05/30/2022","21,123.93","20,933.50","21,169.08","20,885.02","2.61B","2.06%"
"05/31/2022","21,415.20","21,106.41","21,415.20","21,029.72","3.92B","1.38%"
"06/01/2022","21,294.94","21,407.79","21,411.95","21,154.04","2.07B","-0.56%"
"06/02/2022","21,082.13","21,057.04","21,115.78","20,884.16","1.82B","-1.00%"
"06/06/2022","21,653.90","21,282.51","21,691.92","21,030.07","2.24B","2.71%"
"06/07/2022","21,531.67","21,577.48","21,744.46","21,394.59","2.15B","-0.56%"
"06/08/2022","22,014.59","21,788.89","22,064.12","21,734.49","2.94B","2.24%"
"06/09/2022","21,869.05","22,121.53","22,142.82","21,737.94","2.54B","-0.66%"
"06/10/2022","21,806.18","21,522.50","21,935.01","21,487.91","2.69B","-0.29%"
"06/13/2022","21,067.58","21,162.53","21,320.15","20,993.76","2.61B","-3.39%"
"06/14/2022","21,067.99","20,783.54","21,175.01","20,717.64","1.97B","0.00%"
"06/15/2022","21,308.21","21,111.32","21,431.07","21,111.32","2.30B","1.14%"
"06/16/2022","20,845.43","21,515.64","21,545.84","20,697.41","2.34B","-2.17%"
"06/17/2022","21,075.00","20,716.74","21,145.94","20,697.17","3.10B","1.10%"
"06/20/2022","21,163.91","20,948.80","21,175.98","20,839.02","2.09B","0.42%"
"06/21/2022","21,559.59","21,264.98","21,564.87","21,175.95","2.13B","1.87%"
"06/22/2022","21,008.34","21,469.74","21,519.58","21,008.34","2.47B","-2.56%"
"06/23/2022","21,273.87","21,157.58","21,443.59","21,010.89","2.01B","1.26%"
"06/24/2022","21,719.06","21,450.68","21,762.67","21,408.66","2.41B","2.09%"
"06/27/2022","22,229.52","21,976.80","22,414.43","21,976.80","2.99B","2.35%"
"06/28/2022","22,418.97","22,144.63","22,449.31","21,952.44","2.87B","0.85%"
"06/29/2022","21,996.89","22,125.61","22,289.07","21,844.05","2.83B","-1.88%"
"06/30/2022","21,859.79","21,917.45","22,111.91","21,719.17","2.82B","-0.62%"
"07/04/2022","21,830.35","21,690.68","21,886.35","21,458.63","2.20B","-0.13%"
"07/05/2022","21,853.07","22,053.16","22,198.51","21,799.19","2.14B","0.10%"
"07/06/2022","21,586.66","21,777.64","21,833.40","21,286.66","2.89B","-1.22%"
"07/07/2022","21,643.58","21,352.70","21,643.58","21,200.93","1.74B","0.26%"
"07/08/2022","21,725.78","21,961.75","21,961.75","21,614.65","1.57B","0.38%"
"07/11/2022","21,124.20","21,470.77","21,470.77","21,001.63","1.69B","-2.77%"
"07/12/2022","20,844.74","20,905.07","21,084.09","20,779.59","1.75B","-1.32%"
"07/13/2022","20,797.95","20,911.53","21,040.34","20,751.48","2.06B","-0.22%"
"07/14/2022","20,751.21","20,818.27","20,888.80","20,554.15","2.37B","-0.22%"
"07/15/2022","20,297.72","20,522.11","20,656.96","20,215.97","2.53B","-2.19%"
"07/18/2022","20,846.18","20,479.58","20,866.33","20,294.14","2.05B","2.70%"
"07/19/2022","20,661.06","20,719.20","20,758.71","20,549.44","1.29B","-0.89%"
"07/20/2022","20,890.22","20,968.42","21,111.78","20,884.92","1.41B","1.11%"
"07/21/2022","20,574.63","20,811.60","20,827.61","20,527.35","1.76B","-1.51%"
"07/22/2022","20,609.14","20,717.47","20,788.46","20,513.80","1.33B","0.17%"
"07/25/2022","20,562.94","20,516.34","20,595.09","20,353.68","1.38B","-0.22%"
"07/26/2022","20,905.88","20,676.68","20,952.45","20,631.82","1.70B","1.67%"
"07/27/2022","20,670.04","20,684.48","20,770.10","20,572.42","1.73B","-1.13%"
"07/28/2022","20,622.68","20,705.46","20,772.63","20,533.42","1.97B","-0.23%"
"07/29/2022","20,156.51","20,647.45","20,647.45","20,050.05","2.18B","-2.26%"
"08/01/2022","20,165.84","20,026.60","20,251.43","19,883.92","1.97B","0.05%"
"08/02/2022","19,689.21","19,943.16","19,943.16","19,515.54","2.29B","-2.36%"
"08/03/2022","19,767.09","19,865.69","19,921.91","19,685.48","1.79B","0.40%"
"08/04/2022","20,174.04","20,011.25","20,216.58","19,995.46","1.92B","2.06%"
"08/05/2022","20,201.94","20,283.59","20,283.59","20,096.54","1.64B","0.14%"
"08/08/2022","20,045.77","20,065.35","20,171.89","19,954.04","1.38B","-0.77%"
"08/09/2022","20,003.44","20,039.30","20,250.87","19,856.23","1.50B","-0.21%"
"08/10/2022","19,610.84","19,956.51","19,956.51","19,469.11","1.73B","-1.96%"
"08/11/2022","20,082.43","19,840.57","20,082.43","19,789.96","1.60B","2.40%"
"08/12/2022","20,175.62","20,158.29","20,208.02","20,011.38","1.57B","0.46%"
"08/15/2022","20,040.86","20,038.48","20,260.66","19,984.04","1.39B","-0.67%"
"08/16/2022","19,830.52","20,107.14","20,173.40","19,662.61","1.95B","-1.05%"
"08/17/2022","19,922.45","19,995.77","20,069.85","19,800.58","1.41B","0.46%"
"08/18/2022","19,763.91","19,991.94","19,991.94","19,675.46","1.59B","-0.80%"
"08/19/2022","19,773.03","19,656.80","19,898.18","19,656.80","1.40B","0.05%"
"08/22/2022","19,656.98","19,572.42","19,825.93","19,564.19","1.60B","-0.59%"
"08/23/2022","19,503.25","19,644.23","19,701.55","19,377.09","1.85B","-0.78%"
"08/24/2022","19,268.74","19,542.24","19,542.24","19,189.54","2.00B","-1.20%"
"08/25/2022","19,968.38","19,418.46","19,990.31","19,418.46","1.68B","3.63%"
"08/26/2022","20,170.04","20,138.69","20,185.15","20,050.97","1.87B","1.01%"
"08/29/2022","20,023.22","19,960.29","20,073.94","19,889.67","1.60B","-0.73%"
"08/30/2022","19,949.03","20,062.73","20,062.73","19,645.57","1.66B","-0.37%"
"08/31/2022","19,954.39","19,589.85","20,173.02","19,564.84","2.78B","0.03%"
"09/01/2022","19,597.31","19,761.72","19,839.51","19,532.86","2.00B","-1.79%"
"09/02/2022","19,452.09","19,572.47","19,630.80","19,342.49","2.10B","-0.74%"
"09/05/2022","19,225.70","19,299.09","19,299.09","19,064.79","2.18B","-1.16%"
"09/06/2022","19,202.73","19,261.70","19,358.02","19,107.60","1.72B","-0.12%"
"09/07/2022","19,044.30","18,915.87","19,068.90","18,818.78","1.84B","-0.83%"
"09/08/2022","18,854.62","19,043.84","19,075.74","18,803.76","1.72B","-1.00%"
"09/09/2022","19,362.25","18,893.65","19,417.56","18,893.65","1.99B","2.69%"
"09/13/2022","19,326.86","19,404.64","19,492.06","19,296.25","1.79B","-0.18%"
"09/14/2022","18,847.10","18,933.30","18,989.22","18,797.79","1.73B","-2.48%"
"09/15/2022","18,930.38","18,833.90","19,013.03","18,833.90","1.80B","0.44%"
"09/16/2022","18,761.69","18,732.44","18,905.28","18,678.22","2.79B","-0.89%"
"09/19/2022","18,565.97","18,695.35","18,697.09","18,494.54","1.75B","-1.04%"
"09/20/2022","18,781.42","18,700.68","18,861.47","18,685.46","1.48B","1.16%"
"09/21/2022","18,444.62","18,638.85","18,638.85","18,434.65","1.63B","-1.79%"
"09/22/2022","18,147.95","18,080.93","18,195.09","17,965.33","1.73B","-1.61%"
"09/23/2022","17,933.27","18,055.59","18,165.95","17,926.29","1.78B","-1.18%"
"09/26/2022","17,855.14","17,781.87","18,077.64","17,727.40","2.56B","-0.44%"
"09/27/2022","17,860.31","17,838.65","17,904.21","17,648.42","1.90B","0.03%"
"09/28/2022","17,250.88","17,703.39","17,703.39","17,184.54","2.95B","-3.41%"
"09/29/2022","17,165.87","17,570.17","17,629.67","17,046.83","2.53B","-0.49%"
"09/30/2022","17,222.83","17,165.93","17,344.81","17,016.28","2.11B","0.33%"
"10/03/2022","17,079.51","17,050.25","17,252.11","16,906.96","1.36B","-0.83%"
"10/05/2022","18,087.97","17,811.97","18,164.20","17,682.85","2.26B","5.90%"
"10/06/2022","18,012.15","18,100.48","18,143.85","17,958.14","1.08B","-0.42%"
"10/07/2022","17,740.05","17,851.62","17,881.87","17,717.73","1.13B","-1.51%"
"10/10/2022","17,216.66","17,449.36","17,449.36","17,174.61","1.77B","-2.95%"
"10/11/2022","16,832.36","17,194.73","17,206.51","16,789.97","1.80B","-2.23%"
"10/12/2022","16,701.03","16,758.27","17,040.70","16,438.60","2.41B","-0.78%"
"10/13/2022","16,389.11","16,700.65","16,736.59","16,389.11","2.24B","-1.87%"
"10/14/2022","16,587.69","16,671.68","17,028.68","16,535.37","2.32B","1.21%"
"10/17/2022","16,612.90","16,479.74","16,754.52","16,308.95","2.06B","0.15%"
"10/18/2022","16,914.58","16,860.20","16,914.58","16,558.41","1.97B","1.82%"
"10/19/2022","16,511.28","16,805.91","16,923.12","16,508.37","1.71B","-2.38%"
"10/20/2022","16,280.22","16,230.79","16,452.97","16,010.72","2.30B","-1.40%"
"10/21/2022","16,211.12","16,331.11","16,359.04","16,137.18","2.05B","-0.42%"
"10/24/2022","15,180.69","15,894.75","15,993.88","15,082.84","3.60B","-6.36%"
"10/25/2022","15,165.59","15,242.10","15,435.37","14,947.39","3.28B","-0.10%"
"10/26/2022","15,317.67","15,096.32","15,584.06","15,041.40","2.72B","1.00%"
"10/27/2022","15,427.94","15,721.27","15,833.28","15,410.97","2.53B","0.72%"
"10/28/2022","14,863.06","15,424.94","15,441.99","14,770.09","3.05B","-3.66%"
"10/31/2022","14,687.02","14,830.69","15,113.15","14,597.31","4.18B","-1.18%"
"11/01/2022","15,455.27","14,859.92","15,632.85","14,859.92","3.79B","5.23%"
"11/02/2022","15,827.17","15,389.55","15,867.24","15,276.76","2.77B","2.41%"
"11/03/2022","15,339.49","15,477.74","15,623.18","15,301.67","2.54B","-3.08%"
"11/04/2022","16,161.14","15,442.76","16,513.16","15,442.76","3.95B","5.36%"
"11/07/2022","16,595.91","16,031.79","16,821.89","15,980.85","3.23B","2.69%"
"11/08/2022","16,557.31","16,640.60","16,719.01","16,429.81","2.07B","-0.23%"
"11/09/2022","16,358.52","16,552.80","16,730.20","16,213.03","3.27B","-1.20%"
"11/10/2022","16,081.04","16,138.22","16,138.22","15,945.20","2.20B","-1.70%"
"11/11/2022","17,325.66","17,120.05","17,368.04","16,829.00","5.11B","7.74%"
"11/14/2022","17,619.71","17,999.26","18,011.64","17,518.88","5.55B","1.70%"
"11/15/2022","18,343.12","17,665.80","18,356.78","17,552.30","4.90B","4.11%"
"11/16/2022","18,256.48","18,169.21","18,414.09","18,031.87","3.92B","-0.47%"
"11/17/2022","18,045.66","18,071.60","18,220.81","17,711.84","2.93B","-1.15%"
"11/18/2022","17,992.54","18,316.36","18,378.06","17,910.19","2.79B","-0.29%"
"11/21/2022","17,655.91","17,654.15","17,746.34","17,389.45","2.23B","-1.87%"
"11/22/2022","17,424.41","17,625.19","17,751.93","17,287.60","3.02B","-1.31%"
"11/23/2022","17,523.81","17,460.90","17,640.84","17,375.96","2.42B","0.57%"
"11/24/2022","17,660.90","17,684.53","17,759.24","17,517.12","2.91B","0.78%"
"11/25/2022","17,573.58","17,673.20","17,673.20","17,412.04","3.18B","-0.49%"
"11/28/2022","17,297.94","17,000.23","17,364.21","16,833.68","2.80B","-1.57%"
"11/29/2022","18,204.68","17,558.60","18,204.68","17,536.45","4.27B","5.24%"
"11/30/2022","18,597.23","18,141.56","18,645.35","18,052.32","5.36B","2.16%"
"12/01/2022","18,736.44","19,058.90","19,237.45","18,679.35","4.26B","0.75%"
"12/02/2022","18,675.35","18,785.28","18,841.22","18,530.82","3.76B","-0.33%"
"12/05/2022","19,518.29","19,221.68","19,539.60","19,035.14","4.89B","4.51%"
"12/06/2022","19,441.18","19,211.70","19,569.67","19,202.87","3.55B","-0.40%"
"12/07/2022","18,814.82","19,380.80","19,737.31","18,799.81","5.31B","-3.22%"
"12/08/2022","19,450.23","18,965.05","19,521.60","18,965.05","2.86B","3.38%"
"12/09/2022","19,900.87","19,484.23","19,926.48","19,404.50","4.02B","2.32%"
"12/12/2022","19,463.63","19,594.52","19,718.08","19,366.22","3.12B","-2.20%"
"12/13/2022","19,596.20","19,458.02","19,707.75","19,382.30","2.58B","0.68%"
"12/14/2022","19,673.45","19,775.33","19,859.75","19,528.71","2.76B","0.39%"
"12/15/2022","19,368.59","19,612.67","19,675.68","19,233.86","2.24B","-1.55%"
"12/16/2022","19,450.67","19,343.70","19,621.13","19,130.53","2.88B","0.42%"
"12/19/2022","19,352.81","19,472.21","19,786.29","19,255.95","2.24B","-0.50%"
"12/20/2022","19,094.80","19,156.94","19,283.14","18,885.20","1.94B","-1.33%"
"12/21/2022","19,160.49","19,190.91","19,255.74","19,063.30","1.35B","0.34%"
"12/22/2022","19,679.22","19,537.45","19,735.00","19,475.68","1.94B","2.71%"
"12/23/2022","19,593.06","19,382.23","19,686.77","19,380.47","1.36B","-0.44%"
"12/28/2022","19,898.91","19,787.94","20,099.77","19,787.94","2.82B","1.56%"
"12/29/2022","19,741.14","19,648.40","19,764.52","19,539.84","1.99B","-0.79%"
"12/30/2022","19,781.41","20,030.85","20,073.92","19,781.41","1.75B","0.20%"
"01/03/2023","20,145.29","19,570.43","20,212.55","19,303.73","2.29B","1.84%"
"01/04/2023","20,793.11","20,319.98","20,793.11","20,233.39","3.02B","3.22%"
"01/05/2023","21,052.17","21,295.87","21,396.09","20,962.40","2.88B","1.25%"
"01/06/2023","20,991.64","21,220.89","21,282.71","20,862.77","2.75B","-0.29%"
"01/09/2023","21,388.34","21,295.94","21,470.69","21,216.92","2.70B","1.89%"
"01/10/2023","21,331.46","21,370.42","21,395.42","21,187.73","2.54B","-0.27%"
"01/11/2023","21,436.05","21,463.82","21,686.30","21,327.41","2.97B","0.49%"
"01/12/2023","21,514.10","21,599.82","21,698.94","21,223.84","2.83B","0.36%"
"01/13/2023","21,738.66","21,605.07","21,770.08","21,474.98","2.46B","1.04%"
"01/16/2023","21,746.72","21,818.65","21,947.55","21,572.51","2.56B","0.04%"
"01/17/2023","21,577.64","21,678.05","21,797.62","21,417.25","2.31B","-0.78%"
"01/18/2023","21,678.00","21,514.80","21,691.67","21,422.19","2.49B","0.47%"
"01/19/2023","21,650.98","21,452.26","21,754.08","21,383.03","1.66B","-0.12%"
"01/20/2023","22,044.65","21,812.46","22,051.77","21,754.35","1.96B","1.82%"
"01/26/2023","22,566.78","22,386.37","22,566.78","22,329.07","2.46B","2.37%"
"01/27/2023","22,688.90","22,614.92","22,700.85","22,483.78","2.01B","0.54%"
"01/30/2023","22,069.73","22,579.88","22,623.81","21,992.51","3.80B","-2.73%"
"01/31/2023","21,842.33","22,190.27","22,284.32","21,631.55","3.30B","-1.03%"
"02/01/2023","22,072.18","21,920.80","22,072.18","21,703.60","2.55B","1.05%"
"02/02/2023","21,958.36","22,276.23","22,311.96","21,930.53","2.40B","-0.52%"
"02/03/2023","21,660.47","21,811.08","21,820.78","21,459.65","2.41B","-1.36%"
"02/06/2023","21,222.16","21,349.17","21,349.17","21,085.72","2.31B","-2.02%"
"02/07/2023","21,298.70","21,288.39","21,512.21","21,259.21","1.78B","0.36%"
"02/08/2023","21,283.52","21,283.90","21,443.48","21,178.87","1.89B","-0.07%"
"02/09/2023","21,624.36","21,154.25","21,637.55","21,151.27","1.93B","1.60%"
"02/10/2023","21,190.42","21,559.44","21,579.99","21,157.52","1.78B","-2.01%"
"02/13/2023","21,164.42","20,910.08","21,230.15","20,799.91","1.77B","-0.12%"
"02/14/2023","21,113.76","21,235.92","21,237.88","21,074.94","1.41B","-0.24%"
"02/15/2023","20,812.17","21,116.84","21,117.58","20,726.83","2.14B","-1.43%"
"02/16/2023","20,987.67","20,947.07","21,306.54","20,887.70","2.18B","0.84%"
"02/17/2023","20,719.81","20,958.63","21,056.68","20,703.74","1.61B","-1.28%"
"02/20/2023","20,886.96","20,681.47","20,973.67","20,606.85","1.92B","0.81%"
"02/21/2023","20,529.49","20,859.50","20,941.30","20,503.05","2.00B","-1.71%"
"02/22/2023","20,423.84","20,512.49","20,620.98","20,344.86","1.77B","-0.51%"
"02/23/2023","20,351.35","20,339.15","20,601.22","20,323.24","1.73B","-0.35%"
"02/24/2023","20,010.04","20,223.67","20,233.64","20,006.78","2.06B","-1.68%"
"02/27/2023","19,943.51","19,821.03","20,086.53","19,804.56","1.90B","-0.33%"
"02/28/2023","19,785.94","20,020.17","20,185.05","19,783.07","2.75B","-0.79%"
"03/01/2023","20,619.71","19,849.97","20,674.07","19,849.97","2.89B","4.21%"
"03/02/2023","20,429.46","20,390.02","20,548.57","20,321.25","1.99B","-0.92%"
"03/03/2023","20,567.54","20,703.14","20,727.25","20,498.16","2.23B","0.68%"
"03/06/2023","20,603.19","20,437.87","20,702.75","20,410.00","2.49B","0.17%"
"03/07/2023","20,534.48","20,606.83","21,005.66","20,358.78","3.63B","-0.33%"
"03/08/2023","20,051.25","20,256.89","20,269.93","19,969.47","2.64B","-2.35%"
"03/09/2023","19,925.74","20,082.42","20,157.24","19,907.58","2.19B","-0.63%"
"03/10/2023","19,319.92","19,580.78","19,637.72","19,281.97","3.59B","-3.04%"
"03/13/2023","19,695.97","19,411.88","19,791.64","19,390.38","3.13B","1.95%"
"03/14/2023","19,247.96","19,524.51","19,639.52","19,122.82","3.03B","-2.27%"
"03/15/2023","19,539.87","19,523.49","19,745.44","19,431.09","2.63B","1.52%"
"03/16/2023","19,203.91","19,197.97","19,388.77","19,109.07","3.05B","-1.72%"
"03/17/2023","19,518.59","19,439.84","19,597.18","19,303.29","4.33B","1.64%"
"03/20/2023","19,000.71","19,352.90","19,382.97","18,829.11","2.84B","-2.65%"
"03/21/2023","19,258.76","19,118.87","19,295.64","19,018.10","1.93B","1.36%"
"03/22/2023","19,591.43","19,428.36","19,775.69","19,428.36","2.36B","1.73%"
"03/23/2023","20,049.64","19,619.74","20,051.26","19,523.50","2.53B","2.34%"
"03/24/2023","19,915.68","19,919.65","20,118.29","19,834.45","2.31B","-0.67%"
"03/27/2023","19,567.69","19,851.79","19,938.77","19,509.49","2.50B","-1.75%"
"03/28/2023","19,784.65","19,688.31","19,875.11","19,559.47","1.94B","1.11%"
"03/29/2023","20,192.40","20,348.64","20,437.69","20,107.73","2.60B","2.06%"
"03/30/2023","20,309.13","20,216.79","20,320.02","20,017.17","2.98B","0.58%"
"03/31/2023","20,400.11","20,583.88","20,721.97","20,357.41","3.04B","0.45%"
"04/03/2023","20,409.18","20,379.50","20,475.43","20,226.95","2.65B","0.04%"
"04/04/2023","20,274.59","20,364.36","20,364.36","20,126.90","2.42B","-0.66%"
"04/06/2023","20,331.20","20,146.22","20,343.86","20,099.48","2.14B","0.28%"
"04/11/2023","20,485.24","20,566.59","20,750.73","20,293.37","3.06B","0.76%"
"04/12/2023","20,309.86","20,481.53","20,494.81","20,236.92","2.35B","-0.86%"
"04/13/2023","20,344.48","19,977.96","20,344.48","19,885.53","2.33B","0.17%"
"04/14/2023","20,438.81","20,422.72","20,482.68","20,297.16","2.09B","0.46%"
"04/17/2023","20,782.45","20,374.51","20,864.74","20,299.15","3.41B","1.68%"
"04/18/2023","20,650.51","20,643.41","20,742.39","20,559.08","2.35B","-0.63%"
"04/19/2023","20,367.76","20,633.00","20,633.00","20,336.71","2.18B","-1.37%"
"04/20/2023","20,396.97","20,354.83","20,472.50","20,308.33","2.05B","0.14%"
"04/21/2023","20,075.73","20,330.15","20,378.90","19,974.91","2.49B","-1.57%"
"04/24/2023","19,959.94","20,049.87","20,146.37","19,734.68","2.25B","-0.58%"
"04/25/2023","19,617.88","19,903.53","19,910.28","19,527.63","2.20B","-1.71%"
"04/26/2023","19,757.27","19,520.97","19,903.73","19,520.97","1.94B","0.71%"
"04/27/2023","19,840.28","19,736.35","19,880.29","19,662.60","2.15B","0.42%"
"04/28/2023","19,894.57","19,936.02","20,167.88","19,879.07","2.57B","0.27%"
"05/02/2023","19,933.81","20,122.90","20,286.46","19,761.13","1.46B","0.20%"
"05/03/2023","19,699.16","19,686.15","19,721.96","19,538.72","1.46B","-1.18%"
"05/04/2023","19,948.73","19,695.73","19,979.77","19,695.73","3.21B","1.27%"
"05/05/2023","20,049.31","20,061.00","20,208.75","19,968.41","3.32B","0.50%"
"05/08/2023","20,297.03","20,128.18","20,321.74","20,081.70","4.29B","1.24%"
"05/09/2023","19,867.58","20,252.13","20,297.83","19,817.78","4.04B","-2.12%"
"05/10/2023","19,762.20","19,860.50","19,880.03","19,696.59","2.78B","-0.53%"
"05/11/2023","19,743.79","19,842.98","19,854.49","19,567.62","2.21B","-0.09%"
"05/12/2023","19,627.24","19,850.84","19,853.37","19,596.49","2.28B","-0.59%"
"05/15/2023","19,971.13","19,525.06","20,063.35","19,498.04","2.58B","1.75%"
"05/16/2023","19,978.25","20,183.28","20,183.28","19,891.49","1.72B","0.04%"
"05/17/2023","19,560.57","19,956.13","19,987.93","19,538.09","2.26B","-2.09%"
"05/18/2023","19,727.25","19,702.73","19,894.23","19,630.76","2.10B","0.85%"
"05/19/2023","19,450.57","19,535.49","19,610.72","19,352.81","1.95B","-1.40%"
"05/22/2023","19,678.17","19,479.06","19,806.44","19,410.07","1.68B","1.17%"
"05/23/2023","19,431.25","19,713.46","19,769.14","19,363.50","1.89B","-1.25%"
"05/24/2023","19,115.93","19,279.39","19,304.20","19,046.80","2.48B","-1.62%"
"05/25/2023","18,746.92","18,930.23","18,930.23","18,620.84","2.79B","-1.93%"
"05/29/2023","18,551.11","18,827.08","18,879.09","18,517.86","2.20B","-1.04%"
"05/30/2023","18,595.78","18,574.19","18,666.71","18,369.93","2.24B","0.24%"
"05/31/2023","18,234.27","18,415.00","18,415.00","18,044.86","4.37B","-1.94%"
"06/01/2023","18,216.91","18,190.27","18,465.64","18,190.27","2.62B","-0.10%"
"06/02/2023","18,949.94","18,566.81","19,024.91","18,548.30","3.73B","4.02%"
"06/05/2023","19,108.50","19,014.96","19,123.80","18,896.13","2.10B","0.84%"
"06/06/2023","19,099.28","19,117.11","19,377.38","19,033.85","2.26B","-0.05%"
"06/07/2023","19,252.00","19,327.15","19,410.48","19,196.09","2.16B","0.80%"
"06/08/2023","19,299.18","19,227.84","19,339.82","19,087.66","2.21B","0.25%"
"06/09/2023","19,389.95","19,333.43","19,463.61","19,231.13","2.00B","0.47%"
"06/12/2023","19,404.31","19,440.99","19,440.99","19,255.65","1.69B","0.07%"
"06/13/2023","19,521.42","19,355.65","19,572.42","19,273.42","2.47B","0.60%"
"06/14/2023","19,408.42","19,547.58","19,641.16","19,352.34","2.48B","-0.58%"
"06/15/2023","19,828.92","19,626.80","19,832.20","19,510.76","2.66B","2.17%"
"06/16/2023","20,040.37","19,915.44","20,155.92","19,876.42","3.58B","1.07%"
"06/19/2023","19,912.89","19,983.40","20,000.22","19,718.43","1.91B","-0.64%"
"06/20/2023","19,607.08","19,863.86","19,863.86","19,504.63","2.12B","-1.54%"
"06/21/2023","19,218.35","19,305.24","19,377.69","19,174.16","2.00B","-1.98%"
"06/23/2023","18,889.97","19,135.02","19,138.42","18,800.34","1.69B","-1.71%"
"06/26/2023","18,794.13","18,845.90","19,001.62","18,767.15","2.07B","-0.51%"
"06/27/2023","19,148.13","18,851.66","19,226.32","18,842.42","2.06B","1.88%"
"06/28/2023","19,172.05","19,099.39","19,222.13","19,019.26","1.68B","0.12%"
"06/29/2023","18,934.36","19,180.28","19,180.28","18,837.32","1.69B","-1.24%"
"06/30/2023","18,916.43","18,881.43","19,070.11","18,838.62","1.87B","-0.09%"
"07/03/2023","19,306.59","19,002.55","19,371.71","19,002.55","2.21B","2.06%"
"07/04/2023","19,415.68","19,289.06","19,449.11","19,253.22","1.99B","0.57%"
"07/05/2023","19,110.38","19,355.06","19,378.90","19,095.60","2.43B","-1.57%"
"07/06/2023","18,533.05","18,840.41","18,973.01","18,483.08","3.28B","-3.02%"
"07/07/2023","18,365.70","18,435.46","18,537.75","18,279.73","2.46B","-0.90%"
"07/10/2023","18,479.72","18,747.50","18,781.21","18,417.63","1.95B","0.62%"
"07/11/2023","18,659.83","18,671.42","18,806.55","18,573.67","2.11B","0.97%"
"07/12/2023","18,860.95","18,797.01","18,932.18","18,739.60","1.82B","1.08%"
"07/13/2023","19,350.62","19,181.31","19,368.92","19,163.21","2.73B","2.60%"
"07/14/2023","19,413.78","19,534.82","19,534.82","19,364.60","2.46B","0.33%"
"07/17/2023","19,413.78","19,413.78","19,413.78","19,413.78","","0.00%"
"07/18/2023","19,015.72","19,324.34","19,324.34","18,979.92","2.59B","-2.05%"
"07/19/2023","18,952.31","18,826.59","19,004.42","18,711.03","1.98B","-0.33%"
"07/20/2023","18,928.02","19,003.28","19,215.74","18,888.76","1.81B","-0.13%"
"07/21/2023","19,075.26","18,918.70","19,169.75","18,886.43","1.64B","0.78%"
"07/24/2023","18,668.15","18,867.61","18,946.56","18,562.12","2.21B","-2.13%"
"07/25/2023","19,434.40","19,172.28","19,465.27","19,111.82","3.67B","4.10%"
"07/26/2023","19,365.14","19,340.77","19,404.50","19,245.66","2.14B","-0.36%"
"07/27/2023","19,639.11","19,502.09","19,685.79","19,482.47","3.03B","1.41%"
"07/28/2023","19,916.56","19,418.48","19,940.59","19,381.90","3.09B","1.41%"
"07/31/2023","20,078.94","20,237.53","20,361.03","20,019.79","4.33B","0.82%"
"08/01/2023","20,011.12","20,211.20","20,331.28","19,891.81","3.01B","-0.34%"
"08/02/2023","19,517.38","19,902.77","19,981.00","19,475.15","2.96B","-2.47%"
"08/03/2023","19,420.87","19,404.14","19,650.16","19,369.06","2.49B","-0.49%"
"08/04/2023","19,539.46","19,671.13","19,857.39","19,461.61","2.77B","0.61%"
"08/07/2023","19,537.92","19,474.66","19,581.82","19,352.35","2.28B","-0.01%"
"08/08/2023","19,184.17","19,308.55","19,370.80","19,112.61","3.49B","-1.81%"
"08/09/2023","19,246.03","19,059.58","19,270.48","19,056.10","2.26B","0.32%"
"08/10/2023","19,248.26","19,125.00","19,315.17","19,030.39","2.60B","0.01%"
"08/11/2023","19,075.19","19,319.91","19,346.29","19,049.92","3.36B","-0.90%"
"08/14/2023","18,773.55","18,697.33","18,792.72","18,554.51","3.89B","-1.58%"
"08/15/2023","18,581.11","18,599.20","18,745.82","18,513.78","2.67B","-1.03%"
"08/16/2023","18,329.30","18,356.65","18,440.96","18,261.85","2.82B","-1.36%"
"08/17/2023","18,326.63","18,023.11","18,399.20","17,900.77","3.16B","-0.01%"
"08/18/2023","17,950.85","18,208.98","18,336.41","17,936.43","3.05B","-2.05%"
"08/21/2023","17,623.29","17,798.47","17,867.66","17,587.38","3.14B","-1.82%"
"08/22/2023","17,791.01","17,641.86","17,965.26","17,573.70","2.90B","0.95%"
"08/23/2023","17,845.92","17,762.76","18,000.53","17,730.79","2.50B","0.31%"
"08/24/2023","18,212.17","17,992.73","18,272.95","17,945.01","2.76B","2.05%"
"08/25/2023","17,956.38","18,037.60","18,137.65","17,956.38","2.47B","-1.40%"
"08/28/2023","18,130.74","18,519.08","18,564.43","18,113.23","2.99B","0.97%"
"08/29/2023","18,484.03","18,261.69","18,583.80","18,239.92","3.07B","1.95%"
"08/30/2023","18,482.86","18,659.96","18,742.14","18,427.22","3.29B","-0.01%"
"08/31/2023","18,382.06","18,580.47","18,667.18","18,312.76","4.07B","-0.55%"
"09/04/2023","18,844.16","18,592.53","18,899.49","18,575.45","4.04B","2.51%"
"09/05/2023","18,456.91","18,717.42","18,725.50","18,431.72","2.32B","-2.06%"
"09/06/2023","18,449.98","18,405.09","18,492.59","18,256.10","2.35B","-0.04%"
"09/07/2023","18,202.07","18,437.48","18,437.48","18,173.44","2.12B","-1.34%"
"09/11/2023","18,096.45","17,941.65","18,164.61","17,842.37","2.52B","-0.58%"
"09/12/2023","18,025.89","18,015.56","18,145.58","17,892.01","1.89B","-0.39%"
"09/13/2023","18,009.22","18,131.10","18,200.52","17,954.97","1.87B","-0.09%"
"09/14/2023","18,047.92","18,101.96","18,173.54","17,928.63","2.01B","0.21%"
"09/15/2023","18,182.89","18,154.01","18,372.65","18,030.79","2.78B","0.75%"
"09/18/2023","17,930.55","18,069.04","18,114.82","17,894.81","1.69B","-1.39%"
"09/19/2023","17,997.17","17,942.07","18,004.74","17,832.30","1.78B","0.37%"
"09/20/2023","17,885.60","17,939.25","17,995.38","17,833.20","1.66B","-0.62%"
"09/21/2023","17,655.41","17,795.80","17,823.82","17,623.87","2.05B","-1.29%"
"09/22/2023","18,057.45","17,578.26","18,078.69","17,573.81","1.92B","2.28%"
"09/25/2023","17,729.29","18,046.89","18,046.89","17,722.49","1.55B","-1.82%"
"09/26/2023","17,466.90","17,661.85","17,718.18","17,379.44","1.91B","-1.48%"
"09/27/2023","17,611.87","17,472.11","17,655.31","17,472.11","1.57B","0.83%"
"09/28/2023","17,373.03","17,587.08","17,627.73","17,352.83","2.00B","-1.36%"
"09/29/2023","17,809.66","17,484.95","17,935.15","17,482.39","1.84B","2.51%"
"10/03/2023","17,331.22","17,546.39","17,546.39","17,212.87","2.10B","-2.69%"
"10/04/2023","17,195.84","17,266.82","17,266.82","17,094.00","1.29B","-0.78%"
"10/05/2023","17,213.87","17,249.97","17,336.43","17,197.61","1.09B","0.10%"
"10/06/2023","17,485.98","17,370.03","17,603.80","17,370.03","1.14B","1.58%"
"10/09/2023","17,517.40","17,500.37","17,633.19","17,447.76","1.22B","0.18%"
"10/10/2023","17,664.73","17,726.63","17,916.62","17,638.01","1.60B","0.84%"
"10/11/2023","17,893.10","17,956.83","18,022.45","17,889.71","2.03B","1.29%"
"10/12/2023","18,238.21","18,258.26","18,290.91","18,175.35","3.86B","1.93%"
"10/13/2023","17,813.45","17,946.77","18,013.67","17,776.95","2.14B","-2.33%"
"10/16/2023","17,640.36","17,803.31","17,858.18","17,601.50","1.90B","-0.97%"
"10/17/2023","17,773.34","17,806.23","17,815.71","17,671.99","1.73B","0.75%"
"10/18/2023","17,732.52","17,728.25","17,831.18","17,625.89","1.94B","-0.23%"
"10/19/2023","17,295.89","17,540.46","17,540.46","17,292.36","2.27B","-2.46%"
"10/20/2023","17,172.13","17,127.26","17,309.74","17,118.07","1.99B","-0.72%"
"10/24/2023","16,991.53","17,053.15","17,139.53","16,879.66","2.12B","-1.05%"
"10/25/2023","17,085.33","17,465.43","17,465.82","17,001.43","2.50B","0.55%"
"10/26/2023","17,044.61","17,085.12","17,174.08","16,917.22","1.97B","-0.24%"
"10/27/2023","17,398.73","17,160.23","17,497.72","17,078.24","2.45B","2.08%"
"10/30/2023","17,406.36","17,225.65","17,406.36","17,225.65","2.67B","0.04%"
"10/31/2023","17,112.48","17,337.70","17,337.70","17,042.10","2.11B","-1.69%"
"11/01/2023","17,101.78","17,139.40","17,188.85","16,979.26","1.53B","-0.06%"
"11/02/2023","17,230.59","17,282.39","17,459.43","17,176.01","1.80B","0.75%"
"11/03/2023","17,664.12","17,405.91","17,729.43","17,352.60","2.00B","2.52%"
"11/06/2023","17,966.59","17,913.54","18,037.94","17,899.35","2.76B","1.71%"
"11/07/2023","17,670.16","17,850.59","17,890.63","17,658.91","1.97B","-1.65%"
"11/08/2023","17,568.46","17,650.51","17,753.59","17,537.20","2.14B","-0.58%"
"11/09/2023","17,511.29","17,553.26","17,617.27","17,457.00","1.64B","-0.33%"
"11/10/2023","17,203.26","17,350.87","17,350.87","17,177.53","1.67B","-1.76%"
"11/13/2023","17,426.21","17,263.00","17,456.08","17,126.61","1.44B","1.30%"
"11/14/2023","17,396.86","17,495.10","17,565.22","17,358.89","1.45B","-0.17%"
"11/15/2023","18,079.00","17,836.65","18,102.28","17,766.22","2.91B","3.92%"
"11/16/2023","17,832.82","18,174.69","18,174.69","17,722.86","1.88B","-1.36%"
"11/17/2023","17,454.19","17,584.32","17,631.04","17,413.46","1.95B","-2.12%"
"11/20/2023","17,778.07","17,625.84","17,788.90","17,532.73","1.96B","1.86%"
"11/21/2023","17,733.89","17,932.54","18,057.62","17,689.01","2.09B","-0.25%"
"11/22/2023","17,734.60","17,736.40","17,796.86","17,650.49","1.24B","0.00%"
"11/23/2023","17,910.84","17,680.05","17,927.36","17,577.31","1.67B","0.99%"
"11/24/2023","17,559.42","17,771.75","17,771.75","17,545.61","1.30B","-1.96%"
"11/27/2023","17,525.06","17,677.52","17,677.52","17,358.24","1.50B","-0.20%"
"11/28/2023","17,354.14","17,541.48","17,541.48","17,303.82","1.79B","-0.98%"
"11/29/2023","16,993.44","17,359.08","17,359.08","16,881.98","2.81B","-2.08%"
"11/30/2023","17,042.88","16,985.18","17,068.26","16,863.05","3.01B","0.29%"
"12/01/2023","16,830.30","17,019.17","17,038.98","16,830.30","2.43B","-1.25%"
"12/04/2023","16,646.05","16,919.08","16,941.91","16,617.03","2.48B","-1.09%"
"12/05/2023","16,327.86","16,606.54","16,606.54","16,228.52","2.68B","-1.91%"
"12/06/2023","16,463.26","16,311.96","16,600.36","16,234.84","1.99B","0.83%"
"12/07/2023","16,345.89","16,376.44","16,376.44","16,157.98","1.95B","-0.71%"
"12/08/2023","16,334.37","16,373.44","16,464.14","16,249.15","1.88B","-0.07%"
"12/11/2023","16,201.49","16,149.06","16,276.88","15,972.31","2.53B","-0.81%"
"12/12/2023","16,374.50","16,236.06","16,420.97","16,157.68","1.98B","1.07%"
"12/13/2023","16,228.75","16,311.71","16,326.95","16,145.25","1.86B","-0.89%"
"12/14/2023","16,402.19","16,419.74","16,577.75","16,319.22","2.34B","1.07%"
"12/15/2023","16,792.19","16,610.70","16,964.33","16,610.70","3.90B","2.38%"
"12/18/2023","16,629.23","16,669.82","16,713.41","16,572.88","1.57B","-0.97%"
"12/19/2023","16,505.00","16,551.44","16,579.55","16,408.02","1.52B","-0.75%"
"12/20/2023","16,613.81","16,647.95","16,741.05","16,549.49","1.65B","0.66%"
"12/21/2023","16,621.13","16,455.14","16,649.57","16,444.73","1.40B","0.04%"
"12/22/2023","16,340.41","16,743.06","16,857.84","16,271.50","2.20B","-1.69%"
"12/27/2023","16,624.84","16,561.78","16,673.57","16,439.26","2.23B","1.74%"
"12/28/2023","17,043.53","16,678.23","17,086.10","16,644.43","2.30B","2.52%"
"12/29/2023","17,047.39","17,066.52","17,095.12","16,950.90","1.57B","0.02%"
"01/02/2024","16,788.55","17,135.12","17,135.12","16,725.28","1.72B","-1.52%"
"01/03/2024","16,646.41","16,624.92","16,657.51","16,564.80","1.58B","-0.85%"
"01/04/2024","16,645.98","16,673.40","16,673.40","16,516.33","1.79B","0.00%"
"01/05/2024","16,535.33","16,573.12","16,745.73","16,455.57","1.94B","-0.66%"
"01/08/2024","16,224.45","16,581.86","16,592.06","16,144.56","2.23B","-1.88%"
"01/09/2024","16,190.02","16,256.10","16,414.79","16,190.02","1.94B","-0.21%"
"01/10/2024","16,097.28","16,143.97","16,247.30","16,036.42","1.79B","-0.57%"
"01/11/2024","16,302.04","16,154.17","16,459.92","16,106.83","1.97B","1.27%"
"01/12/2024","16,244.58","16,216.97","16,393.74","16,185.91","1.53B","-0.35%"
"01/15/2024","16,216.33","16,258.28","16,334.71","16,104.50","1.37B","-0.17%"
"01/16/2024","15,865.92","16,030.25","16,197.04","15,834.41","2.14B","-2.16%"
"01/17/2024","15,276.90","15,764.38","15,764.38","15,194.94","3.95B","-3.71%"
"01/18/2024","15,391.79","15,301.19","15,463.69","15,183.96","2.82B","0.75%"
"01/19/2024","15,308.69","15,404.69","15,540.75","15,207.99","2.24B","-0.54%"
"01/22/2024","14,961.18","15,349.05","15,362.91","14,794.16","2.81B","-2.27%"
"01/23/2024","15,353.98","15,038.33","15,516.80","14,994.37","2.80B","2.63%"
"01/24/2024","15,899.87","15,602.45","15,975.11","15,412.10","3.60B","3.56%"
"01/25/2024","16,211.96","15,989.94","16,254.93","15,828.93","4.10B","1.96%"
"01/26/2024","15,952.23","16,158.72","16,240.96","15,888.04","3.31B","-1.60%"
"01/29/2024","16,077.24","16,046.25","16,258.45","16,012.59","2.92B","0.78%"
"01/30/2024","15,703.45","15,896.66","15,896.66","15,654.97","2.57B","-2.32%"
"01/31/2024","15,485.07","15,652.05","15,744.04","15,411.66","2.59B","-1.39%"
"02/01/2024","15,566.21","15,522.86","15,805.06","15,434.82","2.45B","0.52%"
"02/02/2024","15,533.56","15,756.12","15,912.61","15,435.85","2.48B","-0.21%"
"02/05/2024","15,510.01","15,336.86","15,669.77","15,336.86","2.31B","-0.15%"
"02/06/2024","16,136.87","15,541.23","16,154.05","15,541.23","3.31B","4.04%"
"02/07/2024","16,081.89","16,282.39","16,408.15","16,035.43","2.81B","-0.34%"
"02/08/2024","15,878.07","15,988.62","16,093.52","15,821.86","1.94B","-1.27%"
"02/09/2024","15,746.58","15,709.30","15,754.01","15,531.03","745.47M","-0.83%"
"02/14/2024","15,879.38","15,579.41","15,911.05","15,456.32","1.40B","0.84%"
"02/15/2024","15,944.63","15,824.21","16,029.02","15,751.36","1.06B","0.41%"
"02/16/2024","16,339.96","16,007.54","16,394.16","15,937.28","1.74B","2.48%"
"02/19/2024","16,155.61","16,334.47","16,334.47","16,137.98","2.19B","-1.13%"
"02/20/2024","16,247.51","16,222.09","16,274.56","16,055.08","2.21B","0.57%"
"02/21/2024","16,503.10","16,182.93","16,756.01","16,138.81","3.84B","1.57%"
"02/22/2024","16,742.95","16,489.84","16,742.95","16,424.79","2.74B","1.45%"
"02/23/2024","16,725.86","16,654.68","16,895.82","16,654.68","2.90B","-0.10%"
"02/26/2024","16,634.74","16,684.96","16,777.41","16,590.71","2.25B","-0.54%"
"02/27/2024","16,790.80","16,645.63","16,828.67","16,453.50","2.42B","0.94%"
"02/28/2024","16,536.85","16,833.61","16,844.33","16,517.84","2.59B","-1.51%"
"02/29/2024","16,511.44","16,429.57","16,695.36","16,429.57","3.38B","-0.15%"
"03/01/2024","16,589.44","16,390.89","16,651.67","16,321.12","2.88B","0.47%"
"03/04/2024","16,595.97","16,629.55","16,645.96","16,473.65","2.52B","0.04%"
"03/05/2024","16,162.64","16,343.95","16,450.37","16,095.68","2.70B","-2.61%"
"03/06/2024","16,438.09","16,167.45","16,545.05","16,145.22","2.49B","1.70%"
"03/07/2024","16,229.78","16,417.77","16,512.41","16,136.12","2.54B","-1.27%"
"03/08/2024","16,353.39","16,275.39","16,489.73","16,275.39","2.60B","0.76%"
"03/11/2024","16,587.57","16,416.17","16,625.64","16,416.17","2.49B","1.43%"
"03/12/2024","17,093.50","16,701.95","17,154.87","16,613.45","4.00B","3.05%"
"03/13/2024","17,082.11","17,059.11","17,214.67","17,050.87","2.80B","-0.07%"
"03/14/2024","16,961.66","17,120.54","17,209.82","16,878.11","2.70B","-0.71%"
"03/15/2024","16,720.89","16,758.36","16,821.13","16,550.42","3.78B","-1.42%"
"03/18/2024","16,737.12","16,690.26","16,801.64","16,641.58","2.24B","0.10%"
"03/19/2024","16,529.48","16,628.07","16,682.54","16,492.09","2.43B","-1.24%"
"03/20/2024","16,543.07","16,559.01","16,654.08","16,430.12","2.29B","0.08%"
"03/21/2024","16,863.10","16,762.83","16,973.52","16,762.83","3.22B","1.93%"
"03/22/2024","16,499.47","16,745.27","16,747.20","16,341.61","3.11B","-2.16%"
"03/25/2024","16,473.64","16,531.95","16,612.64","16,441.30","2.62B","-0.16%"
"03/26/2024","16,618.32","16,548.50","16,728.90","16,452.55","2.75B","0.88%"
"03/27/2024","16,392.84","16,530.44","16,612.00","16,354.81","2.77B","-1.36%"
"03/28/2024","16,541.42","16,378.40","16,725.61","16,345.90","3.20B","0.91%"
"04/02/2024","16,931.52","16,811.74","17,007.34","16,811.74","3.98B","2.36%"
"04/03/2024","16,725.10","16,926.85","16,926.85","16,689.19","2.67B","-1.22%"
"04/05/2024","16,723.92","16,787.93","16,839.55","16,480.36","1.80B","-0.01%"
"04/08/2024","16,732.85","16,650.83","16,895.06","16,580.53","2.64B","0.05%"
"04/09/2024","16,828.07","16,819.18","17,006.85","16,805.99","2.12B","0.57%"
"04/10/2024","17,139.17","16,926.02","17,190.50","16,918.36","2.55B","1.85%"
"04/11/2024","17,095.03","16,856.19","17,141.36","16,856.19","2.48B","-0.26%"
"04/12/2024","16,721.69","16,978.70","17,031.31","16,721.69","2.84B","-2.18%"
"04/15/2024","16,600.46","16,487.36","16,647.09","16,465.40","2.56B","-0.72%"
"04/16/2024","16,248.97","16,367.69","16,449.24","16,208.64","3.09B","-2.12%"
"04/17/2024","16,251.84","16,225.54","16,316.69","16,155.83","2.45B","0.02%"
"04/18/2024","16,385.87","16,253.24","16,507.60","16,206.55","3.23B","0.82%"
"04/19/2024","16,224.14","16,246.34","16,254.90","16,044.45","3.39B","-0.99%"
"04/22/2024","16,511.69","16,410.83","16,637.82","16,410.83","2.92B","1.77%"
"04/23/2024","16,828.93","16,679.39","16,846.13","16,599.21","2.99B","1.92%"
"04/24/2024","17,201.27","16,993.17","17,217.86","16,934.65","3.31B","2.21%"
"04/25/2024","17,284.54","17,144.12","17,438.83","17,109.57","3.15B","0.48%"
"04/26/2024","17,651.15","17,336.20","17,758.24","17,336.20","3.85B","2.12%"
"04/29/2024","17,746.91","17,737.93","18,031.16","17,679.19","4.85B","0.54%"
"04/30/2024","17,763.03","17,843.44","17,902.02","17,686.94","3.68B","0.09%"
"05/02/2024","18,207.13","17,760.68","18,217.82","17,740.62","2.42B","2.50%"
"05/03/2024","18,475.92","18,543.30","18,604.17","18,362.22","2.48B","1.48%"
"05/06/2024","18,578.30","18,488.55","18,590.17","18,389.54","3.44B","0.55%"
"05/07/2024","18,479.37","18,577.55","18,638.81","18,411.02","2.49B","-0.53%"
"05/08/2024","18,313.86","18,510.54","18,606.56","18,298.36","2.91B","-0.90%"
"05/09/2024","18,537.81","18,306.25","18,560.76","18,278.11","2.90B","1.22%"
"05/10/2024","18,963.68","18,669.43","18,993.28","18,657.51","6.51B","2.30%"
"05/13/2024","19,115.06","18,904.58","19,123.48","18,827.60","3.76B","0.80%"
"05/14/2024","19,073.71","19,203.82","19,301.13","19,072.64","3.46B","-0.22%"
"05/16/2024","19,376.53","19,262.79","19,442.90","19,114.38","5.81B","1.59%"
"05/17/2024","19,553.61","19,525.12","19,602.24","19,342.96","4.38B","0.91%"
"05/20/2024","19,636.22","19,621.43","19,706.12","19,574.56","3.50B","0.42%"
"05/21/2024","19,220.62","19,473.67","19,487.36","19,175.80","3.52B","-2.12%"
"05/22/2024","19,195.60","19,225.26","19,359.68","19,149.41","2.84B","-0.13%"
"05/23/2024","18,868.71","19,024.41","19,024.41","18,776.21","3.17B","-1.70%"
"05/24/2024","18,608.94","18,742.28","18,867.91","18,532.41","3.55B","-1.38%"
"05/27/2024","18,827.35","18,606.02","18,871.13","18,504.53","2.91B","1.17%"
"05/28/2024","18,821.16","18,814.01","19,000.52","18,776.10","2.43B","-0.03%"
"05/29/2024","18,477.01","18,659.41","18,694.55","18,425.09","3.22B","-1.83%"
"05/30/2024","18,230.19","18,423.78","18,537.92","18,163.21","3.49B","-1.34%"
"05/31/2024","18,079.61","18,409.62","18,551.18","18,077.39","5.34B","-0.83%"
"06/03/2024","18,403.04","18,283.56","18,573.81","18,283.56","3.14B","1.79%"
"06/04/2024","18,444.11","18,335.45","18,541.03","18,335.45","2.97B","0.22%"
"06/05/2024","18,424.96","18,489.78","18,724.62","18,375.27","3.25B","-0.10%"
"06/06/2024","18,476.80","18,577.58","18,700.68","18,383.80","2.80B","0.28%"
"06/07/2024","18,366.95","18,562.48","18,575.69","18,302.33","3.31B","-0.59%"
"06/11/2024","18,176.34","18,163.12","18,267.69","17,994.10","3.53B","-1.04%"
"06/12/2024","17,937.84","18,032.40","18,063.72","17,848.76","3.14B","-1.31%"
"06/13/2024","18,112.63","18,104.13","18,173.53","17,971.57","2.33B","0.97%"
"06/14/2024","17,941.78","18,028.07","18,109.89","17,927.16","2.62B","-0.94%"
"06/17/2024","17,936.12","17,848.87","18,122.80","17,752.96","2.12B","-0.03%"
"06/18/2024","17,915.55","17,961.89","18,043.48","17,854.79","2.55B","-0.11%"
"06/19/2024","18,430.39","18,056.22","18,448.66","18,039.01","3.51B","2.87%"
"06/20/2024","18,335.32","18,453.63","18,520.37","18,274.20","2.68B","-0.52%"
"06/21/2024","18,028.52","18,199.14","18,240.13","17,968.37","3.43B","-1.67%"
"06/24/2024","18,027.71","17,906.36","18,032.67","17,789.57","2.72B","0.00%"
"06/25/2024","18,072.90","18,088.02","18,231.46","17,959.07","2.33B","0.25%"
"06/26/2024","18,089.93","17,934.63","18,156.35","17,934.63","2.31B","0.09%"
"06/27/2024","17,716.47","17,946.00","17,961.92","17,677.33","2.81B","-2.06%"
"06/28/2024","17,718.61","17,583.19","17,865.47","17,583.19","2.83B","0.01%"
"07/02/2024","17,769.14","17,669.42","17,986.14","17,669.42","3.37B","0.29%"
"07/03/2024","17,978.57","17,841.77","18,017.76","17,808.27","3.09B","1.18%"
"07/04/2024","18,028.28","18,079.72","18,133.30","17,942.08","2.99B","0.28%"
"07/05/2024","17,799.61","18,035.77","18,105.01","17,799.61","2.89B","-1.27%"
"07/08/2024","17,524.06","17,667.97","17,735.58","17,453.56","2.35B","-1.55%"
"07/09/2024","17,523.23","17,481.00","17,617.64","17,376.48","2.62B","0.00%"
"07/10/2024","17,471.67","17,613.50","17,765.88","17,455.08","2.64B","-0.29%"
"07/11/2024","17,832.33","17,629.13","17,864.09","17,621.05","2.23B","2.06%"
"07/12/2024","18,293.38","18,020.17","18,317.31","18,020.17","3.06B","2.59%"
"07/15/2024","18,015.94","18,201.48","18,243.39","17,946.49","2.33B","-1.52%"
"07/16/2024","17,727.98","17,845.06","17,899.55","17,727.98","2.33B","-1.60%"
"07/17/2024","17,739.41","17,741.77","17,807.68","17,658.68","2.76B","0.06%"
"07/18/2024","17,778.41","17,653.23","17,864.12","17,623.74","2.02B","0.22%"
"07/19/2024","17,417.68","17,603.80","17,629.97","17,376.23","2.81B","-2.03%"
"07/22/2024","17,635.88","17,465.13","17,693.35","17,313.88","2.13B","1.25%"
"07/23/2024","17,469.36","17,679.55","17,707.68","17,451.86","2.22B","-0.94%"
"07/24/2024","17,311.05","17,454.43","17,516.95","17,251.26","2.21B","-0.91%"
"07/25/2024","17,004.97","17,260.83","17,288.46","16,964.52","2.60B","-1.77%"
"07/26/2024","17,021.31","17,079.67","17,229.19","16,924.58","2.37B","0.10%"
"07/29/2024","17,238.34","17,196.45","17,358.66","17,154.12","2.26B","1.28%"
"07/30/2024","17,002.91","17,194.37","17,194.37","16,971.60","2.55B","-1.37%"
"07/31/2024","17,344.60","17,070.86","17,400.24","17,015.83","2.68B","2.01%"
"08/01/2024","17,304.96","17,327.85","17,408.95","17,248.12","1.93B","-0.23%"
"08/02/2024","16,945.51","17,025.26","17,075.52","16,865.93","2.43B","-2.08%"
"08/05/2024","16,698.36","16,676.82","16,944.59","16,441.44","3.67B","-1.46%"
"08/06/2024","16,647.34","16,861.30","16,908.97","16,611.14","2.43B","-0.31%"
"08/07/2024","16,877.86","16,684.78","16,988.26","16,684.78","2.27B","1.38%"
"08/08/2024","16,891.83","16,773.04","17,023.10","16,665.06","2.11B","0.08%"
"08/09/2024","17,090.23","17,097.36","17,252.22","17,079.35","2.15B","1.17%"
"08/12/2024","17,111.65","17,102.98","17,162.76","17,002.93","1.79B","0.13%"
"08/13/2024","17,174.06","17,160.21","17,252.88","17,074.69","1.94B","0.36%"
"08/14/2024","17,113.36","17,233.68","17,254.23","17,055.70","1.57B","-0.35%"
"08/15/2024","17,109.14","17,008.21","17,283.65","16,926.47","2.41B","-0.02%"
"08/16/2024","17,430.16","17,286.04","17,473.89","17,255.86","2.55B","1.88%"
"08/19/2024","17,569.57","17,569.66","17,685.86","17,547.65","2.36B","0.80%"
"08/20/2024","17,511.08","17,661.69","17,661.69","17,449.99","1.96B","-0.33%"
"08/21/2024","17,391.01","17,313.86","17,415.48","17,232.13","2.06B","-0.69%"
"08/22/2024","17,641.00","17,497.63","17,652.80","17,389.94","2.95B","1.44%"
"08/23/2024","17,612.10","17,521.18","17,635.70","17,493.08","2.05B","-0.16%"
"08/26/2024","17,798.73","17,709.27","17,826.05","17,709.27","1.97B","1.06%"
"08/27/2024","17,874.67","17,663.80","17,879.27","17,624.42","2.70B","0.43%"
"08/28/2024","17,692.45","17,847.99","17,879.01","17,659.29","2.18B","-1.02%"
"08/29/2024","17,786.32","17,614.41","17,797.17","17,502.53","2.86B","0.53%"
"08/30/2024","17,989.07","17,794.41","18,202.60","17,778.10","4.75B","1.14%"
"09/02/2024","17,691.97","17,862.59","17,862.59","17,645.92","3.08B","-1.65%"
"09/03/2024","17,651.49","17,665.93","17,725.51","17,583.70","2.47B","-0.23%"
"09/04/2024","17,457.34","17,474.74","17,531.05","17,333.30","2.60B","-1.10%"
"09/05/2024","17,444.30","17,469.96","17,555.61","17,332.49","2.56B","-0.07%"
"09/09/2024","17,196.96","17,261.89","17,305.91","17,067.45","3.84B","-1.42%"
"09/10/2024","17,234.09","17,205.42","17,297.95","17,133.50","2.79B","0.22%"
"09/11/2024","17,108.71","17,051.84","17,124.96","16,964.28","3.07B","-0.73%"
"09/12/2024","17,240.39","17,177.30","17,334.19","17,127.25","2.37B","0.77%"
"09/13/2024","17,369.09","17,298.35","17,540.81","17,298.35","2.14B","0.75%"
"09/16/2024","17,422.12","17,252.77","17,422.12","17,177.08","1.13B","0.31%"
"09/17/2024","17,660.02","17,386.75","17,715.77","17,368.14","1.67B","1.37%"
"09/19/2024","18,013.16","17,633.93","18,071.10","17,602.45","3.44B","2.00%"
"09/20/2024","18,258.57","18,069.33","18,355.15","18,047.13","4.01B","1.36%"
"09/23/2024","18,247.11","18,237.41","18,426.92","18,212.58","2.72B","-0.06%"
"09/24/2024","19,000.56","18,573.92","19,002.05","18,532.28","6.01B","4.13%"
"09/25/2024","19,129.10","19,592.43","19,592.43","19,072.72","6.51B","0.68%"
"09/26/2024","19,924.58","19,302.57","19,954.06","19,176.58","7.43B","4.16%"
"09/27/2024","20,632.30","20,446.74","20,743.20","20,268.63","9.66B","3.55%"
"09/30/2024","21,133.68","21,175.41","21,488.75","20,789.93","10.36B","2.43%"
"10/02/2024","22,443.73","21,289.60","22,667.74","21,289.60","7.70B","6.20%"
"10/03/2024","22,113.51","22,484.04","22,484.04","21,442.25","4.94B","-1.47%"
"10/04/2024","22,736.87","22,015.08","22,742.36","21,824.68","4.62B","2.82%"
"10/07/2024","23,099.78","22,948.35","23,241.74","22,719.91","5.10B","1.60%"
"10/08/2024","20,926.79","22,849.23","22,902.36","20,762.82","11.26B","-9.41%"
"10/09/2024","20,637.24","21,290.04","21,417.75","20,190.53","7.95B","-1.38%"
"10/10/2024","21,251.98","21,046.00","21,622.65","20,983.94","6.04B","2.98%"
"10/14/2024","21,092.87","21,228.65","21,348.86","20,693.75","5.74B","-0.75%"
"10/15/2024","20,318.79","21,046.19","21,095.01","20,154.71","4.91B","-3.67%"
"10/16/2024","20,286.85","20,144.75","20,548.18","20,131.34","4.16B","-0.16%"
"10/17/2024","20,079.10","20,471.99","20,783.35","19,977.35","3.65B","-1.02%"
"10/18/2024","20,804.11","20,106.65","20,952.99","20,058.67","4.59B","3.61%"
"10/21/2024","20,478.46","20,730.95","20,845.57","20,423.09","3.78B","-1.57%"
"10/22/2024","20,498.95","20,433.49","20,629.48","20,380.04","2.56B","0.10%"
"10/23/2024","20,760.15","20,525.44","20,942.26","20,448.84","3.54B","1.27%"
"10/24/2024","20,489.62","20,576.05","20,685.46","20,448.46","2.73B","-1.30%"
"10/25/2024","20,590.15","20,521.95","20,784.47","20,521.95","2.98B","0.49%"
"10/28/2024","20,599.36","20,592.74","20,669.41","20,428.94","2.98B","0.04%"
"10/29/2024","20,701.14","20,729.98","20,890.08","20,563.74","3.14B","0.49%"
"10/30/2024","20,380.64","20,586.55","20,681.52","20,270.07","3.63B","-1.55%"
"10/31/2024","20,317.33","20,414.20","20,553.30","20,317.33","3.24B","-0.31%"
"11/01/2024","20,506.43","20,427.88","20,667.22","20,353.34","3.28B","0.93%"
"11/04/2024","20,567.52","20,584.45","20,633.58","20,446.26","2.46B","0.30%"
"11/05/2024","21,006.97","20,409.94","21,006.97","20,409.94","3.15B","2.14%"
"11/06/2024","20,538.38","20,791.80","20,859.66","20,361.92","3.90B","-2.23%"
"11/07/2024","20,953.34","20,386.36","20,986.31","20,370.44","4.32B","2.02%"
"11/08/2024","20,728.19","21,199.96","21,355.44","20,705.12","4.15B","-1.07%"
"11/11/2024","20,426.93","20,258.14","20,505.01","20,151.38","3.65B","-1.45%"
"11/12/2024","19,846.88","20,334.09","20,517.24","19,761.31","4.32B","-2.84%"
"11/13/2024","19,823.45","19,671.92","19,840.28","19,608.32","2.86B","-0.12%"
"11/14/2024","19,435.81","19,626.26","19,859.17","19,392.59","3.31B","-1.96%"
"11/15/2024","19,426.34","19,503.03","19,608.24","19,332.34","2.95B","-0.05%"
"11/18/2024","19,576.61","19,595.50","19,781.08","19,470.43","3.18B","0.77%"
"11/19/2024","19,663.67","19,699.81","19,758.57","19,522.59","2.53B","0.44%"
"11/20/2024","19,705.01","19,623.39","19,752.93","19,575.91","2.06B","0.21%"
"11/21/2024","19,601.11","19,646.04","19,764.62","19,552.50","2.08B","-0.53%"
"11/22/2024","19,229.97","19,613.55","19,711.40","19,134.59","3.24B","-1.89%"
"11/25/2024","19,150.99","19,307.34","19,351.06","19,102.06","4.39B","-0.41%"
"11/26/2024","19,159.20","19,054.40","19,295.75","19,054.40","2.38B","0.04%"
"11/27/2024","19,603.13","19,187.05","19,660.99","19,061.60","2.37B","2.32%"
"11/28/2024","19,366.96","19,558.18","19,558.18","19,312.26","2.16B","-1.20%"
"11/29/2024","19,423.61","19,346.62","19,658.20","19,312.41","2.49B","0.29%"
"12/02/2024","19,550.29","19,442.31","19,690.22","19,387.20","2.39B","0.65%"
"12/03/2024","19,746.32","19,585.35","19,768.32","19,386.82","2.63B","1.00%"
"12/04/2024","19,742.46","19,722.15","19,823.09","19,615.61","2.59B","-0.02%"
"12/05/2024","19,560.44","19,578.66","19,642.73","19,466.69","2.01B","-0.92%"
"12/06/2024","19,865.85","19,611.62","19,934.72","19,566.29","3.49B","1.56%"
"12/09/2024","20,414.09","19,732.28","20,433.73","19,695.51","3.96B","2.76%"
"12/10/2024","20,311.28","21,070.05","21,070.05","20,308.86","4.47B","-0.50%"
"12/11/2024","20,155.05","20,404.50","20,481.37","20,100.07","2.30B","-0.77%"
"12/12/2024","20,397.05","20,213.24","20,546.44","20,121.47","2.78B","1.20%"
"12/13/2024","19,971.24","20,238.21","20,238.21","19,927.27","3.11B","-2.09%"
"12/16/2024","19,795.49","19,947.23","20,049.21","19,726.15","2.70B","-0.88%"
"12/17/2024","19,700.48","19,678.03","19,930.83","19,620.63","2.79B","-0.48%"
"12/18/2024","19,864.55","19,884.54","19,953.53","19,802.22","2.29B","0.83%"
"12/19/2024","19,752.51","19,610.10","19,849.03","19,591.49","2.39B","-0.56%"
"12/20/2024","19,720.70","19,697.06","19,875.90","19,692.68","3.50B","-0.16%"
"12/23/2024","19,883.13","19,843.65","19,937.39","19,746.46","3.40B","0.82%"
"12/24/2024","20,098.29","19,911.50","20,165.46","19,908.57","2.21B","1.08%"
"12/27/2024","20,090.46","20,083.44","20,184.88","20,009.95","2.91B","-0.04%"
"12/30/2024","20,041.42","20,124.75","20,193.09","19,968.07","2.72B","-0.24%"
"12/31/2024","20,059.95","20,003.36","20,180.40","20,003.36","1.72B","0.09%"
"01/02/2025","19,623.32","19,932.80","19,932.80","19,542.98","4.03B","-2.18%"
"01/03/2025","19,760.27","19,708.74","19,891.86","19,634.07","3.39B","0.70%"
"01/06/2025","19,688.29","19,848.71","19,851.55","19,627.84","2.47B","-0.36%"
"01/07/2025","19,447.58","19,501.45","19,668.65","19,252.61","3.58B","-1.22%"
"01/08/2025","19,279.84","19,390.76","19,483.59","19,111.54","3.23B","-0.86%"
"01/09/2025","19,240.89","19,254.38","19,405.74","19,227.73","2.46B","-0.20%"
"01/10/2025","19,064.29","19,328.07","19,370.49","19,036.64","2.61B","-0.92%"
"01/13/2025","18,874.14","18,918.15","18,929.12","18,671.49","2.75B","-1.00%"
"01/14/2025","19,219.78","18,901.56","19,318.36","18,901.56","2.84B","1.83%"
"01/15/2025","19,286.07","19,149.94","19,319.22","19,149.94","2.45B","0.34%"
"01/16/2025","19,522.89","19,454.92","19,664.39","19,345.19","2.71B","1.23%"
"01/17/2025","19,584.06","19,499.10","19,640.37","19,423.70","2.44B","0.31%"
"01/20/2025","19,925.81","19,804.64","20,093.65","19,786.73","2.76B","1.75%"
"01/21/2025","20,106.55","20,128.34","20,205.25","19,920.31","2.41B","0.91%"
"01/22/2025","19,778.77","19,997.09","20,022.34","19,733.21","2.28B","-1.63%"
"01/23/2025","19,700.56","19,881.32","20,044.06","19,644.83","3.06B","-0.40%"
"01/24/2025","20,066.19","19,842.85","20,144.00","19,768.13","3.21B","1.86%"
"01/27/2025","20,197.77","20,118.02","20,296.94","20,118.02","2.75B","0.66%"
"01/28/2025","20,225.11","20,337.46","20,337.46","20,165.73","945.17M","0.14%"
"02/03/2025","20,217.26","20,048.87","20,222.00","19,764.67","2.22B","-0.04%"
"02/04/2025","20,789.96","20,488.29","20,885.49","20,297.64","2.85B","2.83%"
"02/05/2025","20,597.09","20,827.77","20,827.77","20,417.39","2.97B","-0.93%"
"02/06/2025","20,891.62","20,598.98","20,891.62","20,532.06","2.96B","1.43%"
"02/07/2025","21,133.54","20,858.52","21,213.70","20,806.10","4.13B","1.16%"
"02/10/2025","21,521.98","21,223.61","21,539.63","21,223.61","3.74B","1.84%"
"02/11/2025","21,294.86","21,656.82","21,682.41","21,279.37","3.58B","-1.06%"
"02/12/2025","21,857.92","21,526.41","21,858.83","21,411.09","4.87B","2.64%"
"02/13/2025","21,814.37","21,958.69","22,523.57","21,735.56","6.49B","-0.20%"
"02/14/2025","22,620.33","22,027.07","22,620.33","22,027.07","6.06B","3.69%"
"02/17/2025","22,616.23","22,755.06","22,977.25","22,319.32","6.74B","-0.02%"
"02/18/2025","22,976.81","22,664.73","23,141.41","22,608.18","5.22B","1.59%"
"02/19/2025","22,944.24","22,777.46","22,975.34","22,649.49","4.08B","-0.14%"
"02/20/2025","22,576.98","22,716.71","22,849.66","22,436.13","4.20B","-1.60%"
"02/21/2025","23,477.92","23,090.03","23,477.92","22,901.69","6.17B","3.99%"
"02/24/2025","23,341.61","23,472.14","23,688.45","23,221.57","5.26B","-0.58%"
"02/25/2025","23,034.02","22,716.48","23,248.52","22,716.48","4.45B","-1.32%"
"02/26/2025","23,787.93","23,238.34","23,973.17","23,238.34","5.14B","3.27%"
"02/27/2025","23,718.29","23,783.75","24,076.53","23,441.74","6.26B","-0.29%"
"02/28/2025","22,941.32","23,616.18","23,616.18","22,798.34","6.58B","-3.28%"
"03/03/2025","23,006.27","23,135.12","23,405.98","22,861.75","4.34B","0.28%"
"03/04/2025","22,941.77","22,678.25","23,051.01","22,547.53","3.99B","-0.28%"
"03/05/2025","23,594.21","23,200.42","23,636.65","23,090.63","4.08B","2.84%"
"03/06/2025","24,369.71","23,987.09","24,410.93","23,987.09","4.89B","3.29%"
"03/07/2025","24,231.30","24,182.02","24,669.62","24,065.01","4.83B","-0.57%"
"03/10/2025","23,783.49","24,115.98","24,292.80","23,632.42","3.68B","-1.85%"
"03/11/2025","23,782.14","23,274.86","23,858.61","23,238.36","3.55B","-0.01%"
"03/12/2025","23,600.31","23,859.23","23,962.03","23,363.98","3.63B","-0.76%"
"03/13/2025","23,462.65","23,616.33","23,712.61","23,198.73","3.23B","-0.58%"
"03/14/2025","23,959.98","23,653.33","24,113.53","23,454.49","4.26B","2.12%"
"03/17/2025","24,145.57","24,226.00","24,352.47","24,077.15","3.28B","0.77%"
"03/18/2025","24,740.57","24,679.35","24,745.13","24,475.26","3.93B","2.46%"
"03/19/2025","24,771.14","24,697.63","24,874.39","24,601.73","3.59B","0.12%"
"03/20/2025","24,219.95","24,753.15","24,753.15","24,186.69","4.10B","-2.23%"
"03/21/2025","23,689.72","24,109.07","24,230.72","23,577.78","4.93B","-2.19%"
"03/24/2025","23,905.56","23,749.58","23,967.51","23,531.20","3.39B","0.91%"
"03/25/2025","23,344.25","23,643.32","23,747.32","23,321.67","4.23B","-2.35%"
"03/26/2025","23,483.32","23,460.31","23,596.85","23,350.73","3.12B","0.60%"
"03/27/2025","23,578.80","23,543.86","23,865.62","23,372.36","3.79B","0.41%"
"03/28/2025","23,426.60","23,672.82","23,775.30","23,254.30","3.54B","-0.65%"
"03/31/2025","23,119.58","23,207.07","23,399.73","23,002.81","4.75B","-1.31%"
"04/01/2025","23,206.84","23,217.11","23,456.58","23,123.35","3.98B","0.38%"
"04/02/2025","23,202.53","23,167.31","23,393.03","22,980.96","3.57B","-0.02%"
"04/03/2025","22,849.81","22,638.21","22,998.30","22,638.21","4.25B","-1.52%"
"04/07/2025","19,828.30","20,730.05","21,047.83","19,706.03","12.69B","-13.22%"
"04/08/2025","20,127.68","20,157.52","20,454.26","19,745.14","8.42B","1.51%"
"04/09/2025","20,264.49","19,494.92","20,441.14","19,260.21","8.67B","0.68%"
"04/10/2025","20,681.78","20,810.43","21,211.13","20,530.43","6.61B","2.06%"
"04/11/2025","20,914.69","20,557.49","21,127.37","20,444.04","5.14B","1.13%"
"04/14/2025","21,417.40","21,363.88","21,517.32","21,224.55","4.54B","2.40%"
"04/15/2025","21,466.27","21,603.52","21,603.52","21,297.59","2.94B","0.23%"
"04/16/2025","21,056.98","21,316.47","21,363.57","20,868.36","3.44B","-1.91%"
"04/17/2025","21,395.14","21,066.81","21,417.64","21,039.16","2.89B","1.61%"
"04/22/2025","21,562.32","21,303.51","21,592.67","21,191.02","3.88B","0.78%"
"04/23/2025","22,072.62","22,080.19","22,138.81","21,862.87","3.59B","2.37%"
"04/24/2025","21,909.76","22,030.15","22,093.68","21,712.10","2.99B","-0.74%"
"04/25/2025","21,980.74","22,080.44","22,267.96","21,923.90","3.03B","0.32%"
"04/28/2025","21,971.96","22,072.35","22,072.35","21,817.85","2.47B","-0.04%"
"04/29/2025","22,008.11","22,073.36","22,213.51","21,918.10","3.05B","0.16%"
"04/30/2025","22,119.41","22,038.73","22,129.31","21,848.33","4.68B","0.51%"
"05/02/2025","22,504.68","22,192.51","22,532.54","22,058.30","1.83B","1.74%"
"05/06/2025","22,662.71","22,576.56","22,747.63","22,449.16","3.32B","0.70%"
"05/07/2025","22,691.88","23,169.83","23,197.57","22,691.88","3.69B","0.13%"
"05/08/2025","22,775.92","22,589.13","22,979.29","22,589.13","2.77B","0.37%"
"05/09/2025","22,867.74","22,856.21","22,907.91","22,692.44","2.64B","0.40%"
"05/12/2025","23,549.46","23,183.81","23,685.34","22,982.91","5.16B","2.98%"
"05/13/2025","23,108.27","23,494.44","23,494.44","23,070.48","3.48B","-1.87%"
"05/14/2025","23,640.65","23,316.45","23,640.65","23,278.22","3.74B","2.30%"
"05/15/2025","23,453.16","23,644.40","23,710.82","23,371.73","2.89B","-0.79%"
"05/16/2025","23,345.05","23,249.16","23,374.70","23,190.31","2.76B","-0.46%"
"05/19/2025","23,332.72","23,156.27","23,402.20","23,059.89","2.81B","-0.05%"
"05/20/2025","23,681.48","23,398.35","23,709.04","23,357.00","3.29B","1.49%"
"05/21/2025","23,827.78","23,736.43","23,917.00","23,697.76","3.46B","0.62%"
"05/22/2025","23,544.31","23,748.58","23,778.24","23,470.81","3.40B","-1.19%"
"05/23/2025","23,601.26","23,557.38","23,749.38","23,487.40","3.35B","0.24%"
"05/26/2025","23,282.33","23,505.90","23,571.02","23,234.27","3.38B","-1.35%"
"05/27/2025","23,381.99","23,216.87","23,419.55","23,167.56","3.08B","0.43%"
"05/28/2025","23,258.31","23,385.18","23,476.22","23,180.17","2.87B","-0.53%"
"05/29/2025","23,573.38","23,240.71","23,603.82","23,207.37","3.71B","1.35%"
"05/30/2025","23,289.77","23,339.64","23,375.34","23,163.22","5.29B","-1.20%"
"06/02/2025","23,157.97","23,043.10","23,163.35","22,668.35","2.31B","-0.57%"
"06/03/2025","23,512.49","23,281.10","23,535.37","23,281.10","3.68B","1.53%"
"06/04/2025","23,654.03","23,499.78","23,716.93","23,481.46","3.50B","0.60%"
"06/05/2025","23,906.97","23,828.69","23,911.14","23,732.31","3.27B","1.07%"
"06/06/2025","23,792.54","23,941.57","23,951.14","23,773.36","4.38B","-0.48%"
"06/09/2025","24,181.43","23,977.54","24,181.43","23,957.96","3.99B","1.63%"
"06/10/2025","24,162.87","24,231.31","24,296.47","24,003.38","3.69B","-0.08%"
"06/11/2025","24,366.94","24,191.32","24,439.35","24,179.35","3.70B","0.84%"
"06/12/2025","24,035.38","24,223.12","24,288.76","24,002.42","4.33B","-1.36%"
"06/13/2025","23,892.56","23,959.81","24,100.32","23,774.92","4.93B","-0.59%"
"06/16/2025","24,060.99","23,791.79","24,125.05","23,718.72","3.83B","0.70%"
"06/17/2025","23,980.30","24,107.34","24,131.44","23,880.67","3.37B","-0.34%"
"06/18/2025","23,710.69","23,859.55","23,880.24","23,631.48","3.26B","-1.12%"
"06/19/2025","23,237.74","23,620.02","23,653.55","23,185.58","3.87B","-1.99%"
"06/20/2025","23,530.48","23,291.40","23,538.63","23,291.40","4.80B","1.26%"
"06/23/2025","23,689.13","23,335.51","23,689.13","23,272.75","3.23B","0.67%"
"06/24/2025","24,177.07","23,832.73","24,229.21","23,832.73","4.00B","2.06%"
"06/25/2025","24,474.67","24,327.82","24,533.39","24,287.86","3.72B","1.23%"
"06/26/2025","24,325.40","24,345.29","24,411.48","24,235.54","3.26B","-0.61%"
"06/27/2025","24,284.15","24,451.19","24,471.53","24,194.85","4.34B","-0.17%"
"06/30/2025","24,072.28","24,274.91","24,274.91","24,064.26","3.78B","-0.87%"
"07/02/2025","24,221.41","24,304.31","24,372.70","24,122.57","4.06B","0.62%"
"07/03/2025","24,069.94","24,234.28","24,269.14","23,920.00","3.59B","-0.63%"
"07/04/2025","23,916.06","23,900.69","24,068.51","23,690.94","4.02B","-0.64%"
"07/07/2025","23,887.83","23,828.85","23,910.95","23,713.78","2.52B","-0.12%"
"07/08/2025","24,148.07","23,927.53","24,159.01","23,899.60","3.04B","1.09%"
"07/09/2025","23,892.32","24,061.08","24,061.08","23,827.15","3.20B","-1.06%"
"07/10/2025","24,028.37","23,865.64","24,087.59","23,820.58","3.50B","0.57%"
"07/11/2025","24,139.57","24,033.12","24,506.30","24,033.12","4.14B","0.46%"
"07/14/2025","24,203.32","24,100.57","24,267.84","24,097.32","2.73B","0.26%"
"07/15/2025","24,590.12","24,281.94","24,590.12","24,141.88","3.77B","1.60%"
"07/16/2025","24,517.76","24,704.05","24,867.81","24,517.75","3.38B","-0.29%"
"07/17/2025","24,498.95","24,547.08","24,672.51","24,447.93","3.21B","-0.08%"
"07/18/2025","24,825.66","24,757.83","24,825.66","24,630.79","2.90B","1.33%"
"07/21/2025","24,994.14","24,991.14","25,010.90","24,844.80","3.61B","0.68%"
"07/22/2025","25,130.03","25,024.93","25,130.03","24,900.59","3.82B","0.54%"
"07/23/2025","25,538.07","25,348.30","25,538.07","25,228.01","4.14B","1.62%"
"07/24/2025","25,667.18","25,528.22","25,735.89","25,502.49","3.60B","0.51%"
"07/25/2025","25,388.35","25,531.59","25,585.73","25,355.31","3.41B","-1.09%"
"07/28/2025","25,562.13","25,458.87","25,667.40","25,399.36","3.43B","0.68%"
"07/29/2025","25,524.45","25,454.83","25,530.42","25,252.32","3.74B","-0.15%"
"07/30/2025","25,176.93","25,335.21","25,499.57","25,082.20","4.67B","-1.36%"
"07/31/2025","24,773.33","24,982.87","25,000.06","24,744.92","4.19B","-1.60%"
"08/01/2025","24,507.81","24,744.34","24,856.54","24,507.63","3.77B","-1.07%"
"08/04/2025","24,733.45","24,431.88","24,748.76","24,372.51","2.85B","0.92%"
"08/05/2025","24,902.53","24,746.81","24,925.90","24,686.85","3.06B","0.68%"
"08/06/2025","24,910.63","24,864.15","25,002.97","24,806.46","2.45B","0.03%"
"08/07/2025","25,081.63","24,982.50","25,115.16","24,820.60","2.94B","0.69%"
"08/08/2025","24,858.82","24,968.31","24,999.11","24,812.12","2.49B","-0.89%"
"08/11/2025","24,906.81","24,946.55","24,969.30","24,775.73","2.53B","0.19%"
"08/12/2025","24,969.68","24,824.07","25,016.29","24,801.13","2.37B","0.25%"
"08/13/2025","25,613.67","25,176.52","25,613.67","25,176.52","3.27B","2.58%"
"08/14/2025","25,519.32","25,766.62","25,766.62","25,449.80","3.33B","-0.37%"
"08/15/2025","25,270.07","25,322.10","25,356.54","25,167.81","4.16B","-0.98%"
"08/18/2025","25,176.85","25,293.34","25,466.10","25,176.85","3.72B","-0.37%"
"08/19/2025","25,122.90","25,241.29","25,260.58","25,083.20","3.20B","-0.21%"
"08/20/2025","25,165.94","24,968.57","25,210.90","24,887.93","2.98B","0.17%"
"08/21/2025","25,104.61","25,216.42","25,216.42","25,000.85","2.86B","-0.24%"
"08/22/2025","25,339.14","25,205.04","25,349.08","25,140.08","3.36B","0.93%"
"08/25/2025","25,829.91","25,606.88","25,918.86","25,590.62","4.14B","1.94%"
"08/26/2025","25,524.92","25,714.91","25,819.70","25,524.92","3.64B","-1.18%"
"08/27/2025","25,201.76","25,626.17","25,653.92","25,140.17","3.87B","-1.27%"
"08/28/2025","24,998.82","25,030.54","25,093.65","24,808.78","4.18B","-0.81%"
"08/29/2025","25,077.62","25,095.45","25,277.51","25,066.85","3.82B","0.32%"
"09/01/2025","25,617.42","25,508.21","25,638.34","25,471.35","4.32B","2.15%"
"09/02/2025","25,496.55","25,587.97","25,724.73","25,416.61","3.81B","-0.47%"
"09/03/2025","25,343.43","25,660.65","25,789.99","25,276.87","3.19B","-0.60%"
"09/04/2025","25,058.51","25,489.13","25,494.45","25,013.26","3.63B","-1.12%"
"09/05/2025","25,417.98","25,136.24","25,471.80","25,090.65","3.74B","1.43%"
"09/08/2025","25,633.91","25,440.01","25,664.01","25,387.81","3.65B","0.85%"
"09/09/2025","25,938.13","25,711.07","26,027.94","25,675.28","3.63B","1.19%"
"09/10/2025","26,200.26","26,042.41","26,296.60","26,017.50","3.79B","1.01%"
"09/11/2025","26,086.32","25,987.49","26,241.46","25,878.97","3.99B","-0.43%"
"09/12/2025","26,388.16","26,539.44","26,585.95","26,329.66","3.33B","1.16%"
"09/15/2025","26,446.56","26,308.91","26,532.75","26,280.23","2.86B","0.22%"
"09/16/2025","26,438.51","26,536.63","26,601.59","26,332.21","2.88B","-0.03%"
"09/17/2025","26,908.39","26,554.19","26,936.50","26,540.57","3.70B","1.78%"
"09/18/2025","26,544.85","26,863.69","27,058.03","26,322.08","4.11B","-1.35%"
"09/19/2025","26,545.10","26,583.03","26,637.64","26,414.11","4.17B","0.00%"
"09/22/2025","26,344.14","26,459.52","26,479.14","26,204.01","3.30B","-0.76%"
"09/23/2025","26,159.12","26,435.58","26,454.09","26,003.67","3.12B","-0.70%"
"09/24/2025","26,518.65","26,073.69","26,562.88","26,057.26","3.02B","1.37%"
"09/25/2025","26,484.68","26,536.13","26,640.53","26,403.52","3.69B","-0.13%"
"09/26/2025","26,128.20","26,272.30","26,406.05","26,072.93","3.44B","-1.35%"
"09/29/2025","26,622.88","26,321.57","26,687.72","26,321.57","3.50B","1.89%"
"09/30/2025","26,855.56","26,674.16","26,888.40","26,558.28","3.50B","0.87%"
"10/02/2025","27,287.12","26,918.30","27,381.84","26,918.30","2.32B","1.61%"
"10/03/2025","27,140.92","27,221.46","27,262.00","26,972.71","1.39B","-0.54%"
"10/06/2025","26,957.77","27,003.92","27,145.17","26,873.34","1.13B","-0.67%"
"10/08/2025","26,829.46","26,900.64","26,906.20","26,517.45","2.11B","-0.48%"
"10/09/2025","26,752.59","26,862.03","26,978.41","26,480.58","4.01B","-0.29%"
"10/10/2025","26,290.32","26,523.89","26,558.87","26,247.04","3.43B","-1.73%"
"10/13/2025","25,889.48","25,634.00","25,895.62","25,336.09","5.17B","-1.52%"
"10/14/2025","25,441.35","25,969.21","26,102.68","25,331.64","4.75B","-1.73%"
"10/15/2025","25,910.60","25,714.89","25,982.21","25,593.45","3.50B","1.84%"
"10/16/2025","25,888.51","25,890.01","26,062.80","25,687.32","3.38B","-0.09%"
"10/17/2025","25,247.10","25,851.94","25,859.82","25,145.34","4.01B","-2.48%"
"10/20/2025","25,858.83","25,884.46","25,912.77","25,710.61","2.90B","2.42%"
"10/21/2025","26,027.55","26,160.24","26,367.35","26,017.72","3.06B","0.65%"
"10/22/2025","25,781.77","25,897.62","25,947.88","25,653.75","2.83B","-0.94%"
"10/23/2025","25,967.98","25,718.53","26,080.84","25,591.66","3.10B","0.72%"
"10/24/2025","26,160.15","26,177.11","26,239.96","26,063.99","2.59B","0.74%"
"10/27/2025","26,433.70","26,495.97","26,495.97","26,319.22","3.16B","1.05%"
"10/28/2025","26,346.14","26,508.75","26,519.24","26,245.33","2.86B","-0.33%"
"10/30/2025","26,282.69","26,545.92","26,588.89","26,138.79","4.32B","-0.24%"
"10/31/2025","25,906.65","26,263.01","26,283.96","25,906.65","3.38B","-1.43%"
"11/03/2025","26,158.36","25,999.17","26,217.12","25,920.27","1.79B","0.97%"
"11/04/2025","25,952.40","26,148.07","26,291.65","25,911.79","3.42B","-0.79%"
"11/05/2025","25,935.41","25,701.63","25,980.90","25,496.13","2.77B","-0.07%"
"11/06/2025","26,485.90","26,061.58","26,490.71","26,061.58","2.71B","2.12%"
"11/07/2025","26,241.83","26,350.74","26,371.46","26,167.23","2.70B","-0.92%"
"11/10/2025","26,649.06","26,319.40","26,668.89","26,302.93","3.12B","1.55%"
"11/11/2025","26,696.41","26,748.09","26,788.43","26,511.25","2.42B","0.18%"
"11/12/2025","26,922.73","26,754.93","27,016.40","26,739.09","3.44B","0.85%"
"11/13/2025","27,073.03","26,779.48","27,188.81","26,733.21","3.29B","0.56%"
"11/14/2025","26,572.46","26,660.31","26,881.88","26,535.42","2.81B","-1.85%"
"11/17/2025","26,384.28","26,441.70","26,531.80","26,252.36","2.52B","-0.71%"
"11/18/2025","25,930.03","26,172.27","26,188.82","25,821.84","3.51B","-1.72%"
"11/19/2025","25,830.65","25,954.23","26,045.37","25,742.07","2.89B","-0.38%"
"11/20/2025","25,835.57","25,999.78","26,046.76","25,692.13","2.98B","0.02%"
"11/21/2025","25,220.02","25,460.42","25,483.67","25,178.63","3.96B","-2.38%"
"11/24/2025","25,716.50","25,452.87","25,770.45","25,369.29","4.42B","1.97%"
"11/25/2025","25,894.55","25,948.90","26,069.22","25,740.54","2.96B","0.69%"
"11/26/2025","25,928.08","26,046.74","26,136.27","25,907.06","2.56B","0.13%"
"11/27/2025","25,945.93","25,945.54","26,123.69","25,822.66","2.68B","0.07%"
"11/28/2025","25,858.89","26,011.06","26,011.06","25,807.55","1.96B","-0.34%"
"12/01/2025","26,033.26","25,945.87","26,179.72","25,913.98","2.32B","0.67%"
"12/02/2025","26,095.05","26,188.55","26,264.13","25,989.45","2.45B","0.24%"
"12/03/2025","25,760.73","25,980.89","25,996.88","25,724.82","2.18B","-1.28%"
"12/04/2025","25,935.90","25,804.01","25,990.73","25,649.30","2.17B","0.68%"
"12/05/2025","26,085.08","25,833.11","26,131.61","25,758.17","2.97B","0.58%"
"12/08/2025","25,765.36","26,067.86","26,151.46","25,755.01","2.92B","-1.23%"
"12/09/2025","25,434.23","25,780.97","25,820.31","25,386.58","2.86B","-1.29%"
"12/10/2025","25,540.78","25,435.49","25,540.78","25,257.61","2.73B","0.42%"
"12/11/2025","25,530.51","25,710.61","25,801.34","25,471.50","2.35B","-0.04%"
"12/12/2025","25,976.79","25,761.41","26,006.47","25,697.43","3.22B","1.75%"
"12/15/2025","25,628.88","25,718.14","25,824.44","25,609.28","2.80B","-1.34%"
"12/16/2025","25,235.41","25,547.92","25,547.92","25,086.54","2.92B","-1.54%"
"12/17/2025","25,468.78","25,243.59","25,494.94","25,168.19","2.47B","0.92%"
"12/18/2025","25,498.13","25,330.83","25,511.84","25,261.38","2.61B","0.12%"
"12/19/2025","25,690.53","25,634.22","25,747.01","25,545.92","3.36B","0.75%"
"12/22/2025","25,801.77","25,795.94","25,859.61","25,671.33","2.36B","0.43%"
"12/23/2025","25,774.14","25,875.85","25,927.66","25,726.45","2.24B","-0.11%"
"12/24/2025","25,818.93","25,780.09","25,890.87","25,772.87","1.24B","0.17%"
"12/29/2025","25,635.23","25,928.89","26,082.94","25,630.75","2.93B","-0.71%"
"12/30/2025","25,854.60","25,636.40","25,930.22","25,611.23","3.14B","0.86%"
"12/31/2025","25,630.54","25,801.49","25,808.52","25,554.31","1.65B","-0.87%"
"01/02/2026","26,338.47","25,717.42","26,345.63","25,717.42","1.49B","2.76%"
"01/05/2026","26,347.24","26,361.44","26,445.50","26,256.00","3.69B","0.03%"
"01/06/2026","26,710.45","26,502.40","26,858.13","26,498.36","3.80B","1.38%"
"01/07/2026","26,458.95","26,601.83","26,616.94","26,313.51","3.65B","-0.94%"
"01/08/2026","26,149.31","26,302.78","26,305.69","25,960.34","3.24B","-1.17%"
"01/09/2026","26,231.79","26,272.54","26,299.32","26,114.41","3.24B","0.32%"
"01/12/2026","26,608.48","26,376.84","26,608.48","26,187.76","3.60B","1.44%"
"01/13/2026","26,848.47","26,958.52","27,143.66","26,729.54","3.69B","0.90%"
"01/14/2026","26,999.81","26,971.97","27,097.72","26,780.27","4.85B","0.56%"
"01/15/2026","26,923.62","26,972.36","27,206.84","26,808.35","3.57B","-0.28%"
"01/16/2026","26,844.96","27,094.85","27,176.31","26,741.54","3.37B","-0.29%"
"01/19/2026","26,563.90","26,641.60","26,715.58","26,533.67","2.74B","-1.05%"
"01/20/2026","26,487.51","26,544.90","26,638.55","26,363.86","2.77B","-0.29%"
"01/21/2026","26,585.06","26,397.04","26,692.78","26,397.04","3.00B","0.37%"
"01/22/2026","26,629.96","26,750.51","26,779.22","26,499.14","2.99B","0.17%"
"01/23/2026","26,749.51","26,861.36","26,895.94","26,689.73","2.80B","0.45%"
"01/26/2026","26,765.52","26,844.04","26,911.44","26,619.83","2.93B","0.06%"
"01/27/2026","27,126.95","26,863.15","27,188.90","26,829.71","3.06B","1.35%"
"01/28/2026","27,826.91","27,325.89","27,826.91","27,258.10","5.05B","2.58%"
"01/29/2026","27,968.09","27,627.11","28,056.10","27,611.90","4.40B","0.51%"
"01/30/2026","27,387.11","27,785.98","27,887.24","27,384.02","4.43B","-2.08%"
"02/02/2026","26,775.57","27,097.34","27,100.09","26,507.62","4.84B","-2.23%"
"02/03/2026","26,834.77","26,995.76","27,126.48","26,431.80","3.43B","0.22%"
"02/04/2026","26,847.32","26,797.05","27,004.22","26,593.18","2.98B","0.05%"
"02/05/2026","26,885.24","26,627.95","26,919.39","26,410.77","3.19B","0.14%"
"02/06/2026","26,559.95","26,354.34","26,710.34","26,295.03","2.91B","-1.21%"
"02/09/2026","27,027.16","26,982.49","27,111.54","26,879.10","2.73B","1.76%"
"02/10/2026","27,183.15","27,202.96","27,397.65","27,104.82","2.55B","0.58%"
"02/11/2026","27,266.38","27,246.18","27,325.98","27,133.77","2.40B","0.31%"
"02/12/2026","27,032.54","27,210.56","27,215.63","26,932.56","2.67B","-0.86%"
"02/13/2026","26,567.12","26,640.16","26,774.44","26,444.46","2.49B","-1.72%"
"02/16/2026","26,705.94","26,501.20","26,734.41","26,382.41","808.52M","0.52%"
"02/20/2026","26,413.35","26,657.84","26,694.34","26,356.96","1.69B","-1.10%"
"02/23/2026","27,081.91","26,798.97","27,156.28","26,798.97","1.82B","2.53%"
"02/24/2026","26,590.32","26,913.68","26,913.68","26,480.86","2.68B","-1.82%"
"02/25/2026","26,765.72","26,745.20","26,870.03","26,632.53","2.50B","0.66%"
"02/26/2026","26,381.02","27,019.74","27,024.07","26,373.01","2.90B","-1.44%"
"02/27/2026","26,630.54","26,447.05","26,701.50","26,375.70","3.29B","0.95%"
"03/02/2026","26,059.85","26,305.58","26,403.85","25,882.95","4.59B","-2.14%"
"03/03/2026","25,768.08","26,190.24","26,218.93","25,727.00","4.71B","-1.12%"
"03/04/2026","25,249.48","25,469.34","25,470.05","24,958.43","4.70B","-2.01%"
"03/05/2026","25,321.34","25,583.65","25,736.60","25,236.68","3.48B","0.28%"
"03/06/2026","25,757.29","25,358.56","25,806.72","25,267.63","3.67B","1.72%"
"03/09/2026","25,408.46","25,075.74","25,442.62","24,906.00","5.30B","-1.35%"
"03/10/2026","25,959.90","25,740.29","25,959.90","25,611.79","3.52B","2.17%"
"03/11/2026","25,898.76","26,112.08","26,149.64","25,819.10","3.14B","-0.24%"
"03/12/2026","25,716.76","25,719.47","25,932.58","25,521.15","3.05B","-0.70%"
"03/13/2026","25,465.60","25,583.55","25,697.17","25,419.87","2.79B","-0.98%"
"03/16/2026","25,834.02","25,436.27","25,856.73","25,317.81","3.02B","1.45%"
"03/17/2026","25,868.54","25,938.43","26,250.14","25,844.95","2.90B","0.13%"
"03/18/2026","26,025.42","25,923.03","26,117.95","25,791.82","2.54B","0.61%"
"03/19/2026","25,500.58","25,550.56","25,737.83","25,449.06","3.55B","-2.02%"
"03/20/2026","25,277.32","25,337.28","25,563.88","25,121.46","4.60B","-0.88%"
"03/23/2026","24,382.47","24,789.14","24,789.14","24,203.54","5.09B","-3.54%"
"03/24/2026","25,063.71","24,759.82","25,077.09","24,555.50","3.89B","2.79%"
"03/25/2026","25,335.95","25,280.52","25,390.30","25,015.20","4.57B","1.09%"
"03/26/2026","24,856.43","25,267.16","25,278.03","24,793.10","3.97B","-1.89%"
"03/27/2026","24,951.88","24,768.66","25,095.57","24,712.92","3.41B","0.38%"
"03/30/2026","24,750.79","24,532.85","24,811.86","24,409.57","4.15B","-0.81%"
"03/31/2026","24,788.14","24,818.20","24,988.53","24,559.57","3.80B","0.15%"
"04/01/2026","25,294.03","25,357.23","25,429.76","25,203.69","3.86B","2.04%"
"04/02/2026","25,116.53","25,254.49","25,254.49","24,901.77","3.19B","-0.70%"
"04/08/2026","25,893.02","25,772.56","25,934.18","25,668.67","4.87B","3.09%"
"04/09/2026","25,752.40","25,756.41","25,854.80","25,653.63","2.92B","-0.54%"
"04/10/2026","25,893.54","25,891.88","26,073.97","25,843.65","2.57B","0.55%"
"04/13/2026","25,660.85","25,708.64","25,717.38","25,508.53","2.29B","-0.90%"
"04/14/2026","25,872.32","25,929.40","25,995.09","25,668.53","2.71B","0.82%"
"04/15/2026","25,947.32","26,168.25","26,216.58","25,947.32","3.02B","0.29%"
"04/16/2026","26,394.26","26,122.80","26,403.07","26,122.80","2.81B","1.72%"
"04/17/2026","26,160.33","26,210.97","26,280.96","26,015.44","2.79B","-0.89%"
"04/20/2026","26,361.07","26,204.61","26,411.69","26,094.64","2.87B","0.77%"
"04/21/2026","26,487.48","26,442.29","26,529.49","26,342.02","2.46B","0.48%"
"04/22/2026","26,163.24","26,303.60","26,303.60","26,073.45","2.56B","-1.22%"
"04/23/2026","25,915.20","26,098.81","26,115.07","25,840.55","2.61B","-0.95%"
"04/24/2026","25,978.07","25,733.61","26,004.59","25,639.26","2.89B","0.24%"
"04/27/2026","25,925.65","25,976.97","26,086.02","25,858.24","2.60B","-0.20%"
"04/28/2026","25,679.78","25,814.37","25,896.66","25,609.61","3.26B","-0.95%"
"04/29/2026","26,111.84","25,842.63","26,132.94","25,811.46","3.78B","1.68%"
"04/30/2026","25,776.53","26,008.32","26,072.24","25,734.16","4.13B","-1.28%"
"05/04/2026","26,095.88","26,138.34","26,326.44","26,091.86","1.81B","1.24%"
"05/05/2026","25,898.61","25,945.75","25,945.75","25,690.36","1.48B","-0.76%"
"05/06/2026","26,213.78","26,029.65","26,213.78","25,877.82","3.54B","1.22%"
"05/07/2026","26,626.28","26,531.35","26,669.26","26,518.79","3.99B","1.57%"
"05/08/2026","26,393.71","26,359.79","26,470.49","26,274.80","3.06B","-0.87%"
"05/11/2026","26,406.84","26,310.87","26,427.14","26,219.26","3.08B","0.05%"
"05/12/2026","26,347.91","26,497.03","26,592.37","26,328.84","3.08B","-0.22%"
"05/13/2026","26,388.44","26,369.99","26,458.90","26,220.12","2.82B","0.15%"
"05/14/2026","26,389.04","26,836.66","26,844.80","26,366.86","3.12B","0.00%"
"05/15/2026","25,962.73","26,391.02","26,391.02","25,847.15","3.26B","-1.62%"
"05/18/2026","25,675.18","25,838.96","25,838.96","25,505.71","3.02B","-1.11%"
"05/19/2026","25,797.85","25,693.37","25,845.46","25,671.12","3.10B","0.48%"
"05/20/2026","25,651.12","25,709.62","25,713.53","25,555.06","2.86B","-0.57%"
"05/21/2026","25,386.52","25,833.24","25,833.71","25,341.73","3.03B","-1.03%"
"05/22/2026","25,606.03","25,641.80","25,732.36","25,483.24","3.28B","0.86%"
"05/26/2026","25,599.45","25,622.36","25,768.38","25,431.17","4.08B","-0.03%"
"05/27/2026","25,328.23","25,608.78","25,638.41","25,258.03","3.72B","-1.06%"
"05/28/2026","25,006.16","25,230.58","25,230.58","24,727.26","4.24B","-1.27%"
"05/29/2026","25,182.39","25,161.52","25,313.33","25,055.80","6.77B","0.70%"
"06/01/2026","25,398.18","25,180.05","25,486.76","25,174.30","3.70B","0.86%"
"06/02/2026","26,038.32","25,395.07","26,045.07","25,394.64","3.75B","2.52%"
"06/03/2026","25,633.21","25,953.01","25,953.01","25,569.45","3.17B","-1.56%"
"06/04/2026","25,253.40","25,465.30","25,499.09","25,188.02","2.78B","-1.48%"
"06/05/2026","24,961.95","25,186.12","25,216.18","24,928.14","3.57B","-1.15%"
"06/08/2026","24,657.06","24,582.91","24,837.98","24,458.54","3.81B","-1.22%"
"06/09/2026","24,565.90","24,551.93","24,740.65","24,486.39","3.36B","-0.37%"
"06/10/2026","24,407.96","24,442.52","24,505.96","24,207.03","3.94B","-0.64%"
"06/11/2026","24,249.29","24,380.02","24,492.71","23,999.67","3.42B","-0.65%"
"06/12/2026","24,718.10","24,501.50","24,771.61","24,445.51","3.75B","1.93%"
"06/15/2026","24,842.67","25,001.42","25,047.90","24,796.30","3.64B","0.50%"
"06/16/2026","24,493.95","24,826.19","24,844.98","24,378.69","3.15B","-1.40%"
"06/17/2026","24,312.16","24,495.85","24,560.19","24,254.07","3.05B","-0.74%"
"06/18/2026","23,924.81","24,145.19","24,163.25","23,749.99","4.84B","-1.59%"
"06/22/2026","23,768.52","23,811.76","23,863.71","23,444.86","4.05B","-0.65%"
"06/23/2026","23,336.28","23,800.02","23,825.81","23,252.13","3.69B","-1.82%"
"06/24/2026","23,412.18","23,420.70","23,565.65","23,248.87","3.46B","0.33%"
"06/25/2026","23,076.91","23,388.50","23,388.50","22,978.59","4.27B","-1.43%"
"06/26/2026","22,671.86","22,952.09","22,962.46","22,518.00","4.19B","-1.76%"
"06/29/2026","23,026.68","22,827.65","23,183.17","22,783.64","3.46B","1.57%"
"06/30/2026","22,881.02","23,007.87","23,086.85","22,685.14","4.49B","-0.63%"
"07/02/2026","23,055.03","23,071.43","23,335.92","22,953.70","4.14B","0.76%"
"07/03/2026","23,350.03","23,240.85","23,516.70","23,226.20","3.39B","1.28%"
"07/06/2026","23,616.32","23,404.61","23,686.56","23,229.38","3.40B","1.14%"
"07/07/2026","23,496.89","23,568.49","23,820.92","23,398.27","3.69B","-0.51%"
"07/08/2026","24,199.46","23,541.22","24,310.92","23,541.22","4.45B","2.99%"
"07/09/2026","24,030.18","24,181.34","24,353.76","23,917.32","3.67B","-0.70%"
"07/10/2026","24,175.12","24,213.44","24,499.63","24,064.62","3.34B","0.60%"
"07/13/2026","24,213.72","24,157.65","24,449.77","24,095.73","2.99B","0.16%"
"07/14/2026","24,340.73","24,181.52","24,436.58","23,902.05","3.57B","0.52%"
"07/15/2026","24,681.10","24,551.34","24,774.84","24,449.53","3.25B","1.40%"
"07/16/2026","25,008.60","24,825.02","25,221.44","24,825.02","3.44B","1.33%"
"07/17/2026","24,562.24","25,022.54","25,166.56","24,332.51","3.75B","-1.78%"
"07/20/2026","25,143.05","24,835.03","25,155.55","24,756.36","3.34B","2.36%"
"07/21/2026","25,132.29","25,150.54","25,253.65","24,991.39","2.89B","-0.04%"
"07/22/2026","24,892.66","24,978.90","25,040.27","24,802.06","3.03B","-0.95%"
"07/23/2026","25,210.81","24,966.53","25,267.39","24,876.83","2.70B","1.28%"
"07/24/2026","24,963.23","24,932.50","25,031.34","24,812.50","2.47B","-0.98%"
"07/27/2026","25,207.18","24,993.77","25,276.96","24,938.34","2.63B","0.98%"
"07/28/2026","25,310.85","25,271.95","25,440.68","25,069.85","3.08B","0.41%"
"07/29/2026","25,807.92","25,487.16","25,808.93","25,487.16","3.87B","1.96%"
"07/30/2026","25,858.88","25,875.83","25,971.63","25,657.33","3.74B","0.20%"
"07/31/2026","25,884.43","25,837.72","25,917.20","25,622.92","3.59B","0.10%"
"08/03/2026","26,009.40","25,987.31","26,133.88","25,811.74","2.92B","0.48%"
"08/04/2026","25,852.92","26,090.98","26,187.57","25,768.04","2.92B","-0.60%"
"08/05/2026","25,915.82","25,890.99","25,973.94","25,729.86","2.92B","0.24%"
"08/06/2026","25,530.28","25,667.14","25,667.14","25,389.42","2.86B","-1.49%"
"08/07/2026","25,668.03","25,526.65","25,669.52","25,393.13","2.76B","0.54%"
"08/10/2026","25,937.49","25,805.18","25,957.75","25,720.46","2.41B","1.05%"
"08/11/2026","25,652.82","25,998.59","26,060.32","25,647.66","2.34B","-1.10%"
"08/12/2026","25,440.17","25,498.39","25,498.39","25,323.33","2.38B","-0.83%"
"08/13/2026","25,396.51","25,288.07","25,519.39","25,288.07","2.87B","-0.17%"
"08/14/2026","25,116.85","25,219.15","25,311.86","25,089.14","2.53B","-1.10%"
"08/17/2026","25,453.23","25,303.41","25,578.27","25,303.41","2.19B","1.34%"
"08/18/2026","25,471.15","25,368.87","25,518.03","25,240.62","2.72B","0.07%"
"08/19/2026","25,495.07","25,346.90","25,537.19","25,315.32","3.46B","0.09%"
"08/20/2026","25,698.49","25,779.08","25,842.91","25,632.39","3.78B","0.80%"
"08/21/2026","26,009.46","25,807.61","26,009.46","25,807.61","3.35B","1.21%"
"08/24/2026","25,517.33","25,780.12","25,780.12","25,430.94","3.66B","-1.89%"
"08/25/2026","25,511.10","25,634.22","25,676.77","25,403.44","2.92B","-0.02%"
"08/26/2026","25,652.97","25,635.24","25,800.22","25,615.94","3.00B","0.56%"
"08/27/2026","25,565.74","25,774.87","25,792.01","25,500.96","2.62B","-0.34%"
"08/28/2026","25,584.79","25,410.46","25,699.09","25,410.46","2.53B","0.07%"
"08/31/2026","25,566.99","25,420.63","25,566.99","25,290.69","5.12B","-0.07%"
"09/01/2026","25,329.73","25,415.72","25,478.98","25,240.20","3.08B","-0.93%"
"09/02/2026","25,311.21","25,280.82","25,311.21","25,008.87","2.69B","-0.07%"
"09/03/2026","25,213.31","25,482.56","25,538.15","25,160.38","2.74B","-0.39%"
"09/04/2026","25,650.87","25,515.74","25,791.38","25,515.74","3.58B","1.74%"
"09/07/2026","25,413.12","25,652.97","25,664.98","25,362.98","2.42B","-0.93%"
"09/08/2026","25,317.18","25,252.07","25,394.60","25,225.69","2.64B","-0.38%"
"09/09/2026","25,274.96","25,328.13","25,335.52","25,161.67","3.14B","-0.17%"
"09/10/2026","24,954.47","24,985.18","25,021.81","24,889.64","2.81B","-1.27%"
"09/11/2026","24,805.63","24,718.15","24,851.18","24,570.24","3.14B","-0.60%"