"Date","Price","Open","High","Low","Vol.","Change %"
"11/28/2019","23,409.14","23,458.88","23,482.32","23,367.33","","-0.12%"
"11/29/2019","23,293.91","23,497.44","23,498.77","23,273.37","","-0.49%"
"12/02/2019","23,529.50","23,388.63","23,562.05","23,378.40","","1.01%"
"12/03/2019","23,379.81","23,231.14","23,388.18","23,186.84","","-0.64%"
"12/04/2019","23,135.23","23,186.74","23,203.77","23,044.78","","-1.05%"
"12/05/2019","23,300.09","23,292.70","23,363.44","23,259.82","","0.71%"
"12/06/2019","23,354.40","23,347.67","23,412.48","23,338.40","","0.23%"
"12/09/2019","23,430.70","23,544.31","23,544.31","23,360.01","","0.33%"
"12/10/2019","23,410.19","23,372.39","23,449.47","23,336.93","","-0.09%"
"12/11/2019","23,391.86","23,421.14","23,438.43","23,333.63","","-0.08%"
"12/12/2019","23,424.81","23,449.28","23,468.15","23,360.43","","0.14%"
"12/13/2019","24,023.10","23,810.56","24,050.04","23,775.73","","2.55%"
"12/16/2019","23,952.35","23,955.20","24,036.30","23,950.05","","-0.29%"
"12/17/2019","24,066.12","24,091.12","24,091.12","23,996.51","","0.47%"
"12/18/2019","23,934.43","24,023.27","24,046.09","23,919.36","","-0.55%"
"12/19/2019","23,864.85","23,911.46","23,945.53","23,835.29","","-0.29%"
"12/20/2019","23,816.63","23,893.45","23,908.77","23,746.63","","-0.20%"
"12/23/2019","23,821.11","23,921.29","23,923.09","23,810.82","","0.02%"
"12/24/2019","23,830.58","23,839.18","23,853.56","23,796.35","","0.04%"
"12/25/2019","23,782.87","23,813.59","23,824.85","23,782.87","","-0.20%"
"12/26/2019","23,924.92","23,787.70","23,931.51","23,775.40","","0.60%"
"12/27/2019","23,837.72","23,953.75","23,967.18","23,837.72","","-0.36%"
"12/30/2019","23,656.62","23,770.93","23,782.49","23,656.62","","-0.76%"
"01/06/2020","23,204.86","23,319.76","23,365.36","23,148.53","","-1.91%"
"01/07/2020","23,575.72","23,320.12","23,577.44","23,299.92","","1.60%"
"01/08/2020","23,204.76","23,217.49","23,303.21","22,951.18","","-1.57%"
"01/09/2020","23,739.87","23,530.29","23,767.09","23,506.15","","2.31%"
"01/10/2020","23,850.57","23,813.28","23,903.29","23,761.08","","0.47%"
"01/14/2020","24,025.17","23,969.04","24,059.86","23,951.66","","0.73%"
"01/15/2020","23,916.58","23,923.48","23,997.39","23,875.82","","-0.45%"
"01/16/2020","23,933.13","23,960.20","23,975.38","23,905.38","","0.07%"
"01/17/2020","24,041.26","24,103.45","24,115.95","24,013.75","","0.45%"
"01/20/2020","24,083.51","24,080.68","24,108.11","24,061.67","","0.18%"
"01/21/2020","23,864.56","24,072.81","24,081.75","23,843.48","","-0.91%"
"01/22/2020","24,031.35","23,835.49","24,040.87","23,831.10","","0.70%"
"01/23/2020","23,795.44","23,843.51","23,910.01","23,779.23","","-0.98%"
"01/24/2020","23,827.18","23,850.12","23,869.38","23,755.32","","0.13%"
"01/27/2020","23,343.51","23,427.90","23,463.89","23,317.32","","-2.03%"
"01/28/2020","23,215.71","23,126.93","23,243.36","23,115.15","","-0.55%"
"01/29/2020","23,379.40","23,309.32","23,392.61","23,214.28","","0.71%"
"01/30/2020","22,977.75","23,284.58","23,318.57","22,892.95","","-1.72%"
"01/31/2020","23,205.18","23,148.92","23,421.59","23,139.98","","0.99%"
"02/03/2020","22,971.94","22,874.27","23,023.73","22,775.92","","-1.01%"
"02/04/2020","23,084.59","22,881.13","23,118.13","22,854.45","","0.49%"
"02/05/2020","23,319.56","23,351.47","23,414.69","23,241.64","","1.02%"
"02/06/2020","23,873.59","23,641.10","23,995.37","23,625.13","","2.38%"
"02/07/2020","23,827.98","23,899.01","23,943.45","23,759.42","","-0.19%"
"02/10/2020","23,685.98","23,631.79","23,788.25","23,621.72","","-0.60%"
"02/12/2020","23,861.21","23,741.21","23,869.73","23,693.72","","0.74%"
"02/13/2020","23,827.73","23,849.76","23,908.85","23,784.31","","-0.14%"
"02/14/2020","23,687.59","23,714.52","23,738.42","23,603.48","","-0.59%"
"02/17/2020","23,523.24","23,489.78","23,561.98","23,335.99","","-0.69%"
"02/18/2020","23,193.80","23,398.57","23,402.01","23,133.60","","-1.40%"
"02/19/2020","23,400.70","23,329.33","23,468.56","23,234.96","","0.89%"
"02/20/2020","23,479.15","23,666.58","23,806.56","23,426.42","","0.34%"
"02/21/2020","23,386.74","23,427.77","23,588.55","23,378.33","","-0.39%"
"02/25/2020","22,605.41","22,949.37","22,950.23","22,335.21","","-3.34%"
"02/26/2020","22,426.19","22,374.14","22,456.55","22,127.42","","-0.79%"
"02/27/2020","21,948.23","22,255.83","22,272.26","21,844.29","","-2.13%"
"02/28/2020","21,142.96","21,518.01","21,528.13","20,916.40","","-3.67%"
"03/02/2020","21,344.08","20,849.79","21,593.11","20,834.29","","0.95%"
"03/03/2020","21,082.73","21,651.99","21,719.78","21,082.73","","-1.22%"
"03/04/2020","21,100.06","20,897.20","21,245.93","20,862.05","","0.08%"
"03/05/2020","21,329.12","21,399.87","21,399.87","21,220.76","","1.09%"
"03/06/2020","20,749.75","21,009.80","21,061.20","20,613.91","","-2.72%"
"03/09/2020","19,698.76","20,343.31","20,347.19","19,472.26","","-5.07%"
"03/10/2020","19,867.12","19,474.89","19,970.35","18,891.77","","0.85%"
"03/11/2020","19,416.06","19,758.26","19,974.83","19,392.25","","-2.27%"
"03/12/2020","18,559.63","19,064.51","19,142.18","18,339.27","","-4.41%"
"03/13/2020","17,431.05","18,183.47","18,184.46","16,690.60","","-6.08%"
"03/16/2020","17,002.04","17,586.08","17,785.76","16,914.45","","-2.46%"
"03/17/2020","17,011.53","16,726.95","17,557.04","16,378.94","","0.06%"
"03/18/2020","16,726.55","17,154.08","17,396.84","16,698.46","","-1.68%"
"03/19/2020","16,552.83","16,995.77","17,160.97","16,358.19","","-1.04%"
"03/23/2020","16,887.78","16,570.57","17,049.03","16,480.95","","2.02%"
"03/24/2020","18,092.35","17,206.88","18,100.39","17,197.14","","7.13%"
"03/25/2020","19,546.63","18,446.80","19,564.38","18,446.80","","8.04%"
"03/26/2020","18,664.60","19,234.77","19,240.29","18,512.81","","-4.51%"
"03/27/2020","19,389.43","19,021.97","19,389.43","18,832.21","","3.88%"
"03/30/2020","19,084.97","18,884.07","19,084.97","18,578.20","","-1.57%"
"03/31/2020","18,917.01","19,181.90","19,336.19","18,834.16","","-0.88%"
"04/01/2020","18,065.41","18,686.12","18,784.25","17,871.62","","-4.50%"
"04/02/2020","17,818.72","17,934.42","18,132.04","17,707.66","","-1.37%"
"04/03/2020","17,820.19","17,951.44","18,059.15","17,646.50","","0.01%"
"04/06/2020","18,576.30","17,857.99","18,672.26","17,802.62","","4.24%"
"04/07/2020","18,950.18","18,878.86","19,162.52","18,553.14","","2.01%"
"04/08/2020","19,353.24","19,047.76","19,454.34","18,730.80","","2.13%"
"04/09/2020","19,345.77","19,376.00","19,406.96","19,158.55","","-0.04%"
"04/10/2020","19,498.50","19,500.07","19,500.07","19,235.96","","0.79%"
"04/13/2020","19,043.40","19,312.04","19,355.04","19,014.32","","-2.33%"
"04/14/2020","19,638.81","19,150.30","19,705.99","19,093.12","","3.13%"
"04/15/2020","19,550.09","19,589.25","19,660.68","19,465.95","","-0.45%"
"04/16/2020","19,290.20","19,311.30","19,362.17","19,154.41","","-1.33%"
"04/17/2020","19,897.26","19,575.85","19,922.07","19,554.70","","3.15%"
"04/20/2020","19,669.12","19,689.85","19,784.38","19,611.79","","-1.15%"
"04/21/2020","19,280.78","19,479.83","19,529.06","19,193.22","","-1.97%"
"04/22/2020","19,137.95","19,109.18","19,137.95","18,858.25","","-0.74%"
"04/23/2020","19,429.44","19,313.04","19,429.44","19,221.54","","1.52%"
"04/24/2020","19,262.00","19,331.86","19,352.24","19,175.38","","-0.86%"
"04/27/2020","19,783.22","19,410.84","19,819.06","19,410.18","","2.71%"
"04/28/2020","19,771.19","19,776.18","19,841.78","19,638.48","","-0.06%"
"04/30/2020","20,193.69","20,105.68","20,365.89","20,084.83","","2.14%"
"05/01/2020","19,619.35","19,991.97","20,000.25","19,551.73","","-2.84%"
"05/07/2020","19,674.77","19,468.52","19,720.87","19,448.93","","0.28%"
"05/08/2020","20,179.09","19,972.09","20,179.09","19,894.58","","2.56%"
"05/11/2020","20,390.66","20,333.73","20,534.88","20,285.04","","1.05%"
"05/12/2020","20,366.48","20,413.23","20,457.37","20,293.97","","-0.12%"
"05/13/2020","20,267.05","20,140.92","20,329.89","20,056.46","","-0.49%"
"05/14/2020","19,914.78","20,140.49","20,185.00","19,902.93","","-1.74%"
"05/15/2020","20,037.47","20,149.79","20,198.25","19,832.88","","0.62%"
"05/18/2020","20,133.73","20,097.62","20,197.59","19,999.10","","0.48%"
"05/19/2020","20,433.45","20,469.52","20,659.46","20,433.45","","1.49%"
"05/20/2020","20,595.15","20,454.49","20,684.46","20,454.03","","0.79%"
"05/21/2020","20,552.31","20,692.59","20,734.91","20,503.87","","-0.21%"
"05/22/2020","20,388.16","20,583.95","20,615.12","20,334.99","","-0.80%"
"05/25/2020","20,741.65","20,653.41","20,741.65","20,584.06","","1.73%"
"05/26/2020","21,271.17","20,927.96","21,328.34","20,918.11","","2.55%"
"05/27/2020","21,419.23","21,249.31","21,475.68","21,142.72","","0.70%"
"05/28/2020","21,916.31","21,612.90","21,926.29","21,580.50","","2.32%"
"05/29/2020","21,877.89","21,807.63","21,955.44","21,710.80","","-0.18%"
"06/01/2020","22,062.39","21,910.89","22,161.39","21,898.99","","0.84%"
"06/02/2020","22,325.61","22,175.52","22,401.79","22,118.40","","1.19%"
"06/03/2020","22,613.76","22,649.01","22,818.87","22,462.68","","1.29%"
"06/04/2020","22,695.74","22,885.14","22,907.92","22,501.81","","0.36%"
"06/05/2020","22,863.73","22,613.08","22,865.88","22,563.56","","0.74%"
"06/08/2020","23,178.10","23,121.98","23,178.10","23,028.62","","1.37%"
"06/09/2020","23,091.03","23,135.79","23,185.85","22,933.14","","-0.38%"
"06/10/2020","23,124.95","22,939.00","23,175.82","22,900.30","","0.15%"
"06/11/2020","22,472.91","22,848.02","22,939.39","22,466.54","","-2.82%"
"06/12/2020","22,305.48","22,082.12","22,350.30","21,786.93","","-0.75%"
"06/15/2020","21,530.95","22,135.27","22,251.83","21,529.83","","-3.47%"
"06/16/2020","22,582.21","21,912.29","22,624.14","21,899.48","","4.88%"
"06/17/2020","22,455.76","22,517.14","22,536.38","22,318.07","","-0.56%"
"06/18/2020","22,355.46","22,363.88","22,432.25","22,125.35","","-0.45%"
"06/19/2020","22,478.79","22,515.75","22,523.66","22,352.16","","0.55%"
"06/22/2020","22,437.27","22,353.69","22,575.74","22,311.94","","-0.18%"
"06/23/2020","22,549.05","22,636.06","22,693.89","22,257.14","","0.50%"
"06/24/2020","22,534.32","22,541.01","22,663.29","22,479.86","","-0.07%"
"06/25/2020","22,259.79","22,287.87","22,423.41","22,165.14","","-1.22%"
"06/26/2020","22,512.08","22,424.37","22,589.14","22,408.27","","1.13%"
"06/29/2020","21,995.04","22,255.05","22,281.38","21,969.59","","-2.30%"
"06/30/2020","22,288.14","22,335.10","22,448.30","22,273.38","","1.33%"
"07/01/2020","22,121.73","22,338.30","22,360.31","22,039.56","","-0.75%"
"07/02/2020","22,145.96","22,182.68","22,267.51","22,072.11","","0.11%"
"07/03/2020","22,306.48","22,266.91","22,312.44","22,154.97","","0.72%"
"07/06/2020","22,714.44","22,341.27","22,734.11","22,325.75","","1.83%"
"07/07/2020","22,614.69","22,649.90","22,742.28","22,540.44","","-0.44%"
"07/08/2020","22,438.65","22,481.61","22,667.95","22,438.65","","-0.78%"
"07/09/2020","22,529.29","22,442.30","22,679.08","22,434.38","","0.40%"
"07/10/2020","22,290.81","22,534.97","22,563.68","22,285.07","","-1.06%"
"07/13/2020","22,784.74","22,591.81","22,784.74","22,561.47","","2.22%"
"07/14/2020","22,587.01","22,631.87","22,677.02","22,538.78","","-0.87%"
"07/15/2020","22,945.50","22,817.91","22,965.56","22,800.11","","1.59%"
"07/16/2020","22,770.36","22,907.96","22,925.90","22,739.42","","-0.76%"
"07/17/2020","22,696.42","22,807.57","22,857.82","22,643.52","","-0.32%"
"07/20/2020","22,717.48","22,772.07","22,788.53","22,580.19","","0.09%"
"07/21/2020","22,884.22","22,789.38","22,925.58","22,780.22","","0.73%"
"07/22/2020","22,751.61","22,791.75","22,855.31","22,732.92","","-0.58%"
"07/27/2020","22,715.85","22,495.95","22,741.13","22,429.57","","-0.16%"
"07/28/2020","22,657.38","22,735.02","22,842.19","22,646.22","","-0.26%"
"07/29/2020","22,397.11","22,543.89","22,584.87","22,366.34","","-1.15%"
"07/30/2020","22,339.23","22,489.24","22,506.60","22,334.71","","-0.26%"
"07/31/2020","21,710.00","22,267.59","22,295.05","21,710.00","","-2.82%"
"08/03/2020","22,195.38","21,947.58","22,214.59","21,919.83","","2.24%"
"08/04/2020","22,573.66","22,379.74","22,603.82","22,379.74","","1.70%"
"08/05/2020","22,514.85","22,479.72","22,554.20","22,356.25","","-0.26%"
"08/06/2020","22,418.15","22,471.71","22,587.75","22,362.89","","-0.43%"
"08/07/2020","22,329.94","22,433.78","22,436.16","22,204.61","","-0.39%"
"08/11/2020","22,750.24","22,505.51","22,760.87","22,497.07","","1.88%"
"08/12/2020","22,843.96","22,747.44","22,874.37","22,670.74","","0.41%"
"08/13/2020","23,249.61","23,123.36","23,316.69","23,111.50","","1.78%"
"08/14/2020","23,289.36","23,323.92","23,338.79","23,222.85","","0.17%"
"08/17/2020","23,096.75","23,189.48","23,248.75","23,068.53","","-0.83%"
"08/18/2020","23,051.08","23,097.80","23,128.18","22,948.89","","-0.20%"
"08/19/2020","23,110.61","22,997.93","23,149.85","22,953.60","","0.26%"
"08/20/2020","22,880.62","23,003.58","23,078.36","22,851.83","","-1.00%"
"08/21/2020","22,920.30","23,022.76","23,135.43","22,920.30","","0.17%"
"08/24/2020","22,985.51","22,913.20","23,012.71","22,862.54","","0.28%"
"08/25/2020","23,296.77","23,242.74","23,431.04","23,225.39","","1.35%"
"08/26/2020","23,290.86","23,257.05","23,348.80","23,203.00","","-0.03%"
"08/27/2020","23,208.86","23,311.04","23,323.07","23,177.85","","-0.35%"
"08/28/2020","22,882.65","23,232.30","23,376.13","22,594.79","","-1.41%"
"08/31/2020","23,139.76","23,147.14","23,342.32","23,102.61","","1.12%"
"09/01/2020","23,138.07","23,089.63","23,206.66","23,047.77","","-0.01%"
"09/02/2020","23,247.15","23,261.09","23,287.40","23,170.82","","0.47%"
"09/03/2020","23,465.53","23,524.49","23,580.51","23,426.11","","0.94%"
"09/04/2020","23,205.43","23,130.32","23,257.69","23,098.77","","-1.11%"
"09/07/2020","23,089.95","23,145.47","23,218.22","23,086.89","","-0.50%"
"09/08/2020","23,274.13","23,188.79","23,277.66","23,129.66","","0.80%"
"09/09/2020","23,032.54","22,966.89","23,059.02","22,878.71","","-1.04%"
"09/10/2020","23,235.47","23,193.47","23,250.31","23,134.02","","0.88%"
"09/11/2020","23,406.49","23,114.63","23,412.93","23,114.63","","0.74%"
"09/14/2020","23,559.30","23,431.16","23,582.21","23,429.42","","0.65%"
"09/15/2020","23,454.89","23,438.83","23,477.86","23,351.35","","-0.44%"
"09/16/2020","23,475.53","23,425.23","23,506.45","23,397.43","","0.09%"
"09/17/2020","23,319.37","23,416.62","23,446.39","23,272.23","","-0.67%"
"09/18/2020","23,360.30","23,321.19","23,398.46","23,290.19","","0.18%"
"09/23/2020","23,346.49","23,245.89","23,370.13","23,154.45","","-0.06%"
"09/24/2020","23,087.82","23,215.00","23,234.72","23,039.48","","-1.11%"
"09/25/2020","23,204.62","23,217.33","23,272.67","23,154.66","","0.51%"
"09/28/2020","23,511.62","23,391.96","23,516.04","23,303.03","","1.32%"
"09/29/2020","23,539.10","23,410.50","23,622.74","23,347.64","","0.12%"
"09/30/2020","23,185.12","23,478.85","23,522.38","23,170.89","","-1.50%"
"10/02/2020","23,029.90","23,294.80","23,365.58","22,951.41","","-0.67%"
"10/05/2020","23,312.14","23,254.28","23,377.43","23,252.69","","1.23%"
"10/06/2020","23,433.73","23,420.07","23,441.16","23,331.40","","0.52%"
"10/07/2020","23,422.82","23,351.44","23,432.73","23,272.45","","-0.05%"
"10/08/2020","23,647.07","23,506.34","23,701.77","23,477.73","","0.96%"
"10/09/2020","23,619.69","23,713.86","23,725.58","23,552.73","","-0.12%"
"10/12/2020","23,558.69","23,588.74","23,597.91","23,501.26","","-0.26%"
"10/13/2020","23,601.78","23,667.90","23,667.90","23,490.95","","0.18%"
"10/14/2020","23,626.73","23,545.66","23,656.70","23,518.81","","0.11%"
"10/15/2020","23,507.23","23,548.45","23,581.16","23,458.43","","-0.51%"
"10/16/2020","23,410.63","23,478.40","23,538.74","23,382.67","","-0.41%"
"10/19/2020","23,671.13","23,543.69","23,707.16","23,543.69","","1.11%"
"10/20/2020","23,567.04","23,587.87","23,674.87","23,518.29","","-0.44%"
"10/21/2020","23,639.46","23,615.52","23,702.30","23,611.33","","0.31%"
"10/22/2020","23,474.27","23,525.59","23,555.78","23,436.17","","-0.70%"
"10/23/2020","23,516.59","23,558.71","23,587.90","23,469.13","","0.18%"
"10/26/2020","23,494.34","23,520.78","23,572.60","23,475.52","","-0.09%"
"10/27/2020","23,485.80","23,376.96","23,485.80","23,232.31","","-0.04%"
"10/28/2020","23,418.51","23,372.61","23,451.03","23,334.23","","-0.29%"
"10/29/2020","23,331.94","23,170.76","23,374.10","23,170.76","","-0.37%"
"10/30/2020","22,977.13","23,320.71","23,320.71","22,948.47","","-1.52%"
"11/02/2020","23,295.48","23,110.74","23,370.91","23,096.79","","1.39%"
"11/04/2020","23,695.23","23,619.58","23,801.88","23,505.78","","1.72%"
"11/05/2020","24,105.28","23,776.20","24,112.42","23,756.78","","1.73%"
"11/06/2020","24,325.23","24,076.22","24,389.00","24,039.16","","0.91%"
"11/09/2020","24,839.84","24,568.84","24,962.80","24,541.28","","2.12%"
"11/10/2020","24,905.59","25,087.30","25,279.94","24,833.18","","0.26%"
"11/11/2020","25,349.60","25,145.66","25,401.30","25,145.66","","1.78%"
"11/12/2020","25,520.88","25,439.35","25,587.96","25,316.60","","0.68%"
"11/13/2020","25,385.87","25,405.64","25,456.18","25,215.31","","-0.53%"
"11/16/2020","25,906.93","25,652.69","25,928.18","25,640.29","","2.05%"
"11/17/2020","26,014.62","26,043.45","26,057.30","25,851.54","","0.42%"
"11/18/2020","25,728.14","25,860.55","25,882.14","25,656.70","","-1.10%"
"11/19/2020","25,634.34","25,628.73","25,650.86","25,474.94","","-0.36%"
"11/20/2020","25,527.37","25,486.83","25,555.37","25,425.59","","-0.42%"
"11/24/2020","26,165.59","25,901.45","26,261.78","25,901.45","","2.50%"
"11/25/2020","26,296.86","26,468.52","26,706.42","26,258.35","","0.50%"
"11/26/2020","26,537.31","26,255.47","26,560.03","26,255.47","","0.91%"
"11/27/2020","26,644.71","26,530.28","26,672.40","26,419.05","","0.40%"
"11/30/2020","26,433.62","26,830.10","26,834.20","26,405.83","","-0.79%"
"12/01/2020","26,787.54","26,624.20","26,852.16","26,618.39","","1.34%"
"12/02/2020","26,800.98","26,884.99","26,889.90","26,695.28","","0.05%"
"12/03/2020","26,809.37","26,740.30","26,868.09","26,719.23","","0.03%"
"12/04/2020","26,751.24","26,697.26","26,799.83","26,646.08","","-0.22%"
"12/07/2020","26,547.44","26,894.25","26,894.25","26,500.32","","-0.76%"
"12/08/2020","26,467.08","26,380.32","26,523.30","26,327.08","","-0.30%"
"12/09/2020","26,817.94","26,526.34","26,826.78","26,520.60","","1.33%"
"12/10/2020","26,756.24","26,688.50","26,852.77","26,639.98","","-0.23%"
"12/11/2020","26,652.52","26,732.85","26,819.41","26,553.01","","-0.39%"
"12/14/2020","26,732.44","26,659.53","26,870.47","26,648.69","","0.30%"
"12/15/2020","26,687.84","26,683.11","26,736.84","26,605.54","","-0.17%"
"12/16/2020","26,757.40","26,835.59","26,874.98","26,717.03","","0.26%"
"12/17/2020","26,806.67","26,744.50","26,843.05","26,676.28","","0.18%"
"12/18/2020","26,763.39","26,775.53","26,824.29","26,707.30","","-0.16%"
"12/21/2020","26,714.42","26,834.10","26,905.67","26,533.63","","-0.18%"
"12/22/2020","26,436.39","26,559.33","26,639.99","26,361.66","","-1.04%"
"12/23/2020","26,524.79","26,580.43","26,585.21","26,414.74","","0.33%"
"12/24/2020","26,668.35","26,635.11","26,764.53","26,605.26","","0.54%"
"12/25/2020","26,656.61","26,708.10","26,716.61","26,638.28","","-0.04%"
"12/28/2020","26,854.03","26,691.29","26,854.03","26,664.60","","0.74%"
"12/29/2020","27,568.15","26,936.38","27,602.52","26,921.14","","2.66%"
"12/30/2020","27,444.17","27,559.10","27,572.57","27,338.56","","-0.45%"
"01/04/2021","27,258.38","27,575.57","27,602.11","27,042.32","","-0.68%"
"01/05/2021","27,158.63","27,151.38","27,279.78","27,073.46","","-0.37%"
"01/06/2021","27,055.94","27,102.85","27,196.40","27,002.18","","-0.38%"
"01/07/2021","27,490.13","27,340.46","27,624.73","27,340.46","","1.60%"
"01/08/2021","28,139.03","27,720.14","28,139.03","27,667.75","","2.36%"
"01/12/2021","28,164.34","28,004.37","28,287.37","27,899.45","","0.09%"
"01/13/2021","28,456.59","28,140.10","28,503.43","28,133.59","","1.04%"
"01/14/2021","28,698.26","28,442.73","28,979.53","28,411.58","","0.85%"
"01/15/2021","28,519.18","28,777.47","28,820.50","28,477.03","","-0.62%"
"01/18/2021","28,242.21","28,238.68","28,349.97","28,111.54","","-0.97%"
"01/19/2021","28,633.46","28,405.49","28,720.91","28,373.34","","1.39%"
"01/20/2021","28,523.26","28,798.74","28,801.19","28,402.11","","-0.38%"
"01/21/2021","28,756.86","28,710.41","28,846.15","28,677.61","","0.82%"
"01/22/2021","28,631.45","28,580.20","28,698.18","28,527.16","","-0.44%"
"01/25/2021","28,822.29","28,698.89","28,822.29","28,566.85","","0.67%"
"01/26/2021","28,546.18","28,696.30","28,740.71","28,527.81","","-0.96%"
"01/27/2021","28,635.21","28,665.34","28,754.99","28,542.00","","0.31%"
"01/28/2021","28,197.42","28,169.27","28,360.48","27,975.85","","-1.53%"
"01/29/2021","27,663.39","28,320.72","28,320.72","27,629.80","","-1.89%"
"02/01/2021","28,091.05","27,649.07","28,107.10","27,649.07","","1.55%"
"02/02/2021","28,362.17","28,207.48","28,379.31","28,089.12","","0.97%"
"02/03/2021","28,646.50","28,482.71","28,669.95","28,402.30","","1.00%"
"02/04/2021","28,341.95","28,557.46","28,600.22","28,325.89","","-1.06%"
"02/05/2021","28,779.19","28,631.46","28,785.71","28,548.27","","1.54%"
"02/08/2021","29,388.50","28,831.58","29,400.56","28,817.60","","2.12%"
"02/09/2021","29,505.93","29,435.61","29,585.75","29,350.48","","0.40%"
"02/10/2021","29,562.93","29,412.55","29,562.93","29,368.18","","0.19%"
"02/12/2021","29,520.07","29,635.88","29,650.51","29,417.32","","-0.14%"
"02/15/2021","30,084.15","29,662.41","30,092.34","29,662.41","","1.91%"
"02/16/2021","30,467.75","30,229.46","30,714.52","30,191.65","","1.28%"
"02/17/2021","30,292.19","30,366.82","30,398.20","30,191.01","","-0.58%"
"02/18/2021","30,236.09","30,311.98","30,560.49","30,140.01","","-0.19%"
"02/19/2021","30,017.92","29,970.59","30,169.59","29,847.33","","-0.72%"
"02/22/2021","30,156.03","30,281.78","30,458.13","30,089.18","","0.46%"
"02/24/2021","29,671.70","30,020.11","30,089.59","29,671.70","","-1.61%"
"02/25/2021","30,168.27","30,077.27","30,213.28","30,044.43","","1.67%"
"02/26/2021","28,966.01","29,753.73","29,760.31","28,966.01","","-3.99%"
"03/01/2021","29,663.50","29,419.45","29,686.39","29,396.04","","2.41%"
"03/02/2021","29,408.17","29,939.75","29,996.39","29,314.82","","-0.86%"
"03/03/2021","29,559.10","29,482.12","29,604.37","29,336.60","","0.51%"
"03/04/2021","28,930.11","29,198.42","29,277.19","28,711.04","","-2.13%"
"03/05/2021","28,864.32","28,725.48","28,867.83","28,308.57","","-0.23%"
"03/08/2021","28,743.25","29,208.19","29,255.90","28,644.26","","-0.42%"
"03/09/2021","29,027.94","28,748.87","29,053.56","28,609.21","","0.99%"
"03/10/2021","29,036.56","29,118.28","29,233.47","28,960.09","","0.03%"
"03/11/2021","29,211.64","29,033.92","29,255.42","28,995.33","","0.60%"
"03/12/2021","29,717.83","29,287.74","29,744.32","29,210.40","","1.73%"
"03/15/2021","29,766.97","29,804.50","29,884.73","29,670.31","","0.17%"
"03/16/2021","29,921.09","29,770.39","30,026.40","29,755.47","","0.52%"
"03/17/2021","29,914.33","29,836.83","29,984.97","29,825.16","","-0.02%"
"03/18/2021","30,216.75","30,148.48","30,485.00","30,041.50","","1.01%"
"03/19/2021","29,792.05","29,904.57","30,049.77","29,621.22","","-1.41%"
"03/22/2021","29,174.15","29,444.10","29,472.98","29,107.63","","-2.07%"
"03/23/2021","28,995.92","29,381.49","29,496.83","28,995.92","","-0.61%"
"03/24/2021","28,405.52","28,765.55","28,867.67","28,379.06","","-2.04%"
"03/25/2021","28,729.88","28,457.33","28,821.83","28,414.92","","1.14%"
"03/26/2021","29,176.70","29,068.52","29,240.74","28,953.22","","1.56%"
"03/29/2021","29,384.52","29,478.12","29,578.37","29,200.88","","0.71%"
"03/30/2021","29,432.70","29,365.04","29,478.20","29,283.89","","0.16%"
"03/31/2021","29,178.80","29,278.33","29,348.99","29,165.52","","-0.86%"
"04/01/2021","29,388.87","29,441.91","29,585.46","29,318.82","","0.72%"
"04/02/2021","29,854.00","29,704.66","29,869.67","29,694.09","","1.58%"
"04/05/2021","30,089.25","30,084.61","30,195.00","30,024.25","","0.79%"
"04/06/2021","29,696.63","30,208.89","30,208.89","29,665.86","","-1.30%"
"04/07/2021","29,730.79","29,743.48","29,867.94","29,523.55","","0.12%"
"04/08/2021","29,708.98","29,675.88","29,744.79","29,516.42","","-0.07%"
"04/09/2021","29,768.06","29,865.53","30,064.35","29,768.06","","0.20%"
"04/12/2021","29,538.73","29,874.43","29,876.04","29,538.73","","-0.77%"
"04/13/2021","29,751.61","29,605.69","29,897.11","29,573.79","","0.72%"
"04/14/2021","29,620.99","29,718.06","29,722.40","29,567.18","","-0.44%"
"04/15/2021","29,642.69","29,573.90","29,787.66","29,558.55","","0.07%"
"04/16/2021","29,683.37","29,789.08","29,789.08","29,621.83","","0.14%"
"04/19/2021","29,685.37","29,688.32","29,808.01","29,530.84","","0.01%"
"04/20/2021","29,100.38","29,355.87","29,361.28","29,014.36","","-1.97%"
"04/21/2021","28,508.55","28,660.36","28,778.93","28,419.84","","-2.03%"
"04/22/2021","29,188.17","28,880.78","29,192.39","28,800.86","","2.38%"
"04/23/2021","29,020.63","28,939.12","29,035.34","28,770.62","","-0.57%"
"04/26/2021","29,126.23","29,095.49","29,241.28","28,896.37","","0.36%"
"04/27/2021","28,991.89","29,174.53","29,187.11","28,990.19","","-0.46%"
"04/28/2021","29,053.97","28,935.51","29,139.70","28,875.91","","0.21%"
"04/30/2021","28,812.63","28,996.66","29,046.49","28,760.27","","-0.83%"
"05/06/2021","29,331.37","29,024.01","29,430.22","28,966.47","","1.80%"
"05/07/2021","29,357.82","29,330.45","29,449.86","29,237.36","","0.09%"
"05/10/2021","29,518.34","29,376.89","29,685.41","29,346.14","","0.55%"
"05/11/2021","28,608.59","29,238.56","29,289.12","28,535.36","","-3.08%"
"05/12/2021","28,147.51","28,712.10","28,831.03","27,888.59","","-1.61%"
"05/13/2021","27,448.01","27,929.01","27,961.96","27,385.03","","-2.49%"
"05/14/2021","28,084.47","27,723.70","28,139.96","27,723.70","","2.32%"
"05/17/2021","27,824.83","28,310.46","28,312.78","27,632.53","","-0.92%"
"05/18/2021","28,406.84","27,931.57","28,481.17","27,931.57","","2.09%"
"05/19/2021","28,044.45","28,031.22","28,216.65","27,842.98","","-1.28%"
"05/20/2021","28,098.25","27,875.50","28,176.87","27,821.96","","0.19%"
"05/21/2021","28,317.83","28,269.61","28,411.56","28,193.03","","0.78%"
"05/24/2021","28,364.61","28,212.32","28,584.18","28,212.32","","0.17%"
"05/25/2021","28,553.98","28,516.99","28,576.97","28,443.74","","0.67%"
"05/26/2021","28,642.19","28,396.62","28,710.83","28,396.62","","0.31%"
"05/27/2021","28,549.01","28,543.32","28,587.21","28,360.56","","-0.33%"
"05/28/2021","29,149.41","28,912.54","29,194.11","28,899.66","","2.10%"
"05/31/2021","28,860.08","29,019.45","29,147.71","28,791.60","","-0.99%"
"06/01/2021","28,814.34","28,998.65","29,075.47","28,611.25","","-0.16%"
"06/02/2021","28,946.14","28,730.81","29,003.55","28,565.83","","0.46%"
"06/03/2021","29,058.11","28,890.39","29,157.16","28,879.15","","0.39%"
"06/04/2021","28,941.52","28,901.42","28,991.24","28,764.68","","-0.40%"
"06/07/2021","29,019.24","29,214.00","29,241.20","28,973.05","","0.27%"
"06/08/2021","28,963.56","29,046.03","29,140.68","28,897.64","","-0.19%"
"06/09/2021","28,860.80","28,901.56","28,932.03","28,801.83","","-0.35%"
"06/10/2021","28,958.56","28,799.74","29,007.53","28,799.74","","0.34%"
"06/11/2021","28,948.73","29,030.04","29,080.89","28,839.54","","-0.03%"
"06/14/2021","29,161.80","29,153.11","29,208.35","29,026.27","","0.74%"
"06/15/2021","29,441.30","29,256.03","29,480.85","29,235.71","","0.96%"
"06/16/2021","29,291.01","29,306.14","29,434.10","29,263.72","","-0.51%"
"06/17/2021","29,018.33","29,149.34","29,197.68","28,875.39","","-0.93%"
"06/18/2021","28,964.08","29,136.74","29,136.74","28,957.98","","-0.19%"
"06/21/2021","28,010.93","28,506.84","28,506.84","27,795.86","","-3.29%"
"06/22/2021","28,884.13","28,513.07","28,895.26","28,494.46","","3.12%"
"06/23/2021","28,874.89","28,886.92","29,007.83","28,860.06","","-0.03%"
"06/24/2021","28,875.23","28,811.82","28,935.34","28,758.37","","0.00%"
"06/25/2021","29,066.18","29,137.30","29,174.17","28,992.74","","0.66%"
"06/28/2021","29,048.02","29,112.66","29,121.28","28,984.93","","-0.06%"
"06/29/2021","28,812.61","28,927.44","28,951.68","28,735.55","","-0.81%"
"06/30/2021","28,791.53","28,896.31","28,998.99","28,779.76","","-0.07%"
"07/01/2021","28,707.04","28,832.41","28,833.17","28,624.80","","-0.29%"
"07/02/2021","28,783.28","28,719.24","28,849.32","28,688.63","","0.27%"
"07/05/2021","28,598.19","28,709.57","28,731.07","28,581.08","","-0.64%"
"07/06/2021","28,643.21","28,677.95","28,748.23","28,587.61","","0.16%"
"07/07/2021","28,366.95","28,262.40","28,434.99","28,161.75","","-0.96%"
"07/08/2021","28,118.03","28,332.63","28,366.76","28,118.03","","-0.88%"
"07/09/2021","27,940.42","27,739.42","28,000.02","27,419.40","","-0.63%"
"07/12/2021","28,569.02","28,412.70","28,595.12","28,405.60","","2.25%"
"07/13/2021","28,718.24","28,713.82","28,852.31","28,699.04","","0.52%"
"07/14/2021","28,608.49","28,517.31","28,696.80","28,482.82","","-0.38%"
"07/15/2021","28,279.09","28,539.32","28,571.72","28,240.21","","-1.15%"
"07/16/2021","28,003.08","28,039.26","28,201.30","27,847.35","","-0.98%"
"07/19/2021","27,652.74","27,663.40","27,792.52","27,493.63","","-1.25%"
"07/20/2021","27,388.16","27,351.80","27,564.52","27,330.15","","-0.96%"
"07/21/2021","27,548.00","27,747.06","27,882.43","27,438.07","","0.58%"
"07/26/2021","27,833.29","27,990.47","28,036.47","27,786.44","","1.04%"
"07/27/2021","27,970.22","27,911.93","28,036.23","27,862.69","","0.49%"
"07/28/2021","27,581.66","27,674.99","27,809.86","27,466.99","","-1.39%"
"07/29/2021","27,782.42","27,722.61","27,798.05","27,663.41","","0.73%"
"07/30/2021","27,283.59","27,677.89","27,699.35","27,272.49","","-1.80%"
"08/02/2021","27,781.02","27,493.32","27,834.60","27,493.32","","1.82%"
"08/03/2021","27,641.83","27,580.03","27,724.45","27,492.40","","-0.50%"
"08/04/2021","27,584.08","27,612.90","27,636.34","27,488.74","","-0.21%"
"08/05/2021","27,728.12","27,526.67","27,741.55","27,526.67","","0.52%"
"08/06/2021","27,820.04","27,709.22","27,888.87","27,709.22","","0.33%"
"08/10/2021","27,888.15","27,887.03","28,128.61","27,808.54","","0.24%"
"08/11/2021","28,070.51","28,045.84","28,146.68","27,974.99","","0.65%"
"08/12/2021","28,015.02","28,177.20","28,279.80","28,006.31","","-0.20%"
"08/13/2021","27,977.15","28,038.96","28,070.00","27,949.33","","-0.14%"
"08/16/2021","27,523.19","27,806.11","27,833.21","27,427.38","","-1.62%"
"08/17/2021","27,424.47","27,666.94","27,750.39","27,424.47","","-0.36%"
"08/18/2021","27,585.91","27,418.08","27,671.57","27,347.77","","0.59%"
"08/19/2021","27,281.17","27,398.58","27,504.80","27,255.58","","-1.10%"
"08/20/2021","27,013.25","27,238.45","27,316.79","26,954.81","","-0.98%"
"08/23/2021","27,494.24","27,193.10","27,541.63","27,193.10","","1.78%"
"08/24/2021","27,732.10","27,653.23","27,817.89","27,653.23","","0.87%"
"08/25/2021","27,724.80","27,768.13","27,897.72","27,684.05","","-0.03%"
"08/26/2021","27,742.29","27,793.63","27,828.28","27,684.50","","0.06%"
"08/27/2021","27,641.14","27,581.24","27,670.66","27,481.23","","-0.36%"
"08/30/2021","27,789.29","27,867.60","27,921.55","27,656.63","","0.54%"
"08/31/2021","28,089.54","27,690.77","28,158.95","27,602.21","","1.08%"
"09/01/2021","28,451.02","28,179.04","28,457.67","28,179.04","","1.29%"
"09/02/2021","28,543.51","28,522.46","28,626.20","28,412.91","","0.33%"
"09/03/2021","29,128.11","28,626.48","29,149.65","28,607.87","","2.05%"
"09/06/2021","29,659.89","29,501.22","29,705.04","29,469.35","","1.83%"
"09/07/2021","29,916.14","29,883.92","30,048.23","29,838.43","","0.86%"
"09/08/2021","30,181.21","29,819.55","30,241.87","29,787.13","","0.89%"
"09/09/2021","30,008.19","29,959.21","30,097.56","29,909.92","","-0.57%"
"09/10/2021","30,381.84","30,089.45","30,381.84","30,064.02","","1.25%"
"09/13/2021","30,447.37","30,372.02","30,447.37","30,229.01","","0.22%"
"09/14/2021","30,670.10","30,584.77","30,795.78","30,504.81","","0.73%"
"09/15/2021","30,511.71","30,464.17","30,573.41","30,347.30","","-0.52%"
"09/16/2021","30,323.34","30,606.15","30,622.39","30,202.51","","-0.62%"
"09/17/2021","30,500.05","30,387.54","30,541.99","30,358.93","","0.58%"
"09/21/2021","29,839.71","30,021.25","30,051.00","29,832.52","","-2.17%"
"09/22/2021","29,639.40","29,744.73","29,868.10","29,573.88","","-0.67%"
"09/24/2021","30,248.81","30,141.61","30,276.38","30,110.30","","2.06%"
"09/27/2021","30,240.06","30,277.82","30,414.61","30,197.40","","-0.03%"
"09/28/2021","30,183.96","30,142.38","30,207.63","30,001.99","","-0.19%"
"09/29/2021","29,544.29","29,611.92","29,679.26","29,329.16","","-2.12%"
"09/30/2021","29,452.66","29,569.19","29,622.27","29,311.34","","-0.31%"
"10/01/2021","28,771.07","29,235.11","29,393.67","28,680.73","","-2.31%"
"10/04/2021","28,444.89","29,044.47","29,046.06","28,343.58","","-1.13%"
"10/05/2021","27,822.12","28,050.39","28,058.67","27,460.29","","-2.19%"
"10/06/2021","27,528.87","28,033.91","28,209.82","27,293.62","","-1.05%"
"10/07/2021","27,678.21","27,665.97","28,015.11","27,607.97","","0.54%"
"10/08/2021","28,048.94","28,031.37","28,321.35","28,018.89","","1.34%"
"10/11/2021","28,498.20","27,977.57","28,581.36","27,893.32","","1.60%"
"10/12/2021","28,230.61","28,458.88","28,468.88","28,166.38","","-0.94%"
"10/13/2021","28,140.28","28,085.44","28,364.99","27,993.46","","-0.32%"
"10/14/2021","28,550.93","28,264.41","28,576.68","28,234.01","","1.46%"
"10/15/2021","29,068.63","28,787.26","29,082.35","28,726.22","","1.81%"
"10/18/2021","29,025.46","29,093.82","29,144.33","28,924.40","","-0.15%"
"10/19/2021","29,215.52","29,117.28","29,272.49","29,075.37","","0.65%"
"10/20/2021","29,255.55","29,385.95","29,489.11","29,222.32","","0.14%"
"10/21/2021","28,708.58","29,152.74","29,220.82","28,688.78","","-1.87%"
"10/22/2021","28,804.85","28,578.53","28,989.50","28,546.57","","0.34%"
"10/25/2021","28,600.41","28,527.13","28,668.70","28,472.55","","-0.71%"
"10/26/2021","29,106.01","28,927.61","29,160.76","28,893.95","","1.77%"
"10/27/2021","29,098.24","29,056.01","29,139.22","28,870.25","","-0.03%"
"10/28/2021","28,820.09","28,871.61","28,895.11","28,693.06","","-0.96%"
"10/29/2021","28,892.69","28,819.16","29,000.65","28,475.06","","0.25%"
"11/01/2021","29,647.08","29,330.68","29,666.83","29,267.63","","2.61%"
"11/02/2021","29,520.90","29,462.40","29,599.57","29,457.18","","-0.43%"
"11/04/2021","29,794.37","29,859.74","29,880.81","29,718.78","","0.93%"
"11/05/2021","29,611.57","29,840.73","29,840.73","29,504.07","","-0.61%"
"11/08/2021","29,507.05","29,735.45","29,735.45","29,507.05","","-0.35%"
"11/09/2021","29,285.46","29,557.55","29,750.46","29,240.31","","-0.75%"
"11/10/2021","29,106.78","29,209.06","29,296.88","29,079.77","","-0.61%"
"11/11/2021","29,277.86","29,046.19","29,336.03","29,040.08","","0.59%"
"11/12/2021","29,609.97","29,381.45","29,661.22","29,381.45","","1.13%"
"11/15/2021","29,776.80","29,807.37","29,861.88","29,718.21","","0.56%"
"11/16/2021","29,808.12","29,749.71","29,960.93","29,681.25","","0.11%"
"11/17/2021","29,688.33","29,906.68","29,909.97","29,623.79","","-0.40%"
"11/18/2021","29,598.66","29,597.93","29,715.95","29,402.57","","-0.30%"
"11/19/2021","29,745.87","29,641.05","29,768.54","29,589.19","","0.50%"
"11/22/2021","29,774.11","29,618.55","29,806.49","29,542.29","","0.09%"
"11/24/2021","29,302.66","29,663.45","29,758.05","29,212.93","","-1.58%"
"11/25/2021","29,499.28","29,469.65","29,570.42","29,444.45","","0.67%"
"11/26/2021","28,751.62","29,324.47","29,332.99","28,605.61","","-2.53%"
"11/29/2021","28,283.92","28,337.96","28,776.34","28,187.12","","-1.63%"
"11/30/2021","27,821.76","28,611.73","28,718.70","27,819.14","","-1.63%"
"12/01/2021","27,935.62","27,866.73","28,106.30","27,594.01","","0.41%"
"12/02/2021","27,753.37","27,716.20","27,938.55","27,644.96","","-0.65%"
"12/03/2021","28,029.57","27,841.05","28,029.57","27,588.61","","1.00%"
"12/06/2021","27,927.37","28,069.96","28,081.04","27,693.91","","-0.36%"
"12/07/2021","28,455.60","28,138.82","28,618.46","27,961.66","","1.89%"
"12/08/2021","28,860.62","28,792.89","28,897.44","28,621.47","","1.42%"
"12/09/2021","28,725.47","28,827.32","28,908.29","28,725.47","","-0.47%"
"12/10/2021","28,437.77","28,542.50","28,699.01","28,392.87","","-1.00%"
"12/13/2021","28,640.49","28,705.26","28,793.32","28,593.45","","0.71%"
"12/14/2021","28,432.64","28,554.86","28,672.96","28,309.67","","-0.73%"
"12/15/2021","28,459.72","28,358.47","28,525.83","28,358.47","","0.10%"
"12/16/2021","29,066.32","28,868.37","29,070.08","28,782.19","","2.13%"
"12/17/2021","28,545.68","28,854.60","28,904.94","28,503.08","","-1.79%"
"12/20/2021","27,937.81","28,325.46","28,441.51","27,893.18","","-2.13%"
"12/21/2021","28,517.59","28,309.60","28,533.74","28,226.43","","2.08%"
"12/22/2021","28,562.21","28,614.06","28,673.77","28,473.85","","0.16%"
"12/23/2021","28,798.37","28,703.01","28,798.37","28,640.15","","0.83%"
"12/24/2021","28,782.59","28,836.05","28,870.13","28,773.50","","-0.05%"
"12/27/2021","28,676.46","28,786.33","28,805.28","28,658.82","","-0.37%"
"12/28/2021","29,069.16","28,953.32","29,121.01","28,879.68","","1.37%"
"12/29/2021","28,906.88","28,995.73","29,106.28","28,729.61","","-0.56%"
"12/30/2021","28,791.71","28,794.24","28,904.42","28,579.49","","-0.40%"
"01/04/2022","29,301.79","29,098.41","29,323.79","28,954.56","","1.77%"
"01/05/2022","29,332.16","29,288.80","29,388.16","29,204.45","","0.10%"
"01/06/2022","28,487.87","29,136.75","29,158.95","28,487.87","","-2.88%"
"01/07/2022","28,478.56","28,711.53","28,813.09","28,293.70","","-0.03%"
"01/11/2022","28,222.48","28,380.90","28,473.47","28,089.49","","-0.90%"
"01/12/2022","28,765.66","28,449.53","28,814.31","28,427.60","","1.92%"
"01/13/2022","28,489.13","28,658.22","28,660.45","28,444.96","","-0.96%"
"01/14/2022","28,124.28","28,246.99","28,252.96","27,889.21","","-1.28%"
"01/17/2022","28,333.52","28,332.72","28,449.99","28,274.18","","0.74%"
"01/18/2022","28,257.25","28,451.34","28,690.34","28,129.66","","-0.27%"
"01/19/2022","27,467.23","27,928.89","27,958.17","27,314.41","","-2.80%"
"01/20/2022","27,772.93","27,401.43","27,882.53","27,217.59","","1.11%"
"01/21/2022","27,522.26","27,404.36","27,586.42","27,129.61","","-0.90%"
"01/24/2022","27,588.37","27,258.45","27,627.60","27,203.33","","0.24%"
"01/25/2022","27,131.34","27,466.82","27,493.75","26,890.94","","-1.66%"
"01/26/2022","27,011.33","27,105.98","27,184.54","26,858.68","","-0.44%"
"01/27/2022","26,170.30","27,139.88","27,193.59","26,044.52","","-3.11%"
"01/28/2022","26,717.34","26,429.85","26,764.85","26,289.69","","2.09%"
"01/31/2022","27,001.98","26,690.60","27,134.57","26,541.65","","1.07%"
"02/01/2022","27,078.48","27,167.14","27,410.79","27,016.71","","0.28%"
"02/02/2022","27,533.60","27,302.99","27,564.62","27,289.16","","1.68%"
"02/03/2022","27,241.31","27,330.96","27,357.33","27,165.93","","-1.06%"
"02/04/2022","27,439.99","27,095.90","27,455.98","27,075.99","","0.73%"
"02/07/2022","27,248.87","27,327.63","27,369.68","27,085.32","","-0.70%"
"02/08/2022","27,284.52","27,318.30","27,461.33","27,280.25","","0.13%"
"02/09/2022","27,579.87","27,488.65","27,633.10","27,405.88","","1.08%"
"02/10/2022","27,696.08","27,818.10","27,880.70","27,575.07","","0.42%"
"02/14/2022","27,079.59","27,305.92","27,325.50","26,947.65","","-2.23%"
"02/15/2022","26,865.19","27,183.56","27,205.20","26,724.91","","-0.79%"
"02/16/2022","27,460.40","27,269.05","27,486.09","27,227.24","","2.22%"
"02/17/2022","27,232.87","27,431.42","27,438.74","27,080.92","","-0.83%"
"02/18/2022","27,122.07","26,895.16","27,216.16","26,792.54","","-0.41%"
"02/21/2022","26,910.87","26,771.58","26,998.47","26,549.00","","-0.78%"
"02/22/2022","26,449.61","26,515.45","26,550.14","26,243.73","","-1.71%"
"02/24/2022","25,970.82","26,281.35","26,357.58","25,775.64","","-1.81%"
"02/25/2022","26,476.50","26,213.20","26,481.60","26,160.19","","1.95%"
"02/28/2022","26,526.82","26,457.52","26,644.56","26,262.63","","0.19%"
"03/01/2022","26,844.72","26,836.74","27,013.26","26,821.75","","1.20%"
"03/02/2022","26,393.03","26,532.20","26,585.30","26,313.72","","-1.68%"
"03/03/2022","26,577.27","26,628.87","26,704.85","26,496.72","","0.70%"
"03/04/2022","25,985.47","26,421.85","26,421.85","25,774.28","","-2.23%"
"03/07/2022","25,221.41","25,634.09","25,640.41","25,006.26","","-2.94%"
"03/08/2022","24,790.95","24,974.35","25,291.33","24,767.33","","-1.71%"
"03/09/2022","24,717.53","24,876.49","25,084.08","24,681.74","","-0.30%"
"03/10/2022","25,690.40","25,108.47","25,720.31","25,099.85","","3.94%"
"03/11/2022","25,162.78","25,495.03","25,503.65","24,966.50","","-2.05%"
"03/14/2022","25,307.85","25,338.64","25,631.01","25,299.64","","0.58%"
"03/15/2022","25,346.48","25,228.53","25,441.67","25,219.13","","0.15%"
"03/16/2022","25,762.01","25,574.90","25,824.94","25,470.46","","1.64%"
"03/17/2022","26,652.89","26,170.38","26,702.94","26,152.89","","3.46%"
"03/18/2022","26,827.43","26,649.50","26,862.43","26,592.98","","0.65%"
"03/22/2022","27,224.11","27,091.32","27,284.47","27,076.33","","1.48%"
"03/23/2022","28,040.16","27,606.79","28,056.20","27,604.37","","3.00%"
"03/24/2022","28,110.39","27,693.77","28,110.39","27,624.62","","0.25%"
"03/25/2022","28,149.84","28,338.81","28,338.81","27,946.79","","0.14%"
"03/28/2022","27,943.89","28,084.08","28,084.08","27,812.67","","-0.73%"
"03/29/2022","28,252.42","28,173.43","28,252.42","28,063.92","","1.10%"
"03/30/2022","28,027.25","28,250.80","28,281.45","27,736.27","","-0.80%"
"03/31/2022","27,821.43","27,809.97","28,101.68","27,763.96","","-0.73%"
"04/01/2022","27,665.98","27,624.11","27,738.31","27,399.48","","-0.56%"
"04/04/2022","27,736.47","27,685.65","27,754.24","27,578.81","","0.25%"
"04/05/2022","27,787.98","27,965.94","27,965.94","27,662.28","","0.19%"
"04/06/2022","27,350.30","27,533.88","27,549.67","27,214.61","","-1.58%"
"04/07/2022","26,888.57","27,032.42","27,042.49","26,801.79","","-1.69%"
"04/08/2022","26,985.80","27,097.05","27,185.23","26,764.36","","0.36%"
"04/11/2022","26,821.52","26,877.60","27,004.50","26,720.46","","-0.61%"
"04/12/2022","26,334.98","26,606.87","26,674.86","26,304.08","","-1.81%"
"04/13/2022","26,843.49","26,436.06","26,885.87","26,429.47","","1.93%"
"04/14/2022","27,172.00","26,925.64","27,200.89","26,890.68","","1.22%"
"04/15/2022","27,093.19","26,932.48","27,203.77","26,784.92","","-0.29%"
"04/18/2022","26,799.71","26,831.45","26,851.80","26,571.38","","-1.08%"
"04/19/2022","26,985.09","27,096.49","27,100.59","26,777.71","","0.69%"
"04/20/2022","27,217.85","27,210.79","27,389.84","27,066.18","","0.86%"
"04/21/2022","27,553.06","27,259.14","27,580.64","27,252.83","","1.23%"
"04/22/2022","27,105.26","27,197.80","27,205.83","26,904.38","","-1.63%"
"04/25/2022","26,590.78","26,692.48","26,764.48","26,487.84","","-1.90%"
"04/26/2022","26,700.11","26,743.21","26,808.99","26,592.99","","0.41%"
"04/27/2022","26,386.63","26,313.14","26,406.62","26,051.04","","-1.17%"
"04/28/2022","26,847.90","26,430.28","26,876.95","26,348.36","","1.75%"
"05/02/2022","26,818.53","26,851.10","26,964.59","26,610.86","","-0.11%"
"05/06/2022","27,003.56","26,784.29","27,072.59","26,543.29","","0.69%"
"05/09/2022","26,319.34","26,705.32","26,732.61","26,309.22","","-2.53%"
"05/10/2022","26,167.10","26,149.06","26,246.63","25,773.83","","-0.58%"
"05/11/2022","26,213.64","26,045.38","26,290.62","26,003.26","","0.18%"
"05/12/2022","25,748.72","25,945.04","26,028.36","25,688.11","","-1.77%"
"05/13/2022","26,427.65","25,918.80","26,479.93","25,904.40","","2.64%"
"05/16/2022","26,547.05","26,753.37","26,836.96","26,438.61","","0.45%"
"05/17/2022","26,659.75","26,555.23","26,709.26","26,440.62","","0.42%"
"05/18/2022","26,911.20","26,826.82","27,053.18","26,741.34","","0.94%"
"05/19/2022","26,402.84","26,435.32","26,458.85","26,150.09","","-1.89%"
"05/20/2022","26,739.03","26,448.23","26,769.20","26,426.99","","1.27%"
"05/23/2022","27,001.52","26,991.42","27,047.47","26,832.65","","0.98%"
"05/24/2022","26,748.14","27,005.43","27,005.43","26,736.01","","-0.94%"
"05/25/2022","26,677.80","26,711.53","26,795.89","26,578.03","","-0.26%"
"05/26/2022","26,604.84","26,685.02","26,898.75","26,597.97","","-0.27%"
"05/27/2022","26,781.68","26,947.80","26,996.70","26,731.60","","0.66%"
"05/30/2022","27,369.43","27,092.82","27,401.24","27,057.20","","2.19%"
"05/31/2022","27,279.80","27,318.09","27,463.33","27,250.70","","-0.33%"
"06/01/2022","27,457.89","27,295.63","27,482.31","27,295.42","","0.65%"
"06/02/2022","27,413.88","27,340.52","27,450.47","27,251.24","","-0.16%"
"06/03/2022","27,761.57","27,660.62","27,776.33","27,614.86","","1.27%"
"06/06/2022","27,915.89","27,549.64","27,979.54","27,523.95","","0.56%"
"06/07/2022","27,943.95","27,984.79","28,094.73","27,863.38","","0.10%"
"06/08/2022","28,234.29","28,100.26","28,234.29","28,089.78","","1.04%"
"06/09/2022","28,246.53","28,189.35","28,389.75","28,189.35","","0.04%"
"06/10/2022","27,824.29","27,996.35","28,044.45","27,795.17","","-1.49%"
"06/13/2022","26,987.44","27,369.66","27,389.30","26,948.22","","-3.01%"
"06/14/2022","26,629.86","26,555.75","26,657.92","26,357.90","","-1.32%"
"06/15/2022","26,326.16","26,625.68","26,638.76","26,321.68","","-1.14%"
"06/16/2022","26,431.20","26,715.52","26,947.70","26,431.20","","0.40%"
"06/17/2022","25,963.00","25,988.20","26,072.35","25,720.80","","-1.77%"
"06/20/2022","25,771.22","26,156.62","26,156.62","25,520.23","","-0.74%"
"06/21/2022","26,246.31","26,070.92","26,418.84","25,972.28","","1.84%"
"06/22/2022","26,149.55","26,441.72","26,462.83","26,149.17","","-0.37%"
"06/23/2022","26,171.25","26,134.89","26,401.97","26,039.57","","0.08%"
"06/24/2022","26,491.97","26,228.42","26,519.16","26,148.56","","1.23%"
"06/27/2022","26,871.27","26,741.80","26,938.43","26,665.44","","1.43%"
"06/28/2022","27,049.47","26,795.68","27,062.31","26,789.50","","0.66%"
"06/29/2022","26,804.60","26,814.23","26,858.68","26,687.47","","-0.91%"
"06/30/2022","26,393.04","26,753.28","26,753.28","26,324.31","","-1.54%"
"07/01/2022","25,935.62","26,460.71","26,531.24","25,841.75","","-1.73%"
"07/04/2022","26,153.81","26,086.78","26,258.86","25,945.83","","0.84%"
"07/05/2022","26,423.47","26,386.23","26,532.51","26,294.84","","1.03%"
"07/06/2022","26,107.65","26,190.40","26,298.96","26,051.19","","-1.20%"
"07/07/2022","26,490.53","26,280.94","26,533.65","26,136.99","","1.47%"
"07/08/2022","26,517.19","26,623.85","26,881.75","26,510.53","","0.10%"
"07/11/2022","26,812.30","26,892.73","27,062.17","26,710.59","","1.11%"
"07/12/2022","26,336.66","26,701.00","26,718.67","26,278.28","","-1.77%"
"07/13/2022","26,478.77","26,403.79","26,543.07","26,389.10","","0.54%"
"07/14/2022","26,643.39","26,357.32","26,713.07","26,312.79","","0.62%"
"07/15/2022","26,788.47","26,736.08","26,857.77","26,571.38","","0.54%"
"07/19/2022","26,961.68","27,003.83","27,043.58","26,791.71","","0.65%"
"07/20/2022","27,680.26","27,295.95","27,692.85","27,295.95","","2.67%"
"07/21/2022","27,803.00","27,627.88","27,803.00","27,549.56","","0.44%"
"07/22/2022","27,914.66","27,773.14","27,952.25","27,701.25","","0.40%"
"07/25/2022","27,699.25","27,697.77","27,848.59","27,663.16","","-0.77%"
"07/26/2022","27,655.21","27,682.20","27,715.78","27,538.39","","-0.16%"
"07/27/2022","27,715.75","27,575.16","27,772.97","27,525.09","","0.22%"
"07/28/2022","27,815.48","27,909.15","28,015.68","27,651.99","","0.36%"
"07/29/2022","27,801.64","27,915.22","28,001.80","27,725.24","","-0.05%"
"08/01/2022","27,993.35","27,813.82","27,993.35","27,751.59","","0.69%"
"08/02/2022","27,594.73","27,812.48","27,830.58","27,530.60","","-1.42%"
"08/03/2022","27,741.90","27,673.00","27,837.63","27,634.65","","0.53%"
"08/04/2022","27,932.20","27,930.94","28,005.59","27,870.05","","0.69%"
"08/05/2022","28,175.87","27,915.06","28,190.04","27,910.22","","0.87%"
"08/08/2022","28,249.24","28,050.09","28,279.12","28,047.08","","0.26%"
"08/09/2022","27,999.96","28,236.84","28,257.34","27,966.91","","-0.88%"
"08/10/2022","27,819.33","27,955.11","27,964.96","27,729.46","","-0.65%"
"08/12/2022","28,546.98","28,251.74","28,546.98","28,207.86","","2.62%"
"08/15/2022","28,871.78","28,623.78","28,897.07","28,623.78","","1.14%"
"08/16/2022","28,868.91","28,829.53","28,928.16","28,752.88","","-0.01%"
"08/17/2022","29,222.77","28,952.65","29,222.77","28,944.71","","1.23%"
"08/18/2022","28,942.14","28,957.40","28,999.64","28,846.52","","-0.96%"
"08/19/2022","28,930.33","29,095.71","29,150.80","28,913.05","","-0.04%"
"08/22/2022","28,794.50","28,654.07","28,828.21","28,586.36","","-0.47%"
"08/23/2022","28,452.75","28,580.20","28,580.20","28,395.30","","-1.19%"
"08/24/2022","28,313.47","28,481.34","28,515.61","28,282.21","","-0.49%"
"08/25/2022","28,479.01","28,415.11","28,534.71","28,357.03","","0.58%"
"08/26/2022","28,641.38","28,639.47","28,792.93","28,608.70","","0.57%"
"08/29/2022","27,878.96","28,161.06","28,179.09","27,788.12","","-2.66%"
"08/30/2022","28,195.58","28,086.72","28,233.80","27,944.25","","1.14%"
"08/31/2022","28,091.53","27,928.09","28,104.80","27,906.17","","-0.37%"
"09/01/2022","27,661.47","27,797.00","27,832.78","27,589.70","","-1.53%"
"09/02/2022","27,650.84","27,755.60","27,772.37","27,570.74","","-0.04%"
"09/05/2022","27,619.61","27,567.29","27,673.44","27,511.68","","-0.11%"
"09/06/2022","27,626.51","27,650.15","27,813.78","27,557.99","","0.02%"
"09/07/2022","27,430.30","27,546.01","27,546.01","27,268.70","","-0.71%"
"09/08/2022","28,065.28","27,732.68","28,083.79","27,718.30","","2.31%"
"09/09/2022","28,214.75","28,204.71","28,286.02","28,091.38","","0.53%"
"09/12/2022","28,542.11","28,483.59","28,612.89","28,438.37","","1.16%"
"09/13/2022","28,614.63","28,556.21","28,659.76","28,530.36","","0.25%"
"09/14/2022","27,818.62","28,132.70","28,141.92","27,795.64","","-2.78%"
"09/15/2022","27,875.91","27,873.96","27,946.20","27,801.44","","0.21%"
"09/16/2022","27,567.65","27,631.39","27,654.99","27,525.68","","-1.11%"
"09/20/2022","27,688.42","27,788.68","27,907.45","27,627.86","","0.44%"
"09/21/2022","27,313.13","27,440.84","27,467.34","27,297.50","","-1.36%"
"09/22/2022","27,153.83","27,053.58","27,197.07","26,955.18","","-0.58%"
"09/26/2022","26,431.55","26,779.44","26,779.44","26,424.60","","-2.66%"
"09/27/2022","26,571.87","26,585.38","26,680.20","26,523.77","","0.53%"
"09/28/2022","26,173.98","26,422.86","26,516.32","25,938.36","","-1.50%"
"09/29/2022","26,422.05","26,280.50","26,458.67","26,221.78","","0.95%"
"09/30/2022","25,937.21","26,240.00","26,273.65","25,805.59","","-1.83%"
"10/03/2022","26,215.79","25,778.95","26,223.84","25,621.96","","1.07%"
"10/04/2022","26,992.21","26,653.49","26,994.44","26,633.52","","2.96%"
"10/05/2022","27,120.53","27,211.32","27,216.80","27,030.55","","0.48%"
"10/06/2022","27,311.30","27,137.98","27,399.19","27,137.98","","0.70%"
"10/07/2022","27,116.11","26,975.92","27,198.91","26,921.90","","-0.71%"
"10/11/2022","26,401.25","26,757.12","26,759.62","26,369.56","","-2.64%"
"10/12/2022","26,396.83","26,353.22","26,495.75","26,313.41","","-0.02%"
"10/13/2022","26,237.42","26,398.29","26,408.31","26,237.42","","-0.60%"
"10/14/2022","27,090.76","26,599.32","27,180.16","26,595.35","","3.25%"
"10/17/2022","26,775.79","26,785.02","26,814.92","26,649.13","","-1.16%"
"10/18/2022","27,156.14","27,167.73","27,229.88","26,910.10","","1.42%"
"10/19/2022","27,257.38","27,225.17","27,371.38","27,192.79","","0.37%"
"10/20/2022","27,006.96","26,981.75","27,092.55","26,872.45","","-0.92%"
"10/21/2022","26,890.58","26,903.50","26,985.38","26,869.38","","-0.43%"
"10/24/2022","26,974.90","27,233.00","27,308.97","26,974.90","","0.31%"
"10/25/2022","27,250.28","27,113.20","27,337.80","27,073.18","","1.02%"
"10/26/2022","27,431.84","27,410.64","27,578.05","27,404.90","","0.67%"
"10/27/2022","27,345.24","27,407.23","27,450.26","27,330.79","","-0.32%"
"10/28/2022","27,105.20","27,097.38","27,265.46","26,981.08","","-0.88%"
"10/31/2022","27,587.46","27,404.30","27,602.99","27,392.99","","1.78%"
"11/01/2022","27,678.92","27,614.64","27,682.97","27,526.18","","0.33%"
"11/02/2022","27,663.39","27,562.30","27,692.55","27,546.88","","-0.06%"
"11/04/2022","27,199.74","27,371.89","27,389.30","27,032.02","","-1.68%"
"11/07/2022","27,527.64","27,406.78","27,578.01","27,357.53","","1.21%"
"11/08/2022","27,872.11","27,718.84","27,943.27","27,704.64","","1.25%"
"11/09/2022","27,716.43","27,884.55","27,926.52","27,688.86","","-0.56%"
"11/10/2022","27,446.10","27,459.08","27,485.38","27,370.62","","-0.98%"
"11/11/2022","28,263.57","27,868.69","28,329.54","27,837.09","","2.98%"
"11/14/2022","27,963.47","28,277.64","28,305.04","27,963.47","","-1.06%"
"11/15/2022","27,990.17","27,940.26","28,038.63","27,903.27","","0.10%"
"11/16/2022","28,028.30","28,020.49","28,069.25","27,743.15","","0.14%"
"11/17/2022","27,930.57","27,952.21","28,029.62","27,910.01","","-0.35%"
"11/18/2022","27,899.77","28,009.82","28,045.44","27,877.78","","-0.11%"
"11/21/2022","27,944.79","27,982.00","28,007.06","27,846.30","","0.16%"
"11/22/2022","28,115.74","28,059.51","28,203.35","28,038.16","","0.61%"
"11/24/2022","28,383.09","28,373.72","28,502.29","28,363.66","","0.95%"
"11/25/2022","28,283.03","28,398.77","28,399.88","28,263.60","","-0.35%"
"11/28/2022","28,162.83","28,220.56","28,238.50","28,046.32","","-0.42%"
"11/29/2022","28,027.84","27,991.50","28,055.91","27,899.98","","-0.48%"
"11/30/2022","27,968.99","27,886.67","27,972.89","27,802.71","","-0.21%"
"12/01/2022","28,226.08","28,273.13","28,423.46","28,226.08","","0.92%"
"12/02/2022","27,777.90","27,983.18","27,983.18","27,662.12","","-1.59%"
"12/05/2022","27,820.40","27,752.99","27,854.11","27,700.86","","0.15%"
"12/06/2022","27,885.87","27,704.06","27,934.07","27,698.31","","0.24%"
"12/07/2022","27,686.40","27,686.40","27,686.40","27,686.40","","-0.72%"
"12/08/2022","27,574.43","27,622.30","27,643.64","27,415.66","","-0.40%"
"12/09/2022","27,901.01","27,633.96","27,952.80","27,633.96","","1.18%"
"12/12/2022","27,842.33","27,741.10","27,865.72","27,734.66","","-0.21%"
"12/13/2022","27,954.85","28,067.37","28,116.56","27,907.49","","0.40%"
"12/14/2022","28,156.21","28,005.03","28,195.69","27,993.78","","0.72%"
"12/15/2022","28,051.70","27,991.14","28,163.17","27,987.54","","-0.37%"
"12/16/2022","27,527.12","27,706.70","27,713.04","27,488.83","","-1.87%"
"12/19/2022","27,237.64","27,279.92","27,349.58","27,165.78","","-1.05%"
"12/20/2022","26,568.03","27,257.35","27,339.49","26,416.91","","-2.46%"
"12/21/2022","26,387.72","26,547.17","26,616.28","26,269.80","","-0.68%"
"12/22/2022","26,507.87","26,552.43","26,585.28","26,399.31","","0.46%"
"12/23/2022","26,235.25","26,207.77","26,291.98","26,106.38","","-1.03%"
"12/26/2022","26,405.87","26,299.54","26,438.65","26,294.85","","0.65%"
"12/27/2022","26,447.87","26,570.78","26,620.49","26,447.87","","0.16%"
"12/28/2022","26,340.50","26,309.34","26,354.27","26,199.67","","-0.41%"
"12/29/2022","26,093.67","26,074.90","26,126.70","25,953.92","","-0.94%"
"12/30/2022","26,094.50","26,288.00","26,321.37","26,067.92","","0.00%"
"01/04/2023","25,716.86","25,834.93","25,840.68","25,661.89","","-1.45%"
"01/05/2023","25,820.80","25,825.50","25,947.10","25,750.46","","0.40%"
"01/06/2023","25,973.85","25,740.08","26,034.06","25,719.61","","0.59%"
"01/10/2023","26,175.56","26,176.61","26,316.66","26,132.80","","0.78%"
"01/11/2023","26,446.00","26,362.21","26,479.99","26,332.05","","1.03%"
"01/12/2023","26,449.82","26,524.94","26,547.61","26,381.93","","0.01%"
"01/13/2023","26,119.52","26,391.78","26,409.21","26,090.84","","-1.25%"
"01/16/2023","25,822.32","25,836.67","25,938.04","25,748.10","","-1.14%"
"01/17/2023","26,138.68","25,915.51","26,198.69","25,895.30","","1.23%"
"01/18/2023","26,791.12","26,251.34","26,816.68","26,211.84","","2.50%"
"01/19/2023","26,405.23","26,541.08","26,592.87","26,368.97","","-1.44%"
"01/20/2023","26,553.53","26,346.69","26,553.53","26,320.96","","0.56%"
"01/23/2023","26,906.04","26,880.21","26,938.28","26,788.76","","1.33%"
"01/24/2023","27,299.19","27,150.43","27,381.00","27,150.43","","1.46%"
"01/25/2023","27,395.01","27,175.88","27,473.90","27,175.88","","0.35%"
"01/26/2023","27,362.75","27,444.64","27,502.15","27,284.08","","-0.12%"
"01/27/2023","27,382.56","27,428.41","27,452.67","27,326.91","","0.07%"
"01/30/2023","27,433.40","27,384.77","27,486.42","27,337.25","","0.19%"
"01/31/2023","27,327.11","27,458.56","27,494.17","27,302.22","","-0.39%"
"02/01/2023","27,346.88","27,483.41","27,547.67","27,322.79","","0.07%"
"02/02/2023","27,402.05","27,453.67","27,472.44","27,338.43","","0.20%"
"02/03/2023","27,509.46","27,455.03","27,612.57","27,445.69","","0.39%"
"02/06/2023","27,693.65","27,764.66","27,821.22","27,656.47","","0.67%"
"02/07/2023","27,685.47","27,744.90","27,814.96","27,662.11","","-0.03%"
"02/08/2023","27,606.46","27,690.74","27,719.45","27,458.53","","-0.29%"
"02/09/2023","27,584.35","27,453.40","27,635.38","27,424.69","","-0.08%"
"02/10/2023","27,670.98","27,711.25","27,814.02","27,609.33","","0.31%"
"02/13/2023","27,427.32","27,550.35","27,570.32","27,266.94","","-0.88%"
"02/14/2023","27,602.77","27,705.37","27,721.82","27,553.18","","0.64%"
"02/15/2023","27,501.86","27,686.01","27,720.27","27,444.13","","-0.37%"
"02/16/2023","27,696.44","27,654.72","27,727.66","27,597.12","","0.71%"
"02/17/2023","27,513.13","27,484.60","27,608.59","27,466.61","","-0.66%"
"02/20/2023","27,531.94","27,497.13","27,531.94","27,426.48","","0.07%"
"02/21/2023","27,473.10","27,486.09","27,538.29","27,359.12","","-0.21%"
"02/22/2023","27,104.32","27,265.99","27,300.53","27,046.08","","-1.34%"
"02/24/2023","27,453.48","27,144.72","27,465.90","27,128.32","","1.29%"
"02/27/2023","27,423.96","27,322.73","27,456.22","27,292.74","","-0.11%"
"02/28/2023","27,445.56","27,515.34","27,585.17","27,400.36","","0.08%"
"03/01/2023","27,516.53","27,363.57","27,530.76","27,305.37","","0.26%"
"03/02/2023","27,498.87","27,564.82","27,617.80","27,408.54","","-0.06%"
"03/03/2023","27,927.47","27,683.26","27,961.21","27,655.34","","1.56%"
"03/06/2023","28,237.78","28,182.31","28,288.62","28,153.82","","1.11%"
"03/07/2023","28,309.16","28,202.59","28,398.27","28,202.59","","0.25%"
"03/08/2023","28,444.19","28,237.21","28,469.41","28,232.68","","0.48%"
"03/09/2023","28,623.15","28,648.11","28,734.79","28,558.88","","0.63%"
"03/10/2023","28,143.97","28,385.29","28,424.24","28,118.74","","-1.67%"
"03/13/2023","27,832.96","27,886.21","27,906.97","27,631.53","","-1.11%"
"03/14/2023","27,222.04","27,455.95","27,455.95","27,104.75","","-2.19%"
"03/15/2023","27,229.48","27,421.66","27,424.94","27,105.99","","0.03%"
"03/16/2023","27,010.61","26,796.67","27,057.54","26,632.92","","-0.80%"
"03/17/2023","27,333.79","27,232.23","27,356.15","27,071.71","","1.20%"
"03/20/2023","26,945.67","27,253.73","27,367.18","26,945.67","","-1.42%"
"03/22/2023","27,466.61","27,298.15","27,520.97","27,267.26","","1.93%"
"03/23/2023","27,419.61","27,232.97","27,461.97","27,175.63","","-0.17%"
"03/24/2023","27,385.25","27,368.62","27,397.29","27,257.44","","-0.13%"
"03/27/2023","27,476.87","27,482.39","27,543.48","27,359.72","","0.33%"
"03/28/2023","27,518.25","27,573.82","27,603.45","27,432.76","","0.15%"
"03/29/2023","27,883.78","27,549.37","27,897.72","27,505.48","","1.33%"
"03/30/2023","27,782.93","27,827.89","27,876.38","27,630.55","","-0.36%"
"03/31/2023","28,041.48","28,009.22","28,124.62","27,986.62","","0.93%"
"04/03/2023","28,188.15","28,203.35","28,258.91","28,120.71","","0.52%"
"04/04/2023","28,287.42","28,213.93","28,287.42","28,139.12","","0.35%"
"04/05/2023","27,813.26","28,111.04","28,133.57","27,788.77","","-1.68%"
"04/06/2023","27,472.63","27,589.14","27,609.86","27,427.66","","-1.22%"
"04/07/2023","27,518.31","27,554.37","27,591.15","27,456.25","","0.17%"
"04/10/2023","27,633.66","27,658.52","27,737.49","27,597.18","","0.42%"
"04/11/2023","27,923.37","27,895.90","28,068.39","27,854.82","","1.05%"
"04/12/2023","28,082.70","27,985.93","28,121.46","27,983.97","","0.57%"
"04/13/2023","28,156.97","27,952.58","28,163.87","27,952.01","","0.26%"
"04/14/2023","28,493.47","28,321.54","28,515.51","28,282.82","","1.20%"
"04/17/2023","28,514.78","28,537.99","28,599.75","28,414.98","","0.07%"
"04/18/2023","28,658.83","28,567.54","28,698.22","28,520.76","","0.51%"
"04/19/2023","28,606.76","28,619.84","28,677.22","28,531.54","","-0.18%"
"04/20/2023","28,657.57","28,472.00","28,694.25","28,442.45","","0.18%"
"04/21/2023","28,564.37","28,590.55","28,778.37","28,527.80","","-0.33%"
"04/24/2023","28,593.52","28,631.78","28,680.65","28,567.24","","0.10%"
"04/25/2023","28,620.07","28,697.73","28,806.69","28,609.77","","0.09%"
"04/26/2023","28,416.47","28,478.52","28,551.61","28,319.77","","-0.71%"
"04/27/2023","28,457.68","28,340.59","28,459.73","28,241.67","","0.15%"
"04/28/2023","28,856.44","28,705.91","28,879.24","28,499.51","","1.40%"
"05/01/2023","29,123.18","29,058.05","29,145.89","29,016.83","","0.92%"
"05/02/2023","29,157.95","29,278.80","29,278.80","29,083.13","","0.12%"
"05/08/2023","28,949.88","29,095.46","29,144.12","28,931.81","","-0.71%"
"05/09/2023","29,242.82","29,020.63","29,262.36","29,020.63","","1.01%"
"05/10/2023","29,122.18","29,189.41","29,195.16","29,070.11","","-0.41%"
"05/11/2023","29,126.72","29,110.79","29,165.59","29,028.71","","0.02%"
"05/12/2023","29,388.30","29,199.30","29,426.06","29,141.52","","0.90%"
"05/15/2023","29,626.34","29,547.04","29,629.47","29,475.97","","0.81%"
"05/16/2023","29,842.99","29,838.01","29,916.56","29,779.07","","0.73%"
"05/17/2023","30,093.59","29,912.44","30,115.32","29,912.44","","0.84%"
"05/18/2023","30,573.93","30,432.54","30,667.13","30,381.90","","1.60%"
"05/19/2023","30,808.35","30,847.36","30,924.57","30,679.16","","0.77%"
"05/22/2023","31,086.82","30,735.71","31,086.82","30,689.27","","0.90%"
"05/23/2023","30,957.77","31,245.72","31,352.53","30,828.73","","-0.42%"
"05/24/2023","30,682.68","30,728.69","30,856.92","30,566.83","","-0.89%"
"05/25/2023","30,801.13","30,599.27","30,889.98","30,558.14","","0.39%"
"05/26/2023","30,916.31","30,909.61","31,101.60","30,864.49","","0.37%"
"05/29/2023","31,233.54","31,388.01","31,560.43","31,164.00","","1.03%"
"05/30/2023","31,328.16","31,196.24","31,374.83","31,064.19","","0.30%"
"05/31/2023","30,887.88","31,057.09","31,142.78","30,785.98","","-1.41%"
"06/01/2023","31,148.01","30,886.01","31,185.05","30,853.44","","0.84%"
"06/02/2023","31,524.22","31,300.72","31,555.54","31,257.01","","1.21%"
"06/05/2023","32,217.43","31,864.12","32,217.43","31,798.72","","2.20%"
"06/06/2023","32,506.78","31,988.37","32,534.47","31,933.87","","0.90%"
"06/07/2023","31,913.74","32,618.78","32,708.53","31,913.74","","-1.82%"
"06/08/2023","31,641.27","31,877.79","32,035.95","31,420.45","","-0.85%"
"06/09/2023","32,265.17","31,927.38","32,304.04","31,898.75","","1.97%"
"06/12/2023","32,434.00","32,412.12","32,517.68","32,280.54","","0.52%"
"06/13/2023","33,018.65","32,668.95","33,127.36","32,638.21","","1.80%"
"06/14/2023","33,502.42","33,331.47","33,665.52","33,203.95","","1.47%"
"06/15/2023","33,485.49","33,493.69","33,767.13","33,386.01","","-0.05%"
"06/16/2023","33,706.08","33,399.15","33,772.76","33,186.93","","0.66%"
"06/19/2023","33,370.42","33,768.69","33,772.89","33,231.56","","-1.00%"
"06/20/2023","33,388.91","33,269.57","33,474.74","33,089.02","","0.06%"
"06/21/2023","33,575.14","33,200.63","33,657.87","33,154.68","","0.56%"
"06/22/2023","33,264.88","33,438.01","33,641.46","33,232.19","","-0.92%"
"06/23/2023","32,781.54","33,458.35","33,533.47","32,575.56","","-1.45%"
"06/26/2023","32,698.81","32,647.08","32,884.73","32,392.72","","-0.25%"
"06/27/2023","32,538.33","32,629.96","32,689.10","32,306.99","","-0.49%"
"06/28/2023","33,193.99","32,807.84","33,193.99","32,642.87","","2.02%"
"06/29/2023","33,234.14","33,306.84","33,527.98","33,185.20","","0.12%"
"06/30/2023","33,189.04","33,068.36","33,232.89","32,918.77","","-0.14%"
"07/03/2023","33,753.33","33,517.60","33,762.81","33,510.55","","1.70%"
"07/04/2023","33,422.52","33,512.26","33,576.45","33,338.78","","-0.98%"
"07/05/2023","33,338.70","33,165.06","33,389.22","33,041.14","","-0.25%"
"07/06/2023","32,773.02","33,058.40","33,079.45","32,637.72","","-1.70%"
"07/07/2023","32,388.42","32,450.64","32,730.25","32,327.90","","-1.17%"
"07/10/2023","32,189.73","32,393.46","32,558.98","32,065.63","","-0.61%"
"07/11/2023","32,203.57","32,434.67","32,468.70","32,084.42","","0.04%"
"07/12/2023","31,943.93","32,280.05","32,312.03","31,791.71","","-0.81%"
"07/13/2023","32,419.33","32,106.05","32,484.40","31,952.98","","1.49%"
"07/14/2023","32,391.26","32,587.90","32,780.63","32,225.37","","-0.09%"
"07/18/2023","32,493.89","32,457.18","32,714.59","32,338.30","","0.32%"
"07/19/2023","32,896.03","32,812.36","32,896.03","32,671.03","","1.24%"
"07/20/2023","32,490.52","32,803.35","32,861.02","32,462.86","","-1.23%"
"07/21/2023","32,304.25","32,336.86","32,462.44","32,080.95","","-0.57%"
"07/24/2023","32,700.94","32,648.14","32,793.77","32,554.46","","1.23%"
"07/25/2023","32,682.51","32,705.39","32,715.56","32,509.94","","-0.06%"
"07/26/2023","32,668.34","32,704.96","32,724.25","32,488.52","","-0.04%"
"07/27/2023","32,891.16","32,523.69","32,938.59","32,503.69","","0.68%"
"07/28/2023","32,759.23","32,444.42","32,846.97","32,037.55","","-0.40%"
"07/31/2023","33,172.22","33,128.83","33,402.08","33,025.93","","1.26%"
"08/01/2023","33,476.58","33,292.31","33,488.77","33,203.88","","0.92%"
"08/02/2023","32,707.69","33,123.12","33,158.58","32,628.29","","-2.30%"
"08/03/2023","32,159.28","32,375.85","32,467.06","32,142.25","","-1.68%"
"08/04/2023","32,192.75","32,019.06","32,294.70","31,934.35","","0.10%"
"08/07/2023","32,254.56","31,921.28","32,306.87","31,830.23","","0.19%"
"08/08/2023","32,377.29","32,430.61","32,539.88","32,238.59","","0.38%"
"08/09/2023","32,204.33","32,346.32","32,407.85","32,175.64","","-0.53%"
"08/10/2023","32,473.65","32,015.96","32,504.85","32,015.96","","0.84%"
"08/14/2023","32,059.91","32,456.72","32,613.99","32,031.54","","-1.27%"
"08/15/2023","32,238.89","32,372.53","32,403.93","32,217.52","","0.56%"
"08/16/2023","31,766.82","31,965.58","31,997.28","31,766.82","","-1.46%"
"08/17/2023","31,626.00","31,621.98","31,704.08","31,309.68","","-0.44%"
"08/18/2023","31,450.76","31,321.26","31,644.89","31,275.25","","-0.55%"
"08/21/2023","31,565.64","31,552.85","31,758.70","31,409.86","","0.37%"
"08/22/2023","31,856.71","31,792.60","31,906.10","31,693.76","","0.92%"
"08/23/2023","32,010.26","31,717.91","32,039.60","31,717.91","","0.48%"
"08/24/2023","32,287.21","32,130.52","32,297.91","32,063.14","","0.87%"
"08/25/2023","31,624.28","31,840.91","31,885.53","31,572.06","","-2.05%"
"08/28/2023","32,169.99","31,915.68","32,205.48","31,881.93","","1.73%"
"08/29/2023","32,226.97","32,280.57","32,389.12","32,186.57","","0.18%"
"08/30/2023","32,333.46","32,432.95","32,557.45","32,300.56","","0.33%"
"08/31/2023","32,619.34","32,361.02","32,692.76","32,359.15","","0.88%"
"09/01/2023","32,710.62","32,521.15","32,845.46","32,499.44","","0.28%"
"09/04/2023","32,939.18","32,797.32","32,939.18","32,714.94","","0.70%"
"09/05/2023","33,036.76","32,941.41","33,036.76","32,784.32","","0.30%"
"09/06/2023","33,241.02","33,115.06","33,282.15","33,088.22","","0.62%"
"09/07/2023","32,991.08","33,118.55","33,322.45","32,986.35","","-0.75%"
"09/08/2023","32,606.84","32,916.25","32,920.43","32,512.80","","-1.16%"
"09/11/2023","32,467.76","32,690.54","32,746.14","32,391.69","","-0.43%"
"09/12/2023","32,776.37","32,629.16","32,799.69","32,486.48","","0.95%"
"09/13/2023","32,706.52","32,742.29","32,872.44","32,616.65","","-0.21%"
"09/14/2023","33,168.10","32,925.54","33,244.45","32,851.24","","1.41%"
"09/15/2023","33,533.09","33,428.44","33,634.31","33,391.46","","1.10%"
"09/19/2023","33,242.59","33,296.23","33,337.23","33,128.86","","-0.87%"
"09/20/2023","33,023.78","33,261.35","33,267.14","32,988.65","","-0.66%"
"09/21/2023","32,571.03","32,865.56","32,939.89","32,550.65","","-1.37%"
"09/22/2023","32,402.41","32,189.32","32,535.67","32,154.53","","-0.52%"
"09/25/2023","32,678.62","32,517.26","32,722.22","32,388.28","","0.85%"
"09/26/2023","32,315.05","32,640.05","32,643.41","32,315.05","","-1.11%"
"09/27/2023","32,371.90","32,023.37","32,371.90","31,960.32","","0.18%"
"09/28/2023","31,872.52","32,119.37","32,164.45","31,674.42","","-1.54%"
"09/29/2023","31,857.62","32,018.64","32,027.46","31,717.74","","-0.05%"
"10/02/2023","31,759.88","32,101.97","32,401.58","31,759.88","","-0.31%"
"10/03/2023","31,237.94","31,607.97","31,607.97","31,157.40","","-1.64%"
"10/04/2023","30,526.88","30,765.03","30,830.85","30,487.67","","-2.28%"
"10/05/2023","31,075.36","30,733.65","31,083.90","30,565.32","","1.80%"
"10/06/2023","30,994.67","31,003.95","31,160.45","30,928.16","","-0.26%"
"10/10/2023","31,746.53","31,314.67","31,818.26","31,314.67","","2.43%"
"10/11/2023","31,936.51","31,847.10","32,037.07","31,804.09","","0.60%"
"10/12/2023","32,494.66","32,120.94","32,494.66","32,120.94","","1.75%"
"10/13/2023","32,315.99","32,328.39","32,533.08","32,249.03","","-0.55%"
"10/16/2023","31,659.03","31,983.04","31,999.79","31,564.31","","-2.03%"
"10/17/2023","32,040.29","32,063.79","32,260.77","31,901.39","","1.20%"
"10/18/2023","32,042.25","32,033.81","32,101.47","31,866.95","","0.01%"
"10/19/2023","31,430.62","31,579.54","31,669.42","31,399.17","","-1.91%"
"10/20/2023","31,259.36","31,164.89","31,428.97","31,093.90","","-0.54%"
"10/23/2023","30,999.55","31,151.98","31,177.41","30,974.26","","-0.83%"
"10/24/2023","31,062.35","31,157.01","31,210.26","30,551.67","","0.20%"
"10/25/2023","31,269.92","31,302.51","31,466.92","31,195.58","","0.67%"
"10/26/2023","30,601.78","30,902.92","30,943.33","30,567.61","","-2.14%"
"10/27/2023","30,991.69","30,713.79","31,081.48","30,687.33","","1.27%"
"10/30/2023","30,696.96","30,663.48","30,762.50","30,538.29","","-0.95%"
"10/31/2023","30,858.85","30,694.96","30,973.66","30,552.65","","0.53%"
"11/01/2023","31,601.65","31,311.22","31,601.65","31,301.51","","2.41%"
"11/02/2023","31,949.89","31,987.02","32,087.13","31,878.36","","1.10%"
"11/06/2023","32,708.48","32,450.82","32,766.54","32,395.50","","2.37%"
"11/07/2023","32,271.82","32,551.77","32,591.11","32,250.93","","-1.34%"
"11/08/2023","32,166.48","32,457.23","32,512.17","32,049.34","","-0.33%"
"11/09/2023","32,646.46","32,316.39","32,723.71","32,193.20","","1.49%"
"11/10/2023","32,568.11","32,491.24","32,598.93","32,248.24","","-0.24%"
"11/13/2023","32,585.11","32,818.15","32,913.31","32,499.28","","0.05%"
"11/14/2023","32,695.93","32,760.51","32,836.27","32,667.40","","0.34%"
"11/15/2023","33,519.70","33,112.31","33,556.52","33,096.93","","2.52%"
"11/16/2023","33,424.41","33,399.59","33,614.13","33,233.84","","-0.28%"
"11/17/2023","33,585.20","33,344.85","33,599.63","33,263.67","","0.48%"
"11/20/2023","33,388.03","33,559.62","33,853.46","33,352.69","","-0.59%"
"11/21/2023","33,354.14","33,453.15","33,460.32","33,254.73","","-0.10%"
"11/22/2023","33,451.83","33,182.99","33,593.50","33,182.99","","0.29%"
"11/24/2023","33,625.53","33,752.05","33,817.86","33,622.57","","0.52%"
"11/27/2023","33,447.67","33,710.03","33,811.41","33,397.04","","-0.53%"
"11/28/2023","33,408.39","33,520.39","33,545.85","33,298.04","","-0.12%"
"11/29/2023","33,321.22","33,244.43","33,516.23","33,179.07","","-0.26%"
"11/30/2023","33,486.89","33,260.14","33,486.89","33,161.07","","0.50%"
"12/01/2023","33,431.51","33,537.44","33,551.57","33,397.42","","-0.17%"
"12/04/2023","33,231.27","33,318.07","33,324.38","33,023.04","","-0.60%"
"12/05/2023","32,775.82","33,022.38","33,089.82","32,726.68","","-1.37%"
"12/06/2023","33,445.90","32,928.92","33,452.13","32,914.09","","2.04%"
"12/07/2023","32,858.31","33,165.72","33,195.87","32,814.69","","-1.76%"
"12/08/2023","32,307.86","32,600.47","32,604.35","32,205.38","","-1.68%"
"12/11/2023","32,791.80","32,665.09","32,933.08","32,650.10","","1.50%"
"12/12/2023","32,843.70","33,107.65","33,172.13","32,800.24","","0.16%"
"12/13/2023","32,926.35","32,973.47","33,104.47","32,864.38","","0.25%"
"12/14/2023","32,686.25","33,032.30","33,120.55","32,515.04","","-0.73%"
"12/15/2023","32,970.55","32,760.56","33,122.33","32,732.66","","0.87%"
"12/18/2023","32,758.98","32,769.23","32,790.58","32,541.23","","-0.64%"
"12/19/2023","33,219.39","32,774.21","33,219.39","32,654.43","","1.41%"
"12/20/2023","33,675.94","33,467.32","33,824.06","33,467.32","","1.37%"
"12/21/2023","33,140.47","33,276.81","33,337.84","33,097.79","","-1.59%"
"12/22/2023","33,169.05","33,257.95","33,375.19","33,151.70","","0.09%"
"12/25/2023","33,254.03","33,414.51","33,414.51","33,221.57","","0.26%"
"12/26/2023","33,305.85","33,295.68","33,312.26","33,181.36","","0.16%"
"12/27/2023","33,681.24","33,532.97","33,755.75","33,521.52","","1.13%"
"12/28/2023","33,539.62","33,477.47","33,571.73","33,411.24","","-0.42%"
"12/29/2023","33,464.17","33,458.64","33,652.71","33,305.17","","-0.22%"
"01/04/2024","33,288.29","33,193.05","33,299.39","32,693.18","","-0.53%"
"01/05/2024","33,377.42","33,397.52","33,568.04","33,257.43","","0.27%"
"01/09/2024","33,763.18","33,704.83","33,990.28","33,600.32","","1.16%"
"01/10/2024","34,441.72","33,896.33","34,539.02","33,885.74","","2.01%"
"01/11/2024","35,049.86","34,871.33","35,157.56","34,849.57","","1.77%"
"01/12/2024","35,577.11","35,601.65","35,839.65","35,362.24","","1.50%"
"01/15/2024","35,901.79","35,634.12","36,008.23","35,544.32","","0.91%"
"01/16/2024","35,619.18","35,909.20","35,955.68","35,587.53","","-0.79%"
"01/17/2024","35,477.75","35,850.18","36,239.22","35,476.52","","-0.40%"
"01/18/2024","35,466.17","35,371.25","35,728.09","35,371.25","","-0.03%"
"01/19/2024","35,963.27","35,913.72","36,076.23","35,790.07","","1.40%"
"01/22/2024","36,546.95","36,294.10","36,571.80","36,225.91","","1.62%"
"01/23/2024","36,517.57","36,605.30","36,984.51","36,436.07","","-0.08%"
"01/24/2024","36,226.48","36,415.66","36,471.39","36,104.89","","-0.80%"
"01/25/2024","36,236.47","36,236.47","36,236.47","36,236.47","","0.03%"
"01/26/2024","35,751.07","36,003.00","36,060.40","35,687.58","","-1.34%"
"01/29/2024","36,026.94","35,814.29","36,186.87","35,813.77","","0.77%"
"01/30/2024","36,065.86","36,196.64","36,249.03","36,039.31","","0.11%"
"01/31/2024","36,286.71","35,747.89","36,292.53","35,704.58","","0.61%"
"02/01/2024","36,011.46","36,008.56","36,146.36","35,924.60","","-0.76%"
"02/02/2024","36,158.02","36,249.99","36,441.09","36,083.61","","0.41%"
"02/05/2024","36,354.16","36,419.34","36,452.62","36,213.00","","0.54%"
"02/06/2024","36,160.66","36,249.08","36,294.48","36,065.98","","-0.53%"
"02/07/2024","36,119.92","36,002.99","36,195.50","35,854.63","","-0.11%"
"02/08/2024","36,863.28","36,258.84","36,956.97","36,206.20","","2.06%"
"02/09/2024","36,897.42","36,915.44","37,287.26","36,807.03","","0.09%"
"02/13/2024","37,963.97","37,248.36","38,010.69","37,184.10","","2.89%"
"02/14/2024","37,703.32","37,712.87","37,825.85","37,594.47","","-0.69%"
"02/15/2024","38,157.94","38,017.83","38,188.74","37,935.36","","1.21%"
"02/16/2024","38,487.24","38,517.37","38,865.06","38,361.55","","0.86%"
"02/19/2024","38,470.38","38,473.41","38,555.84","38,281.70","","-0.04%"
"02/20/2024","38,363.61","38,510.37","38,742.33","38,288.04","","-0.28%"
"02/21/2024","38,262.16","38,191.97","38,339.70","38,095.15","","-0.26%"
"02/22/2024","39,098.68","38,508.07","39,156.97","38,508.07","","2.19%"
"02/26/2024","39,233.71","39,320.64","39,388.08","39,181.03","","0.35%"
"02/27/2024","39,239.52","39,260.78","39,426.29","39,113.03","","0.01%"
"02/28/2024","39,208.03","39,189.22","39,283.95","39,075.47","","-0.08%"
"02/29/2024","39,166.19","38,935.53","39,250.12","38,876.81","","-0.11%"
"03/01/2024","39,910.82","39,254.69","39,990.23","39,224.64","","1.90%"
"03/04/2024","40,109.23","40,201.76","40,314.64","40,001.55","","0.50%"
"03/05/2024","40,097.63","39,881.73","40,226.99","39,840.34","","-0.03%"
"03/06/2024","40,090.78","39,792.37","40,147.77","39,769.04","","-0.02%"
"03/07/2024","39,598.71","40,331.06","40,472.11","39,518.40","","-1.23%"
"03/08/2024","39,688.94","39,809.56","39,989.33","39,551.60","","0.23%"
"03/11/2024","38,820.49","39,232.14","39,241.28","38,496.66","","-2.19%"
"03/12/2024","38,797.51","38,470.39","38,841.80","38,271.38","","-0.06%"
"03/13/2024","38,695.97","39,059.95","39,147.80","38,452.57","","-0.26%"
"03/14/2024","38,807.38","38,591.73","38,840.33","38,400.17","","0.29%"
"03/15/2024","38,707.64","38,548.16","38,808.68","38,519.94","","-0.26%"
"03/18/2024","39,740.44","38,960.99","39,769.11","38,935.47","","2.67%"
"03/19/2024","40,003.60","39,622.58","40,003.60","39,407.50","","0.66%"
"03/21/2024","40,815.66","40,511.55","40,823.32","40,452.19","","2.03%"
"03/22/2024","40,888.43","40,942.88","41,087.75","40,714.14","","0.18%"
"03/25/2024","40,414.12","40,798.96","40,837.18","40,414.12","","-1.16%"
"03/26/2024","40,398.03","40,345.04","40,529.53","40,280.85","","-0.04%"
"03/27/2024","40,762.73","40,517.17","40,979.36","40,452.21","","0.90%"
"03/28/2024","40,168.07","40,324.42","40,482.02","40,054.06","","-1.46%"
"03/29/2024","40,369.44","40,277.45","40,521.71","40,268.11","","0.50%"
"04/01/2024","39,803.09","40,277.45","40,697.22","39,706.45","","-1.40%"
"04/02/2024","39,838.91","39,892.59","40,151.05","39,707.87","","0.09%"
"04/03/2024","39,451.85","39,503.72","39,625.90","39,217.04","","-0.97%"
"04/04/2024","39,773.14","39,928.33","40,243.02","39,773.14","","0.81%"
"04/05/2024","38,992.08","39,237.39","39,274.76","38,774.24","","-1.96%"
"04/08/2024","39,347.04","39,391.98","39,617.36","39,197.00","","0.91%"
"04/09/2024","39,773.13","39,496.95","39,773.13","39,476.13","","1.08%"
"04/10/2024","39,581.81","39,582.33","39,708.70","39,510.48","","-0.48%"
"04/11/2024","39,442.63","39,090.68","39,473.48","39,065.31","","-0.35%"
"04/12/2024","39,523.55","39,722.02","39,774.82","39,457.73","","0.21%"
"04/15/2024","39,232.80","39,056.93","39,232.80","38,820.95","","-0.74%"
"04/16/2024","38,471.20","38,750.67","38,764.82","38,322.32","","-1.94%"
"04/17/2024","37,961.80","38,587.47","38,587.61","37,961.80","","-1.32%"
"04/18/2024","38,079.70","37,745.04","38,216.75","37,644.91","","0.31%"
"04/19/2024","37,068.35","37,724.47","37,749.48","36,733.06","","-2.66%"
"04/22/2024","37,438.61","37,240.93","37,511.80","37,052.63","","1.00%"
"04/23/2024","37,552.16","37,797.06","37,817.78","37,397.27","","0.30%"
"04/24/2024","38,460.08","37,871.92","38,460.08","37,857.47","","2.42%"
"04/25/2024","37,628.48","38,065.91","38,129.53","37,604.23","","-2.16%"
"04/26/2024","37,934.76","37,725.61","38,097.54","37,550.70","","0.81%"
"04/30/2024","38,405.66","38,312.66","38,608.17","38,182.11","","1.24%"
"05/01/2024","38,274.05","38,107.38","38,433.34","38,036.24","","-0.34%"
"05/02/2024","38,236.07","38,004.01","38,355.60","37,958.19","","-0.10%"
"05/07/2024","38,835.10","38,636.23","38,863.14","38,541.97","","1.57%"
"05/08/2024","38,202.37","38,677.57","38,749.35","38,159.85","","-1.63%"
"05/09/2024","38,073.98","38,242.92","38,429.81","38,072.24","","-0.34%"
"05/10/2024","38,229.11","38,361.79","38,741.88","38,126.91","","0.41%"
"05/13/2024","38,179.46","38,211.61","38,273.40","37,969.58","","-0.13%"
"05/14/2024","38,356.06","38,287.99","38,477.68","38,084.71","","0.46%"
"05/15/2024","38,385.73","38,533.09","38,816.60","38,335.61","","0.08%"
"05/16/2024","38,920.26","38,645.96","38,949.38","38,513.33","","1.39%"
"05/17/2024","38,787.38","38,561.04","38,842.49","38,539.56","","-0.34%"
"05/20/2024","39,069.68","38,761.71","39,437.16","38,703.70","","0.73%"
"05/21/2024","38,946.93","39,232.16","39,346.15","38,942.28","","-0.31%"
"05/22/2024","38,617.10","38,823.91","38,854.99","38,592.94","","-0.85%"
"05/23/2024","39,103.22","38,803.13","39,129.47","38,617.43","","1.26%"
"05/24/2024","38,646.11","38,506.03","38,740.82","38,367.70","","-1.17%"
"05/27/2024","38,900.02","38,766.21","38,900.02","38,667.93","","0.66%"
"05/28/2024","38,855.37","38,879.15","38,981.97","38,756.13","","-0.11%"
"05/29/2024","38,556.87","38,880.50","39,141.99","38,524.24","","-0.77%"
"05/30/2024","38,054.13","38,112.77","38,138.03","37,617.00","","-1.30%"
"05/31/2024","38,487.90","38,173.22","38,526.93","38,087.61","","1.14%"
"06/03/2024","38,923.03","38,734.95","39,032.50","38,734.95","","1.13%"
"06/04/2024","38,837.46","38,702.54","38,895.06","38,591.79","","-0.22%"
"06/05/2024","38,490.17","38,654.09","38,656.41","38,343.98","","-0.89%"
"06/06/2024","38,703.51","38,841.66","39,011.93","38,693.50","","0.55%"
"06/07/2024","38,683.93","38,597.55","38,747.27","38,560.85","","-0.05%"
"06/10/2024","39,038.16","38,689.78","39,081.54","38,689.78","","0.92%"
"06/11/2024","39,134.79","39,175.59","39,336.66","39,074.88","","0.25%"
"06/12/2024","38,876.71","38,865.15","38,945.99","38,809.36","","-0.66%"
"06/13/2024","38,720.47","39,182.06","39,252.44","38,689.79","","-0.40%"
"06/14/2024","38,814.56","38,587.57","39,025.70","38,554.75","","0.24%"
"06/17/2024","38,102.44","38,440.98","38,442.70","37,950.20","","-1.83%"
"06/18/2024","38,482.11","38,433.48","38,519.02","38,332.89","","1.00%"
"06/19/2024","38,570.76","38,653.91","38,797.97","38,453.41","","0.23%"
"06/20/2024","38,633.02","38,410.32","38,637.62","38,263.08","","0.16%"
"06/21/2024","38,596.47","38,608.66","38,795.68","38,532.13","","-0.09%"
"06/24/2024","38,804.65","38,497.42","38,905.47","38,416.07","","0.54%"
"06/25/2024","39,173.15","38,833.90","39,215.07","38,758.07","","0.95%"
"06/26/2024","39,667.07","39,364.73","39,788.63","39,233.56","","1.26%"
"06/27/2024","39,341.54","39,434.47","39,439.24","39,193.51","","-0.82%"
"06/28/2024","39,583.08","39,593.01","39,783.70","39,485.73","","0.61%"
"07/01/2024","39,631.06","39,839.82","39,942.69","39,537.10","","0.12%"
"07/02/2024","40,074.69","39,543.61","40,113.48","39,457.62","","1.12%"
"07/03/2024","40,580.76","40,225.83","40,694.21","40,172.85","","1.26%"
"07/04/2024","40,913.65","40,747.59","40,971.23","40,604.15","","0.82%"
"07/05/2024","40,912.37","41,009.36","41,100.13","40,746.89","","0.00%"
"07/08/2024","40,780.70","40,863.14","41,112.24","40,780.70","","-0.32%"
"07/09/2024","41,580.17","40,953.41","41,769.35","40,942.44","","1.96%"
"07/10/2024","41,831.99","41,444.33","41,889.16","41,430.38","","0.61%"
"07/11/2024","42,224.02","42,343.72","42,426.77","42,102.46","","0.94%"
"07/12/2024","41,190.68","41,668.86","41,754.76","41,188.29","","-2.45%"
"07/16/2024","41,275.08","41,366.79","41,520.07","41,220.65","","0.20%"
"07/17/2024","41,097.69","41,416.18","41,466.45","41,054.72","","-0.43%"
"07/18/2024","40,126.35","40,521.71","40,587.63","40,104.22","","-2.36%"
"07/19/2024","40,063.79","39,965.91","40,212.90","39,824.58","","-0.16%"
"07/22/2024","39,599.00","39,947.95","39,973.20","39,519.39","","-1.16%"
"07/23/2024","39,594.39","39,864.09","39,927.89","39,519.91","","-0.01%"
"07/24/2024","39,154.85","39,336.74","39,643.27","39,096.50","","-1.11%"
"07/25/2024","37,869.51","38,524.20","38,557.79","37,825.58","","-3.28%"
"07/26/2024","37,667.41","37,792.87","38,105.96","37,611.19","","-0.53%"
"07/29/2024","38,468.63","38,139.12","38,719.70","38,010.01","","2.13%"
"07/30/2024","38,525.95","38,241.35","38,531.16","38,076.70","","0.15%"
"07/31/2024","39,101.82","38,140.77","39,188.37","37,954.38","","1.49%"
"08/01/2024","38,126.33","38,781.56","38,781.56","37,737.88","","-2.49%"
"08/02/2024","35,909.70","37,444.17","37,471.52","35,880.15","","-5.81%"
"08/05/2024","31,458.42","35,249.36","35,301.18","31,156.12","","-12.40%"
"08/06/2024","34,675.46","32,077.33","34,911.80","32,077.33","","10.23%"
"08/07/2024","35,089.62","34,122.35","35,849.77","33,739.46","","1.19%"
"08/08/2024","34,831.15","34,645.79","35,379.65","34,207.16","","-0.74%"
"08/09/2024","35,025.00","35,272.34","35,671.31","34,445.57","","0.56%"
"08/13/2024","36,232.51","35,490.58","36,232.51","35,476.79","","3.45%"
"08/14/2024","36,442.43","36,535.60","36,683.89","36,074.71","","0.58%"
"08/15/2024","36,726.64","36,381.40","36,885.16","36,381.40","","0.78%"
"08/16/2024","38,062.67","37,304.93","38,143.55","37,304.93","","3.64%"
"08/19/2024","37,388.62","37,863.76","38,125.27","37,318.04","","-1.77%"
"08/20/2024","38,062.92","37,847.85","38,236.39","37,738.30","","1.80%"
"08/21/2024","37,951.80","37,653.34","38,026.02","37,605.83","","-0.29%"
"08/22/2024","38,211.01","38,033.78","38,408.19","37,883.86","","0.68%"
"08/23/2024","38,364.27","38,278.18","38,424.27","38,053.47","","0.40%"
"08/26/2024","38,110.22","38,156.41","38,204.81","37,825.31","","-0.66%"
"08/27/2024","38,288.62","38,066.31","38,365.64","37,911.32","","0.47%"
"08/28/2024","38,371.76","38,221.38","38,399.91","38,141.49","","0.22%"
"08/29/2024","38,362.53","38,119.95","38,401.15","37,970.20","","-0.02%"
"08/30/2024","38,647.75","38,388.04","38,669.79","38,316.87","","0.74%"
"09/02/2024","38,700.87","39,025.31","39,080.64","38,476.51","","0.14%"
"09/03/2024","38,686.31","38,745.76","38,967.56","38,581.55","","-0.04%"
"09/04/2024","37,047.61","38,039.91","38,080.02","36,879.33","","-4.24%"
"09/05/2024","36,657.09","36,536.25","37,099.96","36,359.23","","-1.05%"
"09/06/2024","36,391.47","36,815.00","36,898.28","36,235.61","","-0.72%"
"09/09/2024","36,215.75","35,805.82","36,248.12","35,247.87","","-0.48%"
"09/10/2024","36,159.16","36,386.12","36,537.03","36,001.58","","-0.16%"
"09/11/2024","35,619.77","36,029.90","36,056.87","35,253.43","","-1.49%"
"09/12/2024","36,833.27","36,185.62","36,902.21","36,172.26","","3.41%"
"09/13/2024","36,581.76","36,882.41","36,887.40","36,441.34","","-0.68%"
"09/17/2024","36,203.22","36,601.93","36,663.18","35,828.54","","-1.03%"
"09/18/2024","36,380.17","36,546.04","36,675.07","36,127.45","","0.49%"
"09/19/2024","37,155.33","36,958.93","37,394.52","36,958.93","","2.13%"
"09/20/2024","37,723.91","37,714.07","37,974.72","37,654.11","","1.53%"
"09/24/2024","37,940.59","38,171.36","38,427.15","37,902.99","","0.57%"
"09/25/2024","37,870.26","37,947.35","38,109.24","37,868.84","","-0.19%"
"09/26/2024","38,925.63","38,266.79","38,925.63","38,240.65","","2.79%"
"09/27/2024","39,829.56","39,108.27","39,829.56","38,917.98","","2.32%"
"09/30/2024","37,919.55","39,117.83","39,126.36","37,797.91","","-4.80%"
"10/01/2024","38,651.97","38,232.47","38,718.13","38,232.47","","1.93%"
"10/02/2024","37,808.76","38,136.20","38,213.54","37,651.07","","-2.18%"
"10/03/2024","38,552.06","38,459.13","38,856.75","38,457.62","","1.97%"
"10/04/2024","38,635.62","38,594.73","38,735.29","38,501.82","","0.22%"
"10/07/2024","39,332.74","39,239.92","39,560.78","39,195.93","","1.80%"
"10/08/2024","38,937.54","39,021.13","39,117.09","38,817.54","","-1.00%"
"10/09/2024","39,277.96","39,385.49","39,456.28","39,115.63","","0.87%"
"10/10/2024","39,380.89","39,575.80","39,616.59","39,282.19","","0.26%"
"10/11/2024","39,605.80","39,636.87","39,668.93","39,415.26","","0.57%"
"10/15/2024","39,910.55","40,047.15","40,257.34","39,910.55","","0.77%"
"10/16/2024","39,180.30","39,362.63","39,362.63","39,062.85","","-1.83%"
"10/17/2024","38,911.19","39,263.82","39,299.74","38,911.19","","-0.69%"
"10/18/2024","38,981.75","39,092.47","39,186.64","38,893.52","","0.18%"
"10/21/2024","38,954.60","38,960.20","39,119.67","38,775.59","","-0.07%"
"10/22/2024","38,411.96","38,933.60","38,995.03","38,200.82","","-1.39%"
"10/23/2024","38,104.86","38,397.28","38,514.33","37,987.62","","-0.80%"
"10/24/2024","38,143.29","37,804.52","38,320.39","37,712.19","","0.10%"
"10/25/2024","37,913.92","37,954.78","38,028.14","37,713.00","","-0.60%"
"10/28/2024","38,605.53","37,757.95","38,740.17","37,757.95","","1.82%"
"10/29/2024","38,903.68","38,524.30","38,903.68","38,416.85","","0.77%"
"10/30/2024","39,277.39","39,102.89","39,417.88","39,094.30","","0.96%"
"10/31/2024","39,081.25","39,179.72","39,249.21","38,832.21","","-0.50%"
"11/01/2024","38,053.67","38,504.35","38,512.83","37,946.66","","-2.63%"
"11/05/2024","38,474.90","38,274.22","38,620.19","38,159.73","","1.11%"
"11/06/2024","39,480.67","38,677.95","39,664.53","38,662.17","","2.61%"
"11/07/2024","39,381.41","39,745.23","39,884.01","39,020.22","","-0.25%"
"11/08/2024","39,500.37","39,783.45","39,818.41","39,377.87","","0.30%"
"11/11/2024","39,533.32","39,417.21","39,598.74","39,315.61","","0.08%"
"11/12/2024","39,376.09","39,642.78","39,866.72","39,137.89","","-0.40%"
"11/13/2024","38,721.66","39,317.15","39,377.24","38,600.26","","-1.66%"
"11/14/2024","38,535.70","38,911.04","39,084.44","38,535.70","","-0.48%"
"11/15/2024","38,642.91","38,749.56","39,101.64","38,642.91","","0.28%"
"11/18/2024","38,220.85","38,259.59","38,548.30","38,150.39","","-1.09%"
"11/19/2024","38,414.43","38,396.72","38,560.10","38,246.36","","0.51%"
"11/20/2024","38,352.34","38,475.70","38,520.45","38,180.15","","-0.16%"
"11/21/2024","38,026.17","38,352.87","38,374.69","37,945.21","","-0.85%"
"11/22/2024","38,283.85","38,146.98","38,420.63","38,085.13","","0.68%"
"11/25/2024","38,780.14","38,679.93","39,053.64","38,672.17","","1.30%"
"11/26/2024","38,442.00","38,596.76","38,596.76","38,020.08","","-0.87%"
"11/27/2024","38,134.97","38,327.86","38,332.45","37,988.99","","-0.80%"
"11/28/2024","38,349.06","37,935.94","38,478.32","37,801.62","","0.56%"
"11/29/2024","38,208.03","38,205.08","38,270.06","37,986.97","","-0.37%"
"12/02/2024","38,513.02","38,216.95","38,552.41","37,958.55","","0.80%"
"12/03/2024","39,248.86","38,748.65","39,427.37","38,746.05","","1.91%"
"12/04/2024","39,276.39","39,354.00","39,417.08","39,062.03","","0.07%"
"12/05/2024","39,395.60","39,610.43","39,632.30","39,323.04","","0.30%"
"12/06/2024","39,091.17","39,371.56","39,468.47","38,940.44","","-0.77%"
"12/09/2024","39,160.50","39,332.55","39,332.55","38,972.78","","0.18%"
"12/10/2024","39,367.58","39,375.49","39,465.14","39,171.69","","0.53%"
"12/11/2024","39,372.23","39,357.77","39,401.93","39,112.80","","0.01%"
"12/12/2024","39,849.14","39,849.97","40,091.55","39,827.59","","1.21%"
"12/13/2024","39,470.44","39,624.05","39,734.99","39,247.41","","-0.95%"
"12/16/2024","39,457.49","39,551.22","39,632.17","39,371.42","","-0.03%"
"12/17/2024","39,364.68","39,589.65","39,796.22","39,364.68","","-0.24%"
"12/18/2024","39,081.71","39,176.88","39,382.69","39,081.71","","-0.72%"
"12/19/2024","38,813.58","38,522.27","38,913.07","38,355.52","","-0.69%"
"12/20/2024","38,701.90","38,950.28","39,039.68","38,701.90","","-0.29%"
"12/23/2024","39,161.34","39,040.72","39,210.17","38,847.13","","1.19%"
"12/24/2024","39,036.85","39,210.23","39,245.75","38,995.76","","-0.32%"
"12/25/2024","39,130.43","39,168.52","39,180.59","38,927.16","","0.24%"
"12/26/2024","39,568.06","39,129.31","39,592.28","39,110.92","","1.12%"
"12/27/2024","40,281.16","39,672.15","40,398.23","39,669.39","","1.80%"
"12/30/2024","39,894.54","40,325.78","40,325.78","39,864.46","","-0.96%"
"01/06/2025","39,307.05","39,945.42","39,993.50","39,232.78","","-1.47%"
"01/07/2025","40,083.30","39,584.36","40,288.80","39,584.36","","1.97%"
"01/08/2025","39,981.06","39,879.36","40,105.72","39,705.81","","-0.26%"
"01/09/2025","39,605.09","39,888.91","39,930.07","39,385.05","","-0.94%"
"01/10/2025","39,190.40","39,550.25","39,591.46","39,166.05","","-1.05%"
"01/14/2025","38,474.30","39,010.96","39,054.35","38,305.91","","-1.83%"
"01/15/2025","38,444.58","38,721.61","38,774.99","38,316.01","","-0.08%"
"01/16/2025","38,572.60","38,732.65","38,932.54","38,426.20","","0.33%"
"01/17/2025","38,451.46","38,454.10","38,503.94","38,055.68","","-0.31%"
"01/20/2025","38,902.50","38,671.77","39,032.93","38,671.77","","1.17%"
"01/21/2025","39,027.98","39,163.53","39,238.21","38,643.84","","0.32%"
"01/22/2025","39,646.25","39,355.22","39,694.57","39,332.63","","1.58%"
"01/23/2025","39,958.87","39,810.06","40,036.07","39,677.22","","0.79%"
"01/24/2025","39,931.98","40,060.49","40,279.79","39,806.69","","-0.07%"
"01/27/2025","39,565.80","40,127.74","40,255.68","39,520.79","","-0.92%"
"01/28/2025","39,016.87","39,400.02","39,448.55","38,886.05","","-1.39%"
"01/29/2025","39,414.78","39,273.80","39,448.24","39,129.14","","1.02%"
"01/30/2025","39,513.97","39,302.85","39,600.93","39,221.36","","0.25%"
"01/31/2025","39,572.49","39,574.38","39,681.82","39,458.95","","0.15%"
"02/03/2025","38,520.09","38,932.66","38,948.61","38,401.82","","-2.66%"
"02/04/2025","38,798.37","39,078.66","39,192.51","38,590.96","","0.72%"
"02/05/2025","38,831.48","38,979.21","39,118.95","38,682.18","","0.09%"
"02/06/2025","39,066.53","38,977.58","39,190.13","38,851.51","","0.61%"
"02/07/2025","38,787.02","38,907.76","39,007.94","38,753.20","","-0.72%"
"02/10/2025","38,801.17","38,736.37","38,895.74","38,606.32","","0.04%"
"02/12/2025","38,963.70","39,049.12","39,102.65","38,794.24","","0.42%"
"02/13/2025","39,461.47","39,225.50","39,581.47","39,112.17","","1.28%"
"02/14/2025","39,149.43","39,419.25","39,543.93","39,133.94","","-0.79%"
"02/17/2025","39,174.25","39,094.09","39,238.75","39,021.23","","0.06%"
"02/18/2025","39,270.40","39,187.99","39,508.55","39,151.71","","0.25%"
"02/19/2025","39,164.61","39,230.62","39,298.05","38,994.70","","-0.27%"
"02/20/2025","38,678.04","38,942.91","38,967.01","38,468.72","","-1.24%"
"02/21/2025","38,776.94","38,523.07","38,808.81","38,456.53","","0.26%"
"02/25/2025","38,237.79","38,359.67","38,485.95","38,131.79","","-1.39%"
"02/26/2025","38,142.37","38,143.68","38,175.24","37,742.76","","-0.25%"
"02/27/2025","38,256.17","38,251.11","38,369.96","38,061.94","","0.30%"
"02/28/2025","37,155.50","37,853.48","37,925.28","36,840.12","","-2.88%"
"03/03/2025","37,785.47","37,617.50","37,827.62","37,372.26","","1.70%"
"03/04/2025","37,331.18","37,532.01","37,587.49","36,816.16","","-1.20%"
"03/05/2025","37,418.24","37,345.74","37,606.34","37,178.72","","0.23%"
"03/06/2025","37,704.93","37,654.95","37,874.38","37,580.88","","0.77%"
"03/07/2025","36,887.17","37,198.30","37,221.65","36,813.62","","-2.17%"
"03/10/2025","37,028.27","36,972.59","37,113.48","36,705.02","","0.38%"
"03/11/2025","36,793.11","36,584.37","36,793.11","35,987.13","","-0.64%"
"03/12/2025","36,819.09","36,763.10","36,956.33","36,658.86","","0.07%"
"03/13/2025","36,790.03","37,081.64","37,326.27","36,776.94","","-0.08%"
"03/14/2025","37,053.10","36,606.78","37,154.39","36,594.04","","0.72%"
"03/17/2025","37,396.52","37,453.83","37,563.27","37,377.55","","0.93%"
"03/18/2025","37,845.42","37,868.57","38,004.20","37,822.87","","1.20%"
"03/19/2025","37,751.88","37,839.39","38,128.58","37,751.88","","-0.25%"
"03/21/2025","37,677.06","37,619.37","37,968.02","37,619.37","","-0.20%"
"03/24/2025","37,608.49","37,841.68","37,841.68","37,608.49","","-0.18%"
"03/25/2025","37,780.54","37,953.15","38,115.65","37,686.26","","0.46%"
"03/26/2025","38,027.29","38,106.66","38,220.69","37,873.28","","0.65%"
"03/27/2025","37,799.97","37,750.66","37,859.06","37,556.75","","-0.60%"
"03/28/2025","37,120.33","37,357.52","37,359.95","36,864.93","","-1.80%"
"03/31/2025","35,617.56","36,440.18","36,440.18","35,541.72","","-4.05%"
"04/01/2025","35,624.48","35,961.19","36,052.54","35,537.86","","0.02%"
"04/02/2025","35,725.87","35,751.02","35,778.90","35,426.33","","0.28%"
"04/03/2025","34,735.93","35,041.67","35,044.73","34,102.00","","-2.77%"
"04/04/2025","33,780.58","34,304.66","34,320.11","33,259.76","","-2.75%"
"04/07/2025","31,136.58","33,154.97","33,158.87","30,792.74","","-7.83%"
"04/08/2025","33,012.58","31,729.11","33,257.16","31,703.69","","6.03%"
"04/09/2025","31,714.03","32,529.23","32,565.84","31,258.18","","-3.93%"
"04/10/2025","34,609.00","32,321.21","34,639.39","32,320.66","","9.13%"
"04/11/2025","33,585.58","33,951.25","33,953.29","32,626.58","","-2.96%"
"04/14/2025","33,982.36","34,006.37","34,325.59","33,887.70","","1.18%"
"04/15/2025","34,267.54","34,349.01","34,459.00","34,266.31","","0.84%"
"04/16/2025","33,920.40","34,249.82","34,329.27","33,658.47","","-1.01%"
"04/17/2025","34,377.60","33,987.01","34,379.13","33,931.53","","1.35%"
"04/18/2025","34,730.28","34,353.88","34,758.97","34,224.57","","1.03%"
"04/21/2025","34,279.92","34,556.23","34,610.60","34,216.98","","-1.30%"
"04/22/2025","34,220.60","34,111.14","34,340.57","34,109.85","","-0.17%"
"04/23/2025","34,868.63","34,787.93","35,142.12","34,682.28","","1.89%"
"04/24/2025","35,039.15","35,194.71","35,287.95","34,960.65","","0.49%"
"04/25/2025","35,705.74","35,387.67","35,835.28","35,337.98","","1.90%"
"04/28/2025","35,839.99","35,962.80","36,075.26","35,773.49","","0.38%"
"04/30/2025","36,045.38","35,946.88","36,056.52","35,793.33","","0.57%"
"05/01/2025","36,452.30","36,197.04","36,544.15","36,040.05","","1.13%"
"05/02/2025","36,830.69","36,636.55","36,976.51","36,606.58","","1.04%"
"05/07/2025","36,779.66","36,903.66","36,942.38","36,731.39","","-0.14%"
"05/08/2025","36,928.63","36,863.38","36,977.35","36,606.71","","0.41%"
"05/09/2025","37,503.33","37,332.57","37,557.41","37,219.03","","1.56%"
"05/12/2025","37,644.26","37,697.28","37,726.44","37,417.39","","0.38%"
"05/13/2025","38,183.26","38,149.53","38,494.06","38,124.20","","1.43%"
"05/14/2025","38,128.13","38,199.03","38,325.88","37,851.80","","-0.14%"
"05/15/2025","37,755.51","37,832.36","37,876.84","37,633.36","","-0.98%"
"05/16/2025","37,753.72","37,748.58","37,786.43","37,479.21","","0.00%"
"05/19/2025","37,498.63","37,572.36","37,656.23","37,445.93","","-0.68%"
"05/20/2025","37,529.49","37,723.60","37,921.81","37,455.70","","0.08%"
"05/21/2025","37,298.98","37,590.15","37,659.94","37,298.98","","-0.61%"
"05/22/2025","36,985.87","36,931.89","37,100.45","36,855.83","","-0.84%"
"05/23/2025","37,160.47","37,161.74","37,294.22","37,111.63","","0.47%"
"05/26/2025","37,531.53","37,209.26","37,531.53","37,167.01","","1.00%"
"05/27/2025","37,724.11","37,523.37","37,769.05","37,411.68","","0.51%"
"05/28/2025","37,722.40","38,094.79","38,178.73","37,709.71","","0.00%"
"05/29/2025","38,432.98","38,046.97","38,454.07","38,035.32","","1.88%"
"05/30/2025","37,965.10","37,912.49","38,114.47","37,748.17","","-1.22%"
"06/02/2025","37,470.67","37,651.18","37,651.18","37,320.72","","-1.30%"
"06/03/2025","37,446.81","37,598.31","37,729.45","37,446.81","","-0.06%"
"06/04/2025","37,747.45","37,686.66","37,868.42","37,672.47","","0.80%"
"06/05/2025","37,554.49","37,590.39","37,732.88","37,527.88","","-0.51%"
"06/06/2025","37,741.61","37,590.44","37,756.15","37,590.42","","0.50%"
"06/09/2025","38,088.57","38,028.71","38,178.01","38,018.22","","0.92%"
"06/10/2025","38,211.51","38,278.17","38,495.70","38,139.10","","0.32%"
"06/11/2025","38,421.19","38,431.10","38,529.64","38,288.28","","0.55%"
"06/12/2025","38,173.09","38,324.93","38,407.57","38,102.05","","-0.65%"
"06/13/2025","37,834.25","38,130.25","38,141.59","37,540.20","","-0.89%"
"06/16/2025","38,311.33","38,056.86","38,342.52","38,055.52","","1.26%"
"06/17/2025","38,536.74","38,366.68","38,581.25","38,333.35","","0.59%"
"06/18/2025","38,885.15","38,364.16","38,885.15","38,364.16","","0.90%"
"06/19/2025","38,488.34","38,858.52","38,870.55","38,488.34","","-1.02%"
"06/20/2025","38,403.23","38,472.25","38,646.16","38,362.54","","-0.22%"
"06/23/2025","38,354.09","38,260.69","38,368.22","38,026.32","","-0.13%"
"06/24/2025","38,790.56","38,779.18","38,990.11","38,665.61","","1.14%"
"06/25/2025","38,942.07","38,904.18","38,944.77","38,711.11","","0.39%"
"06/26/2025","39,584.58","39,072.14","39,615.59","39,056.14","","1.65%"
"06/27/2025","40,150.79","39,866.36","40,267.84","39,847.31","","1.43%"
"06/30/2025","40,487.39","40,550.79","40,852.54","40,322.54","","0.84%"
"07/01/2025","39,986.33","40,340.64","40,345.87","39,885.38","","-1.24%"
"07/02/2025","39,762.48","39,631.17","39,943.62","39,444.70","","-0.56%"
"07/03/2025","39,785.90","39,796.75","39,865.89","39,667.82","","0.06%"
"07/04/2025","39,810.88","39,994.64","40,012.66","39,693.40","","0.06%"
"07/07/2025","39,587.68","39,729.56","39,829.38","39,524.25","","-0.56%"
"07/08/2025","39,688.81","39,542.07","39,816.27","39,510.48","","0.26%"
"07/09/2025","39,821.28","39,942.80","39,971.06","39,573.34","","0.33%"
"07/10/2025","39,646.36","39,795.75","39,795.75","39,530.95","","-0.44%"
"07/11/2025","39,569.68","39,886.54","39,957.80","39,497.70","","-0.19%"
"07/14/2025","39,459.62","39,416.10","39,608.02","39,288.90","","-0.28%"
"07/15/2025","39,678.02","39,525.83","39,678.02","39,379.32","","0.55%"
"07/16/2025","39,663.40","39,734.74","39,923.61","39,520.96","","-0.04%"
"07/17/2025","39,901.19","39,492.02","39,910.96","39,370.43","","0.60%"
"07/18/2025","39,819.11","39,814.67","39,814.67","39,814.67","","-0.21%"
"07/22/2025","39,774.92","39,864.63","40,275.89","39,586.53","","-0.11%"
"07/23/2025","41,171.32","40,189.18","41,342.59","40,087.86","","3.51%"
"07/24/2025","41,826.34","41,657.98","42,065.83","41,554.18","","1.59%"
"07/25/2025","41,456.23","41,760.58","41,773.70","41,389.79","","-0.88%"
"07/28/2025","40,998.27","41,515.91","41,534.21","40,997.87","","-1.10%"
"07/29/2025","40,674.55","40,767.77","40,792.85","40,563.53","","-0.79%"
"07/30/2025","40,654.70","40,744.53","40,744.53","40,556.61","","-0.05%"
"07/31/2025","41,069.82","40,693.00","41,151.25","40,639.32","","1.02%"
"08/01/2025","40,799.60","41,029.84","41,064.73","40,588.17","","-0.66%"
"08/04/2025","40,290.70","40,118.81","40,332.25","39,850.52","","-1.25%"
"08/05/2025","40,549.54","40,521.00","40,649.38","40,421.88","","0.64%"
"08/06/2025","40,794.86","40,430.46","40,850.89","40,423.13","","0.60%"
"08/07/2025","41,059.15","40,668.19","41,164.11","40,668.19","","0.65%"
"08/08/2025","41,820.48","41,283.70","42,033.92","41,248.05","","1.85%"
"08/12/2025","42,718.17","42,098.32","42,999.71","42,083.58","","2.15%"
"08/13/2025","43,274.67","43,090.91","43,451.46","43,008.20","","1.30%"
"08/14/2025","42,649.26","43,129.18","43,199.83","42,606.73","","-1.45%"
"08/15/2025","43,378.31","42,866.38","43,405.43","42,736.86","","1.71%"
"08/18/2025","43,714.31","43,452.90","43,835.12","43,390.22","","0.77%"
"08/19/2025","43,546.29","43,846.55","43,876.42","43,411.97","","-0.38%"
"08/20/2025","42,888.55","43,400.66","43,425.78","42,724.15","","-1.51%"
"08/21/2025","42,610.17","42,783.26","42,926.11","42,564.30","","-0.65%"
"08/22/2025","42,633.29","42,629.81","42,720.57","42,331.39","","0.05%"
"08/25/2025","42,807.82","42,977.27","43,201.42","42,681.37","","0.41%"
"08/26/2025","42,394.40","42,619.66","42,703.27","42,137.62","","-0.97%"
"08/27/2025","42,520.27","42,476.09","42,628.04","42,270.18","","0.30%"
"08/28/2025","42,828.79","42,308.14","42,828.79","42,299.79","","0.73%"
"08/29/2025","42,718.47","42,774.29","42,807.03","42,611.31","","-0.26%"
"09/01/2025","42,188.79","42,362.71","42,454.99","41,835.17","","-1.24%"
"09/02/2025","42,310.49","42,299.63","42,473.67","42,084.78","","0.29%"
"09/03/2025","41,938.89","42,085.66","42,293.54","41,863.20","","-0.88%"
"09/04/2025","42,580.27","42,093.70","42,608.80","42,066.59","","1.53%"
"09/05/2025","43,018.75","42,983.47","43,220.94","42,783.54","","1.03%"
"09/08/2025","43,643.81","43,451.07","43,838.60","43,343.58","","1.45%"
"09/09/2025","43,459.29","43,907.55","44,185.73","43,452.74","","-0.42%"
"09/10/2025","43,837.67","43,513.16","43,848.77","43,509.02","","0.87%"
"09/11/2025","44,372.50","43,876.22","44,396.95","43,870.54","","1.22%"
"09/12/2025","44,768.12","44,803.30","44,888.02","44,548.57","","0.89%"
"09/16/2025","44,902.27","44,948.85","45,055.38","44,616.32","","0.30%"
"09/17/2025","44,790.38","44,751.84","45,033.34","44,612.07","","-0.25%"
"09/18/2025","45,303.43","44,910.50","45,508.67","44,815.40","","1.15%"
"09/19/2025","45,045.81","45,634.29","45,852.75","44,495.46","","-0.57%"
"09/22/2025","45,493.66","45,193.77","45,757.74","45,193.77","","0.99%"
"09/24/2025","45,630.31","45,484.41","45,693.28","45,205.47","","0.30%"
"09/25/2025","45,754.93","45,600.07","45,824.69","45,503.31","","0.27%"
"09/26/2025","45,354.99","45,634.20","45,766.77","45,354.99","","-0.87%"
"09/29/2025","45,043.75","45,113.29","45,152.70","44,890.20","","-0.69%"
"09/30/2025","44,932.63","45,054.96","45,126.23","44,733.60","","-0.25%"
"10/01/2025","44,550.85","44,831.95","44,874.42","44,357.65","","-0.85%"
"10/02/2025","44,936.73","44,736.03","45,125.96","44,659.22","","0.87%"
"10/03/2025","45,769.50","45,042.54","45,778.66","45,042.54","","1.85%"
"10/06/2025","47,944.76","46,636.07","48,150.04","46,592.99","","4.75%"
"10/07/2025","47,950.88","48,281.12","48,527.33","47,904.38","","0.01%"
"10/08/2025","47,734.99","47,925.22","48,181.12","47,728.27","","-0.45%"
"10/09/2025","48,580.44","48,035.42","48,597.08","47,995.22","","1.77%"
"10/10/2025","48,088.80","48,510.72","48,510.72","47,962.61","","-1.01%"
"10/14/2025","46,847.32","47,446.73","47,865.65","46,544.05","","-2.58%"
"10/15/2025","47,672.67","47,002.30","47,774.83","46,910.83","","1.76%"
"10/16/2025","48,277.74","48,107.44","48,317.34","47,937.72","","1.27%"
"10/17/2025","47,582.15","47,820.97","48,140.90","47,494.31","","-1.44%"
"10/20/2025","49,185.50","48,332.71","49,185.50","48,254.83","","3.37%"
"10/21/2025","49,316.06","49,675.43","49,945.95","49,127.20","","0.27%"
"10/22/2025","49,307.79","49,252.03","49,458.28","48,613.70","","-0.02%"
"10/23/2025","48,641.61","48,866.58","48,866.58","48,399.05","","-1.35%"
"10/24/2025","49,299.65","49,095.27","49,435.31","48,965.78","","1.35%"
"10/27/2025","50,512.32","49,905.80","50,549.60","49,838.98","","2.46%"
"10/28/2025","50,219.18","50,357.15","50,485.80","50,107.77","","-0.58%"
"10/29/2025","51,307.65","50,453.64","51,412.97","50,365.62","","2.17%"
"10/30/2025","51,325.61","51,146.27","51,657.28","50,972.56","","0.04%"
"10/31/2025","52,411.34","51,629.80","52,411.34","51,613.03","","2.12%"
"11/04/2025","51,497.20","52,294.31","52,636.87","51,497.20","","-1.74%"
"11/05/2025","50,212.27","51,291.39","51,422.42","49,073.58","","-2.50%"
"11/06/2025","50,883.68","50,792.55","51,248.28","50,594.19","","1.34%"
"11/07/2025","50,276.37","50,524.31","50,642.79","49,640.56","","-1.19%"
"11/10/2025","50,911.76","50,645.27","50,969.50","50,392.44","","1.26%"
"11/11/2025","50,842.93","51,314.04","51,513.16","50,581.17","","-0.14%"
"11/12/2025","51,063.31","50,988.53","51,072.26","50,537.50","","0.43%"
"11/13/2025","51,281.83","51,013.15","51,338.89","50,954.27","","0.43%"
"11/14/2025","50,376.53","50,767.74","50,767.74","50,246.60","","-1.77%"
"11/17/2025","50,323.91","50,282.39","50,398.16","49,845.86","","-0.10%"
"11/18/2025","48,702.98","49,812.95","49,971.55","48,661.52","","-3.22%"
"11/19/2025","48,537.70","48,822.88","49,087.11","48,235.30","","-0.34%"
"11/20/2025","49,823.94","49,129.29","50,574.82","49,113.39","","2.65%"
"11/21/2025","48,625.88","49,251.26","49,459.59","48,490.03","","-2.40%"
"11/25/2025","48,659.52","49,113.82","49,182.32","48,511.95","","0.07%"
"11/26/2025","49,559.07","49,012.25","49,749.59","48,964.19","","1.85%"
"11/27/2025","50,167.10","49,868.79","50,322.14","49,865.17","","1.23%"
"11/28/2025","50,253.91","50,218.96","50,258.25","49,989.54","","0.17%"
"12/01/2025","49,303.28","49,316.30","49,316.30","49,316.30","","-1.89%"
"12/02/2025","49,303.45","49,494.58","49,636.79","49,243.55","","0.00%"
"12/03/2025","49,864.68","49,540.64","50,138.60","49,521.23","","1.14%"
"12/04/2025","51,028.42","49,942.94","51,028.42","49,910.06","","2.33%"
"12/05/2025","50,491.87","50,530.34","50,634.85","50,215.41","","-1.05%"
"12/08/2025","50,581.94","50,643.09","50,678.05","50,224.65","","0.18%"
"12/09/2025","50,655.10","50,677.36","50,793.69","50,417.11","","0.14%"
"12/10/2025","50,602.80","50,878.66","51,107.77","50,329.27","","-0.10%"
"12/11/2025","50,148.82","50,818.39","50,875.98","49,926.27","","-0.90%"
"12/12/2025","50,836.55","50,480.23","51,127.69","50,457.42","","1.37%"
"12/15/2025","50,168.11","50,352.09","50,432.10","49,965.68","","-1.31%"
"12/16/2025","49,383.29","50,051.24","50,051.24","49,355.87","","-1.56%"
"12/17/2025","49,512.28","49,413.19","49,571.50","49,077.81","","0.26%"
"12/18/2025","49,001.50","49,058.31","49,169.79","48,643.78","","-1.03%"
"12/19/2025","49,507.21","49,387.71","49,766.96","49,257.15","","1.03%"
"12/22/2025","50,402.39","50,084.55","50,590.88","49,982.20","","1.81%"
"12/23/2025","50,412.87","50,374.48","50,544.56","50,264.42","","0.02%"
"12/24/2025","50,344.10","50,475.48","50,636.95","50,323.92","","-0.14%"
"12/25/2025","50,407.79","50,450.18","50,510.11","50,283.76","","0.13%"
"12/26/2025","50,750.39","50,527.13","50,941.89","50,527.13","","0.68%"
"12/29/2025","50,526.92","50,691.22","50,707.23","50,347.65","","-0.44%"
"12/30/2025","50,339.48","50,312.85","50,534.64","50,198.97","","-0.37%"
"01/05/2026","51,832.80","51,010.28","52,033.24","50,995.67","","2.97%"
"01/06/2026","52,518.08","52,157.22","52,523.77","52,024.62","","1.32%"
"01/07/2026","51,961.98","52,144.64","52,404.11","51,830.40","","-1.06%"
"01/08/2026","51,117.26","51,769.83","51,866.19","51,052.83","","-1.63%"
"01/09/2026","51,939.89","51,367.98","51,986.91","51,189.14","","1.61%"
"01/13/2026","53,549.16","52,808.29","53,814.79","52,741.64","","3.10%"
"01/14/2026","54,341.23","53,827.24","54,487.32","53,792.68","","1.48%"
"01/15/2026","54,110.50","54,039.40","54,153.61","53,709.87","","-0.42%"
"01/16/2026","53,936.17","54,071.28","54,130.60","53,706.79","","-0.32%"
"01/19/2026","53,583.57","53,390.05","53,583.57","53,091.45","","-0.65%"
"01/20/2026","52,991.10","53,348.59","53,408.35","52,852.90","","-1.11%"
"01/21/2026","52,774.64","52,228.08","52,848.78","52,194.81","","-0.41%"
"01/22/2026","53,688.89","53,327.39","53,922.53","53,242.38","","1.73%"
"01/23/2026","53,846.87","53,898.45","54,050.84","53,603.68","","0.29%"
"01/25/2026","52,626.00","52,646.00","52,691.00","52,626.00","","-2.27%"
"01/26/2026","52,885.25","53,023.28","53,138.67","52,656.00","","0.49%"
"01/27/2026","53,333.54","52,847.54","53,334.03","52,637.66","","0.85%"
"01/28/2026","53,358.71","53,023.88","53,507.18","52,788.10","","0.05%"
"01/29/2026","53,375.60","53,301.26","53,742.69","52,990.42","","0.03%"
"01/30/2026","53,322.85","53,434.73","53,590.24","52,923.12","","-0.10%"
"02/01/2026","53,631.00","53,561.00","53,651.00","53,561.00","","0.58%"
"02/02/2026","52,655.18","53,575.37","54,247.15","52,655.18","","-1.82%"
"02/03/2026","54,720.66","53,332.18","54,782.83","53,307.74","","3.92%"
"02/04/2026","54,293.36","54,250.41","54,459.41","53,965.51","","-0.78%"
"02/05/2026","53,818.04","54,289.05","54,459.08","53,653.06","","-0.88%"
"02/06/2026","54,253.68","53,435.37","54,253.68","52,950.15","","0.81%"
"02/08/2026","57,632.00","57,757.00","57,757.00","57,592.00","","6.23%"
"02/09/2026","56,363.94","55,130.63","57,337.07","55,018.57","","-2.20%"
"02/10/2026","57,650.54","56,812.01","57,960.19","56,812.01","","2.28%"
"02/11/2026","57,903.00","57,968.00","57,993.00","57,888.00","","0.44%"
"02/12/2026","57,639.84","57,864.74","58,015.08","57,554.49","","-0.45%"
"02/13/2026","56,941.97","57,197.33","57,407.25","56,652.48","","-1.21%"
"02/15/2026","57,511.00","57,433.00","57,518.00","57,423.00","","1.00%"
"02/16/2026","56,806.41","57,212.97","57,219.20","56,748.18","","-1.23%"
"02/17/2026","56,566.49","56,819.37","56,926.24","56,135.12","","-0.42%"
"02/18/2026","57,143.84","56,734.27","57,392.89","56,734.27","","1.02%"
"02/19/2026","57,467.83","57,472.08","57,709.82","57,362.01","","0.57%"
"02/20/2026","56,825.70","56,979.74","56,979.74","56,680.88","","-1.12%"
"02/23/2026","56,703.00","56,725.50","56,725.50","56,683.00","","-0.22%"
"02/24/2026","57,321.09","56,764.14","57,421.67","56,732.93","","1.09%"
"02/25/2026","58,583.12","57,695.40","58,875.17","57,656.50","","2.20%"
"02/26/2026","58,753.39","58,995.39","59,332.43","58,577.84","","0.29%"
"02/27/2026","58,850.27","58,606.03","58,924.17","58,130.57","","0.16%"
"03/01/2026","57,516.00","57,681.00","57,681.00","57,461.00","","-2.27%"
"03/02/2026","58,057.24","57,976.20","58,365.21","57,285.77","","0.94%"
"03/03/2026","56,279.05","57,729.80","57,890.76","56,091.54","","-3.06%"
"03/04/2026","54,245.54","55,470.88","55,701.27","53,618.20","","-3.61%"
"03/05/2026","55,278.06","55,204.16","56,619.98","54,910.33","","1.90%"
"03/06/2026","55,620.84","54,674.60","55,686.56","54,513.43","","0.62%"
"03/08/2026","52,198.00","51,775.50","52,230.00","51,775.50","","-6.15%"
"03/09/2026","52,728.72","54,608.63","54,608.63","51,407.66","","1.02%"
"03/10/2026","54,248.39","53,524.09","54,694.89","53,487.19","","2.88%"
"03/11/2026","55,025.37","54,917.93","55,745.38","54,882.58","","1.43%"
"03/12/2026","54,452.96","54,387.90","54,733.08","53,796.01","","-1.04%"
"03/13/2026","53,819.61","53,587.30","54,065.31","53,286.69","","-1.16%"
"03/15/2026","53,701.00","53,706.00","53,736.00","53,688.50","","-0.22%"
"03/16/2026","53,751.15","53,627.86","53,983.51","53,113.95","","0.09%"
"03/17/2026","53,700.39","54,286.26","54,388.43","53,482.59","","-0.09%"
"03/18/2026","55,239.40","54,148.84","55,239.40","54,148.84","","2.87%"
"03/19/2026","53,372.53","54,287.80","54,333.02","53,190.18","","-3.38%"
"03/22/2026","51,190.00","51,125.00","51,280.00","51,125.00","","-4.09%"
"03/23/2026","51,515.49","52,468.72","52,479.81","50,688.76","","0.64%"
"03/24/2026","52,252.28","52,380.60","52,701.99","51,645.15","","1.43%"
"03/25/2026","53,749.62","53,015.80","54,022.88","53,015.80","","2.87%"
"03/26/2026","53,603.65","53,855.13","54,175.80","53,176.77","","-0.27%"
"03/27/2026","53,373.07","53,239.59","53,714.90","52,516.92","","-0.43%"
"03/29/2026","50,829.50","50,705.50","50,864.50","50,697.00","","-4.77%"
"03/30/2026","51,885.85","52,054.68","52,054.68","50,566.99","","2.08%"
"03/31/2026","51,063.72","51,382.53","52,169.01","50,558.91","","-1.58%"
"04/01/2026","53,739.68","51,959.47","53,739.68","51,902.84","","5.24%"
"04/02/2026","52,463.27","54,066.83","54,258.48","52,273.07","","-2.38%"
"04/03/2026","53,123.49","53,039.40","53,426.31","52,925.10","","1.26%"
"04/05/2026","53,183.00","53,165.50","53,183.00","53,120.50","","0.11%"
"04/06/2026","53,413.68","53,205.93","54,039.34","53,205.93","","0.43%"
"04/07/2026","53,429.56","53,571.28","53,916.35","53,156.94","","0.03%"
"04/08/2026","56,308.42","54,386.65","56,424.63","54,380.02","","5.39%"
"04/09/2026","55,895.32","56,199.86","56,406.49","55,763.05","","-0.73%"
"04/10/2026","56,924.11","56,265.77","57,012.77","56,251.18","","1.84%"
"04/12/2026","56,347.50","56,344.50","56,372.00","56,305.00","","-1.01%"
"04/13/2026","56,502.77","56,421.46","56,765.72","56,232.78","","0.28%"
"04/14/2026","57,877.39","57,085.65","57,979.82","57,010.18","","2.43%"
"04/15/2026","58,134.24","58,265.18","58,585.95","58,028.75","","0.44%"
"04/16/2026","59,518.34","58,479.83","59,688.10","58,428.19","","2.38%"
"04/17/2026","58,475.90","59,255.09","59,381.25","58,475.90","","-1.75%"
"04/19/2026","58,940.00","58,875.00","58,940.00","58,835.00","","0.79%"
"04/20/2026","58,824.89","58,821.16","59,169.13","58,687.96","","-0.20%"
"04/21/2026","59,349.17","59,031.51","59,611.91","59,004.76","","0.89%"
"04/22/2026","59,585.86","59,104.11","59,708.21","59,005.48","","0.40%"
"04/23/2026","59,140.23","59,758.64","60,013.98","58,621.48","","-0.75%"
"04/24/2026","59,716.18","59,407.44","59,763.68","59,225.37","","0.97%"
"04/26/2026","60,094.50","60,007.00","60,097.00","60,000.00","","0.63%"
"04/27/2026","60,537.36","59,880.71","60,903.95","59,608.63","","0.74%"
"04/28/2026","59,917.46","60,531.78","60,634.66","59,701.84","","-1.02%"
"04/29/2026","59,159.50","59,108.00","59,164.50","59,100.50","","-1.27%"
"04/30/2026","59,284.92","59,484.71","59,560.57","58,928.20","","0.21%"
"05/01/2026","59,513.12","59,379.12","59,706.70","59,263.50","","0.38%"
"05/06/2026","61,858.00","61,874.00","61,915.50","61,810.50","","3.94%"
"05/07/2026","62,833.84","60,241.31","63,091.14","60,213.02","","1.58%"
"05/08/2026","62,713.65","62,654.01","62,724.36","62,137.95","","-0.19%"
"05/10/2026","63,442.50","63,570.50","63,570.50","63,422.50","","1.16%"
"05/11/2026","62,417.88","63,203.44","63,385.04","62,380.62","","-1.62%"
"05/12/2026","62,742.57","62,618.72","63,218.51","62,158.43","","0.52%"
"05/13/2026","63,272.11","62,398.02","63,347.91","62,318.87","","0.84%"
"05/14/2026","62,654.05","63,263.46","63,799.32","62,654.05","","-0.98%"
"05/15/2026","61,409.29","62,878.71","63,235.77","60,937.30","","-1.99%"
"05/17/2026","61,707.00","61,694.50","61,754.00","61,647.00","","0.48%"
"05/18/2026","60,815.95","61,299.87","61,478.55","60,376.98","","-1.44%"
"05/19/2026","60,550.59","61,202.84","61,456.31","60,256.33","","-0.44%"
"05/20/2026","59,804.41","60,567.27","60,567.27","59,292.25","","-1.23%"
"05/21/2026","61,684.14","60,374.84","62,043.53","60,282.35","","3.14%"
"05/22/2026","63,339.07","61,913.36","63,432.41","61,842.56","","2.68%"
"05/24/2026","63,990.00","63,991.50","63,999.50","63,929.00","","1.03%"
"05/25/2026","65,158.19","63,658.95","65,408.87","63,562.51","","1.83%"
"05/26/2026","64,996.09","65,247.24","65,317.69","64,605.69","","-0.25%"
"05/27/2026","64,999.41","65,777.87","66,428.81","64,999.41","","0.01%"
"05/28/2026","64,693.12","64,770.76","65,165.75","63,875.04","","-0.47%"
"05/29/2026","66,329.50","65,133.97","66,505.02","65,133.97","","2.53%"
"05/31/2026","66,309.50","66,389.50","66,425.50","66,309.50","","-0.03%"
"06/01/2026","66,934.33","66,363.43","67,231.28","66,244.84","","0.94%"
"06/02/2026","66,734.24","66,629.60","66,748.06","65,551.13","","-0.30%"
"06/03/2026","68,402.13","67,238.53","68,786.49","67,238.53","","2.50%"
"06/04/2026","67,470.69","67,860.84","68,051.94","66,920.80","","-1.36%"
"06/05/2026","66,588.12","67,115.00","67,115.00","65,862.21","","-1.31%"
"06/07/2026","63,792.00","63,893.50","64,019.50","63,792.00","","-4.20%"
"06/08/2026","64,024.60","65,947.56","66,115.18","63,406.66","","0.36%"
"06/09/2026","65,416.63","64,625.26","65,485.16","63,918.96","","2.17%"
"06/10/2026","64,179.27","64,952.38","65,098.86","63,733.04","","-1.89%"
"06/11/2026","64,217.27","63,329.17","64,395.50","62,335.75","","0.06%"
"06/12/2026","66,020.04","65,176.23","67,065.94","64,998.11","","2.81%"
"06/14/2026","68,463.00","68,427.50","68,547.50","68,348.50","","3.70%"
"06/15/2026","69,317.50","66,783.22","69,682.23","66,783.22","","1.25%"
"06/16/2026","69,404.50","69,288.91","70,020.68","69,095.67","","0.13%"
"06/17/2026","69,902.25","69,005.88","70,125.75","68,985.63","","0.72%"
"06/18/2026","71,053.49","70,163.71","71,398.58","70,092.94","","1.65%"
"06/19/2026","71,250.06","71,551.03","71,952.99","70,517.98","","0.28%"
"06/21/2026","71,249.50","71,209.50","71,343.00","71,187.00","","0.00%"
"06/22/2026","72,353.96","71,067.15","72,831.73","71,009.52","","1.55%"
"06/23/2026","69,788.38","72,404.37","72,618.44","69,788.38","","-3.55%"
"06/24/2026","69,174.97","69,615.08","70,218.71","68,461.10","","-0.88%"
"06/25/2026","72,366.34","70,114.09","72,594.22","69,982.67","","4.61%"
"06/26/2026","69,360.88","71,587.71","71,786.28","68,639.84","","-4.15%"
"06/28/2026","69,639.50","69,839.00","69,919.50","69,639.50","","0.40%"
"06/29/2026","69,468.11","69,609.88","69,609.88","67,997.57","","-0.25%"
"06/30/2026","70,062.32","70,085.60","70,667.00","69,302.19","","0.86%"
"07/01/2026","70,474.96","70,774.28","71,962.34","70,126.14","","0.59%"
"07/02/2026","68,733.15","70,039.89","70,081.39","68,676.26","","-2.47%"
"07/03/2026","69,744.07","68,676.06","69,788.03","67,609.49","","1.47%"
"07/05/2026","69,981.50","69,974.00","70,102.00","69,924.00","","0.34%"
"07/06/2026","69,737.69","69,973.34","70,384.59","68,904.41","","-0.35%"
"07/07/2026","68,256.96","69,460.08","69,957.51","68,003.92","","-2.12%"
"07/08/2026","66,819.05","67,704.16","68,432.68","66,819.05","","-2.11%"
"07/09/2026","67,743.85","67,046.37","68,447.89","67,008.89","","1.38%"
"07/10/2026","68,557.73","68,526.72","69,374.86","68,271.91","","1.20%"
"07/12/2026","68,472.00","68,544.50","68,575.00","68,397.00","","-0.13%"
"07/13/2026","67,242.73","68,410.63","69,078.21","66,653.11","","-1.80%"
"07/14/2026","67,743.50","67,002.94","67,800.18","66,268.60","","0.74%"
"07/15/2026","68,751.51","67,989.74","68,798.24","67,833.17","","1.49%"
"07/16/2026","66,835.54","67,900.43","68,069.82","66,499.49","","-2.79%"
"07/17/2026","64,141.12","66,339.85","66,441.77","62,704.60","","-4.03%"
"07/20/2026","64,787.50","64,850.50","64,906.50","64,725.00","","1.01%"
"07/21/2026","66,232.19","64,544.05","66,232.19","64,203.47","","2.23%"
"07/22/2026","66,115.60","66,449.27","67,592.20","65,955.60","","-0.18%"
"07/23/2026","66,422.60","66,421.01","67,022.37","66,208.66","","0.46%"
"07/24/2026","64,611.15","65,584.25","65,720.81","64,201.03","","-2.73%"
"07/26/2026","65,353.50","65,418.50","65,519.00","65,336.00","","1.15%"
"07/27/2026","64,931.19","65,164.98","65,220.69","64,123.40","","-0.65%"
"07/28/2026","62,364.92","64,539.92","64,573.18","61,923.60","","-3.95%"
"07/29/2026","61,434.19","62,734.68","63,138.04","60,448.90","","-1.49%"
"07/30/2026","61,867.43","61,258.34","62,924.84","61,049.70","","0.71%"
"07/31/2026","64,362.02","61,957.10","65,364.73","61,948.23","","4.03%"
"08/02/2026","63,746.00","63,700.00","63,795.50","63,665.00","","-0.96%"
"08/03/2026","63,754.90","63,834.95","63,905.12","62,703.47","","0.01%"
"08/04/2026","63,957.53","63,995.28","64,240.50","62,864.43","","0.32%"
"08/05/2026","66,300.44","64,565.27","66,302.52","64,555.52","","3.66%"
"08/06/2026","65,683.26","65,896.00","65,983.13","64,942.07","","-0.93%"
"08/07/2026","65,606.71","65,746.13","65,990.72","64,651.49","","-0.12%"
"08/09/2026","66,177.00","66,204.00","66,271.50","66,177.00","","0.87%"
"08/10/2026","66,970.22","65,905.10","67,006.84","65,848.58","","1.20%"
"08/11/2026","67,215.00","67,172.50","67,257.50","67,160.00","","0.37%"
"08/12/2026","67,524.06","66,994.05","67,569.36","66,735.76","","0.46%"
"08/13/2026","68,308.59","68,033.17","68,799.71","68,006.17","","1.16%"
"08/14/2026","68,713.80","68,811.17","69,608.24","68,471.15","","0.59%"
"08/16/2026","68,953.00","68,955.50","68,980.50","68,918.00","","0.35%"
"08/17/2026","69,220.25","68,882.06","69,225.57","68,492.04","","0.39%"
"08/18/2026","67,460.73","68,847.35","69,093.20","67,368.96","","-2.54%"
"08/19/2026","65,326.42","66,812.27","66,833.51","65,133.98","","-3.16%"
"08/20/2026","66,216.79","65,732.79","66,325.32","65,652.25","","1.36%"
"08/21/2026","66,016.36","65,427.69","66,125.88","65,260.22","","-0.30%"
"08/23/2026","66,194.00","66,219.00","66,221.50","66,137.00","","0.27%"
"08/24/2026","65,528.09","65,978.95","66,257.73","65,470.95","","-1.01%"
"08/25/2026","65,856.43","65,195.26","65,904.24","64,609.47","","0.50%"
"08/26/2026","66,262.16","65,604.49","66,442.34","65,390.55","","0.62%"
"08/27/2026","66,131.98","66,775.78","66,954.69","65,782.59","","-0.20%"
"08/28/2026","66,405.56","66,104.49","66,842.82","66,012.20","","0.41%"
"08/30/2026","64,843.50","65,001.00","65,001.00","64,826.00","","-2.35%"
"08/31/2026","66,311.93","65,668.51","66,311.93","64,832.10","","2.26%"
"09/01/2026","66,215.34","65,885.47","66,525.70","65,576.61","","-0.15%"
"09/02/2026","64,325.64","65,195.43","65,195.43","64,215.47","","-2.85%"
"09/03/2026","64,214.48","64,724.81","64,724.81","63,772.80","","-0.17%"
"09/04/2026","65,020.94","64,498.94","65,182.45","64,228.47","","1.26%"
"09/06/2026","66,057.00","65,906.50","66,100.50","65,906.50","","1.59%"
"09/07/2026","66,399.84","65,600.42","66,668.71","65,600.42","","0.52%"
"09/08/2026","65,269.33","65,843.69","66,791.84","65,269.33","","-1.70%"
"09/09/2026","65,142.78","65,087.22","65,794.03","65,017.68","","-0.19%"
"09/10/2026","65,270.95","64,768.53","65,270.95","64,186.68","","0.20%"
"09/11/2026","64,011.34","64,276.82","64,312.02","63,208.63","","-1.93%"