"Date","Price","Open","High","Low","Vol.","Change %"
"09/11/2026","17.60","19.15","19.15","17.50","34.31K","-7.12%"
"09/10/2026","18.95","18.05","19.25","17.80","27.76K","4.99%"
"09/09/2026","18.05","16.90","18.25","16.85","31.77K","7.12%"
"09/08/2026","16.85","16.50","17.20","16.50","20.12K","1.51%"
"09/07/2026","16.60","16.45","16.65","16.45","5.80K","0.91%"
"09/04/2026","16.45","16.55","16.70","16.30","12.82K","-2.66%"
"09/03/2026","16.90","17.20","17.40","16.60","14.01K","-2.59%"
"09/02/2026","17.35","17.50","17.85","17.15","16.00K","-0.29%"
"09/01/2026","17.40","17.10","17.75","17.00","16.33K","0.87%"
"08/31/2026","17.25","17.20","17.30","16.85","9.08K","2.99%"
"08/28/2026","16.75","17.15","17.25","16.75","15.08K","-3.46%"
"08/27/2026","17.35","17.25","17.45","17.15","8.32K","0.29%"
"08/26/2026","17.30","17.25","17.40","17.20","4.48K","-0.29%"
"08/25/2026","17.35","17.50","17.55","17.25","9.84K","-0.86%"
"08/24/2026","17.50","17.65","17.75","17.40","9.73K","-0.57%"
"08/21/2026","17.60","17.80","18.00","17.55","9.20K","-1.68%"
"08/20/2026","17.90","17.70","18.10","17.50","13.00K","10.29%"
"08/19/2026","16.23","16.10","16.50","15.75","0.81K","-1.93%"
"08/18/2026","16.55","16.00","16.90","15.50","21.63K","5.41%"
"08/17/2026","15.70","15.70","15.90","15.55","33.02K","-0.95%"
"08/14/2026","15.85","16.00","16.10","15.70","25.55K","-1.86%"
"08/13/2026","16.15","16.30","16.40","16.00","10.92K","-2.71%"
"08/12/2026","16.60","16.75","16.85","16.20","24.91K","-1.19%"
"08/11/2026","16.80","16.90","17.00","16.65","13.14K","0.30%"
"08/10/2026","16.75","17.00","17.00","16.65","7.79K","-0.30%"
"08/07/2026","16.80","17.25","17.35","16.80","14.88K","-1.75%"
"08/06/2026","17.10","17.25","17.45","16.95","14.66K","-2.29%"
"08/05/2026","17.50","17.65","17.70","17.05","14.76K","1.16%"
"08/04/2026","17.30","17.50","17.50","16.90","16.77K","-0.29%"
"08/03/2026","17.35","17.80","18.00","17.25","9.26K","-6.22%"
"07/31/2026","18.50","18.45","18.90","17.80","13.19K","-3.39%"
"07/30/2026","19.15","19.45","19.70","18.50","12.45K","-1.54%"
"07/29/2026","19.45","18.50","19.90","18.45","10.89K","5.14%"
"07/28/2026","18.50","18.70","19.10","18.40","6.65K","-1.86%"
"07/27/2026","18.85","18.85","19.10","18.15","12.30K","-0.26%"
"07/24/2026","18.90","19.35","19.55","18.65","13.69K","-5.03%"
"07/23/2026","19.90","18.35","19.95","18.25","13.83K","17.82%"
"07/22/2026","16.89","16.40","16.95","16.40","0.39K","1.75%"
"07/21/2026","16.60","17.15","17.40","15.50","15.09K","-6.48%"
"07/20/2026","17.75","18.15","18.25","17.35","21.16K","-0.28%"
"07/17/2026","17.80","18.05","19.10","17.75","28.99K","3.19%"
"07/16/2026","17.25","17.45","18.30","17.20","14.16K","-2.27%"
"07/15/2026","17.65","17.75","17.95","17.35","9.26K","0.00%"
"07/14/2026","17.65","18.75","18.75","17.55","14.50K","-1.40%"
"07/13/2026","17.90","17.35","18.30","17.30","15.39K","3.77%"
"07/10/2026","17.25","17.70","18.00","17.00","13.45K","-2.54%"
"07/09/2026","17.70","18.85","19.15","17.60","22.47K","-9.46%"
"07/08/2026","19.55","17.25","19.70","17.25","28.53K","12.36%"
"07/07/2026","17.40","16.80","17.55","16.80","13.30K","3.26%"
"07/06/2026","16.85","16.75","17.05","16.70","11.04K","0.60%"
"07/03/2026","16.75","17.20","17.25","16.65","6.24K","-4.01%"
"07/02/2026","17.45","17.40","17.65","17.10","20.59K","0.87%"
"07/01/2026","17.30","17.60","17.75","17.20","10.91K","-1.70%"
"06/30/2026","17.60","18.00","18.10","17.35","10.57K","-2.76%"
"06/29/2026","18.10","18.70","18.70","17.95","8.75K","-3.98%"
"06/26/2026","18.85","18.30","19.35","18.30","16.23K","1.62%"
"06/25/2026","18.55","18.60","18.80","18.00","18.64K","0.00%"
"06/24/2026","18.55","18.55","19.05","18.40","11.75K","-1.07%"
"06/23/2026","18.75","18.25","19.00","18.25","15.79K","3.59%"
"06/22/2026","18.10","18.65","18.70","17.95","16.48K","-3.21%"
"06/19/2026","18.70","18.50","18.80","18.50","5.55K","0.00%"
"06/18/2026","18.70","19.20","19.20","18.45","10.83K","19.41%"
"06/17/2026","15.66","16.30","16.30","15.65","0.45K","-3.03%"
"06/16/2026","16.15","16.70","16.70","15.30","21.45K","-4.15%"
"06/15/2026","16.85","17.75","17.85","16.55","32.66K","-8.92%"
"06/12/2026","18.50","19.30","19.50","18.25","18.03K","-11.27%"
"06/11/2026","20.85","21.50","21.95","19.35","20.34K","-0.71%"
"06/10/2026","21.00","20.00","21.45","19.90","20.48K","4.48%"
"06/09/2026","20.10","19.60","21.65","18.80","17.67K","4.15%"
"06/08/2026","19.30","20.25","20.95","19.00","13.29K","-0.77%"
"06/05/2026","19.45","19.20","20.90","18.85","15.58K","1.57%"
"06/04/2026","19.15","19.95","20.00","18.70","11.14K","-3.04%"
"06/03/2026","19.75","19.75","20.00","19.50","11.46K","0.51%"
"06/02/2026","19.65","20.10","20.10","19.45","12.31K","-2.96%"
"06/01/2026","20.25","19.80","20.40","19.25","18.76K","2.79%"
"05/29/2026","19.70","19.90","20.05","19.60","9.70K","-1.50%"
"05/28/2026","20.00","20.30","20.85","19.80","12.82K","-2.44%"
"05/27/2026","20.50","20.35","20.60","20.00","10.51K","0.00%"
"05/26/2026","20.50","20.45","20.75","20.25","9.40K","0.49%"
"05/25/2026","20.40","21.30","21.30","20.35","9.41K","-4.67%"
"05/22/2026","21.40","21.55","21.75","21.20","9.83K","-2.06%"
"05/21/2026","21.85","22.10","22.55","21.30","9.48K","-5.29%"
"05/20/2026","23.07","22.95","23.10","22.50","0.59K","2.76%"
"05/19/2026","22.45","21.80","24.20","21.45","12.18K","0.45%"
"05/18/2026","22.35","22.05","22.70","21.60","20.05K","3.95%"
"05/15/2026","21.50","20.80","22.30","20.80","36.09K","2.14%"
"05/14/2026","21.05","21.25","21.25","20.60","16.08K","-2.09%"
"05/13/2026","21.50","21.40","21.85","21.15","20.48K","-4.23%"
"05/12/2026","22.45","21.70","22.60","21.35","18.26K","4.66%"
"05/11/2026","21.45","21.55","21.90","21.40","9.07K","0.00%"
"05/08/2026","21.45","21.70","21.70","20.90","14.80K","1.18%"
"05/07/2026","21.20","20.60","21.80","20.40","15.72K","2.66%"
"05/06/2026","20.65","21.75","21.80","20.40","22.65K","-6.35%"
"05/05/2026","22.05","22.85","22.85","21.85","14.04K","-2.43%"
"05/04/2026","22.60","21.20","23.30","21.15","28.64K","4.39%"
"04/30/2026","21.65","22.35","23.15","21.50","18.93K","-3.35%"
"04/29/2026","22.40","21.90","22.85","21.80","15.89K","0.45%"
"04/28/2026","22.30","22.20","22.95","21.95","22.63K","-1.11%"
"04/27/2026","22.55","22.10","22.60","21.85","17.98K","1.35%"
"04/24/2026","22.25","22.50","22.80","21.70","23.49K","1.14%"
"04/23/2026","22.00","21.85","23.45","21.85","16.56K","0.00%"
"04/22/2026","22.00","22.00","22.20","21.45","19.85K","-0.23%"
"04/21/2026","22.05","21.40","22.55","21.10","25.02K","1.85%"
"04/20/2026","21.65","20.95","21.80","20.85","17.78K","7.18%"
"04/17/2026","20.20","21.30","21.30","20.15","22.46K","-4.94%"
"04/16/2026","21.25","21.00","21.50","20.80","22.76K","1.09%"
"04/15/2026","21.02","20.30","21.00","20.25","0.58K","4.84%"
"04/14/2026","20.05","22.00","22.65","19.80","20.51K","-11.28%"
"04/13/2026","22.60","23.80","24.15","22.05","29.95K","2.26%"
"04/10/2026","22.10","22.65","23.00","21.90","27.31K","-5.76%"
"04/09/2026","23.45","24.50","24.75","22.65","23.29K","-2.09%"
"04/08/2026","23.95","25.25","25.40","23.10","54.11K","-16.98%"
"04/07/2026","28.85","27.15","29.15","26.05","32.10K","5.10%"
"04/02/2026","27.45","27.15","28.95","25.85","22.90K","6.60%"
"04/01/2026","25.75","26.70","27.05","25.40","28.64K","-9.01%"
"03/31/2026","28.30","30.20","30.20","26.80","35.37K","-5.35%"
"03/30/2026","29.90","30.75","31.00","29.15","19.24K","-0.83%"
"03/27/2026","30.15","28.60","31.10","28.20","31.70K","4.33%"
"03/26/2026","28.90","27.70","29.50","27.55","18.74K","4.52%"
"03/25/2026","27.65","27.50","28.25","26.90","20.11K","-2.81%"
"03/24/2026","28.45","28.15","29.15","26.95","36.22K","1.25%"
"03/23/2026","28.10","30.10","31.55","26.05","41.18K","-1.75%"
"03/20/2026","28.60","27.30","30.05","26.60","32.57K","3.25%"
"03/19/2026","27.70","27.75","29.85","26.75","51.70K","11.78%"
"03/18/2026","24.78","25.00","25.20","24.40","1.85K","-4.14%"
"03/17/2026","25.85","26.80","27.45","25.15","29.96K","-4.96%"
"03/16/2026","27.20","27.95","29.25","26.40","27.28K","-4.56%"
"03/13/2026","28.50","28.50","30.60","27.45","45.20K","-1.89%"
"03/12/2026","29.05","28.05","30.05","27.15","26.50K","3.01%"
"03/11/2026","28.20","26.00","28.50","25.60","28.80K","10.81%"
"03/10/2026","25.45","27.75","27.75","24.85","30.82K","-9.75%"
"03/09/2026","28.20","32.85","34.20","25.75","31.73K","-0.70%"
"03/06/2026","28.40","25.40","29.50","24.65","86.74K","10.29%"
"03/05/2026","25.75","22.35","26.75","22.00","40.77K","14.96%"
"03/04/2026","22.40","24.30","24.85","22.25","36.00K","-9.86%"
"03/03/2026","24.85","21.45","25.65","21.20","62.79K","16.67%"
"03/02/2026","21.30","21.85","22.30","20.55","45.31K","5.97%"
"02/27/2026","20.10","19.40","20.75","19.40","19.34K","2.55%"
"02/26/2026","19.60","18.95","20.05","18.70","17.42K","2.35%"
"02/25/2026","19.15","19.65","19.80","18.85","7.48K","-2.54%"
"02/24/2026","19.65","20.10","20.45","19.55","12.68K","-2.24%"
"02/23/2026","20.10","20.00","20.50","19.40","11.89K","2.03%"
"02/20/2026","19.70","20.05","20.50","19.55","31.47K","-2.96%"
"02/19/2026","20.30","19.45","20.60","19.35","20.26K","11.97%"
"02/18/2026","18.13","19.10","19.20","18.05","1.66K","-7.26%"
"02/17/2026","19.55","20.25","21.20","18.55","24.52K","-3.46%"
"02/16/2026","20.25","20.95","21.10","19.85","18.56K","0.00%"
"02/13/2026","20.25","20.55","21.35","19.90","37.10K","-0.25%"
"02/12/2026","20.30","18.65","20.50","18.20","23.18K","8.27%"
"02/11/2026","18.75","18.65","19.55","18.30","25.11K","0.27%"
"02/10/2026","18.70","18.65","19.05","18.40","14.62K","0.00%"
"02/09/2026","18.70","19.20","19.85","18.50","21.66K","-5.79%"
"02/06/2026","19.85","21.50","22.45","19.40","33.87K","-5.92%"
"02/05/2026","21.10","19.70","21.75","19.65","42.48K","6.84%"
"02/04/2026","19.75","19.70","20.80","19.25","21.35K","2.07%"
"02/03/2026","19.35","18.65","20.50","18.45","24.85K","3.75%"
"02/02/2026","18.65","19.90","21.10","18.45","18.92K","-4.60%"
"01/30/2026","19.55","19.15","20.20","19.15","25.43K","-2.25%"
"01/29/2026","20.00","18.80","20.40","18.60","23.90K","4.99%"
"01/28/2026","19.05","18.45","19.20","18.40","10.14K","3.53%"
"01/27/2026","18.40","18.55","18.80","18.25","8.58K","0.00%"
"01/26/2026","18.40","18.95","19.45","18.40","10.35K","-0.81%"
"01/23/2026","18.55","18.25","18.95","18.25","15.74K","1.92%"
"01/22/2026","18.20","18.20","18.50","18.10","21.29K","-11.99%"
"01/21/2026","20.68","19.95","20.75","19.95","0.37K","3.14%"
"01/20/2026","20.05","19.65","21.95","19.40","23.00K","0.75%"
"01/19/2026","19.90","19.30","20.05","18.05","24.74K","16.37%"
"01/16/2026","17.10","16.50","17.35","16.40","25.70K","3.01%"
"01/15/2026","16.60","17.65","17.65","16.50","14.00K","-6.74%"
"01/14/2026","17.80","17.20","18.20","17.15","22.27K","4.40%"
"01/13/2026","17.05","16.60","17.40","16.45","15.48K","1.49%"
"01/12/2026","16.80","16.30","16.95","16.30","15.16K","2.44%"
"01/09/2026","16.40","16.45","16.60","16.25","9.69K","-0.91%"
"01/08/2026","16.55","16.70","16.95","16.35","19.41K","-0.30%"
"01/07/2026","16.60","16.15","16.65","16.15","15.67K","2.47%"
"01/06/2026","16.20","15.90","16.25","15.75","12.73K","1.57%"
"01/05/2026","15.95","16.00","16.05","15.60","11.44K","-0.31%"
"01/02/2026","16.00","16.00","16.20","15.85","13.97K","0.00%"
"12/30/2025","16.00","16.40","16.55","15.95","10.32K","-3.03%"
"12/29/2025","16.50","16.95","16.95","16.05","7.74K","-0.60%"
"12/23/2025","16.60","16.60","16.65","16.40","7.66K","0.00%"
"12/22/2025","16.60","17.00","17.05","16.45","9.21K","-3.77%"
"12/19/2025","17.25","17.85","18.05","17.05","9.57K","-2.82%"
"12/18/2025","17.75","18.00","18.35","17.70","13.59K","21.66%"
"12/17/2025","14.59","14.55","14.75","14.50","2.07K","-4.01%"
"12/16/2025","15.20","14.90","15.55","14.40","23.33K","2.70%"
"12/15/2025","14.80","15.10","15.55","14.65","31.93K","-5.13%"
"12/12/2025","15.60","15.05","15.85","14.60","36.35K","1.63%"
"12/11/2025","15.35","15.50","15.90","14.65","34.85K","-4.36%"
"12/10/2025","16.05","16.45","16.50","15.00","14.30K","-0.93%"
"12/09/2025","16.20","16.55","16.60","16.10","19.53K","-0.92%"
"12/08/2025","16.35","16.10","16.50","15.95","15.43K","1.24%"
"12/05/2025","16.15","16.05","16.25","15.85","15.36K","0.00%"
"12/04/2025","16.15","16.30","16.40","16.05","17.40K","-1.52%"
"12/03/2025","16.40","16.30","16.80","16.20","12.06K","-1.50%"
"12/02/2025","16.65","16.75","16.75","16.35","10.78K","-0.30%"
"12/01/2025","16.70","17.00","17.40","16.50","17.04K","-1.76%"
"11/28/2025","17.00","17.30","17.35","16.80","10.45K","-1.45%"
"11/27/2025","17.25","17.35","17.60","17.20","6.74K","-0.86%"
"11/26/2025","17.40","18.20","18.45","17.35","18.15K","-4.92%"
"11/25/2025","18.30","18.80","19.15","18.10","20.07K","-4.19%"
"11/24/2025","19.10","20.00","20.50","18.80","27.61K","-9.48%"
"11/21/2025","21.10","20.85","21.55","20.05","41.58K","7.11%"
"11/20/2025","19.70","19.75","21.50","18.90","32.18K","-13.44%"
"11/19/2025","22.76","22.50","23.05","22.50","1.54K","0.04%"
"11/18/2025","22.75","20.90","23.70","20.85","16.89K","13.75%"
"11/17/2025","20.00","19.30","21.20","19.00","28.11K","3.09%"
"11/14/2025","19.40","20.05","21.35","19.05","31.28K","1.31%"
"11/13/2025","19.15","18.35","20.15","18.15","22.21K","4.64%"
"11/12/2025","18.30","18.35","18.55","18.05","12.08K","-0.54%"
"11/11/2025","18.40","18.40","18.60","18.25","16.99K","-1.60%"
"11/10/2025","18.70","19.10","19.10","18.35","24.28K","-9.88%"
"11/07/2025","20.75","19.55","20.80","19.20","22.49K","5.87%"
"11/06/2025","19.60","18.70","19.80","18.40","21.28K","5.95%"
"11/05/2025","18.50","19.50","19.75","18.40","17.43K","-2.89%"
"11/04/2025","19.05","18.75","20.05","18.60","21.63K","0.53%"
"11/03/2025","18.95","18.85","19.10","18.45","13.17K","-0.26%"
"10/31/2025","19.00","18.40","19.30","18.20","16.31K","2.70%"
"10/30/2025","18.50","18.45","19.10","18.20","14.83K","0.54%"
"10/29/2025","18.40","18.60","18.80","18.15","21.28K","0.00%"
"10/28/2025","18.40","17.95","18.65","17.95","10.37K","1.38%"
"10/27/2025","18.15","18.40","18.40","17.85","15.53K","-2.68%"
"10/24/2025","18.65","18.50","18.80","18.40","28.21K","-1.06%"
"10/23/2025","18.85","18.95","19.10","18.60","14.23K","11.21%"
"10/22/2025","16.95","16.30","17.05","16.30","0.58K","0.30%"
"10/21/2025","16.90","16.55","17.30","15.80","16.90K","-1.46%"
"10/20/2025","17.15","19.15","19.15","16.70","24.50K","-16.55%"
"10/17/2025","20.55","20.95","24.60","18.15","37.99K","2.24%"
"10/16/2025","20.10","19.90","21.40","19.40","27.79K","3.34%"
"10/15/2025","19.45","19.85","20.65","18.90","20.97K","-3.71%"
"10/14/2025","20.20","18.75","21.20","18.15","38.62K","4.66%"
"10/13/2025","19.30","19.70","19.70","18.80","31.62K","-3.26%"
"10/10/2025","19.95","18.00","20.60","17.80","26.24K","10.53%"
"10/09/2025","18.05","18.15","18.25","17.55","22.41K","-1.37%"
"10/08/2025","18.30","18.85","18.85","18.05","14.99K","-2.14%"
"10/07/2025","18.70","18.15","18.85","18.10","21.56K","1.91%"
"10/06/2025","18.35","17.45","18.50","17.40","30.94K","4.86%"
"10/03/2025","17.50","17.70","17.75","17.30","14.73K","-0.28%"
"10/02/2025","17.55","17.60","17.75","17.25","12.94K","-0.57%"
"10/01/2025","17.65","17.70","18.00","17.55","12.42K","-0.56%"
"09/30/2025","17.75","17.75","17.85","17.55","7.15K","0.57%"
"09/29/2025","17.65","17.55","17.85","17.35","9.14K","-1.94%"
"09/26/2025","18.00","18.45","18.45","17.60","10.35K","-2.17%"
"09/25/2025","18.40","18.05","18.60","18.00","12.67K","0.55%"
"09/24/2025","18.30","18.15","18.55","18.15","5.56K","0.27%"
"09/23/2025","18.25","18.25","18.50","17.95","9.90K","0.83%"
"09/22/2025","18.10","17.70","18.25","17.55","15.10K","2.26%"
"09/19/2025","17.70","17.50","17.75","17.35","10.05K","1.43%"
"09/18/2025","17.45","17.85","17.95","17.25","16.11K","5.89%"
"09/17/2025","16.48","15.35","16.55","15.35","1.72K","0.18%"
"09/16/2025","16.45","15.55","16.50","15.40","23.12K","5.45%"
"09/15/2025","15.60","15.60","15.95","15.40","23.35K","-2.50%"
"09/12/2025","16.00","16.35","16.70","15.75","19.22K","-2.44%"
"09/11/2025","16.40","17.15","17.20","16.30","15.15K","-4.65%"
"09/10/2025","17.20","17.30","17.50","17.05","13.75K","-0.86%"
"09/09/2025","17.35","17.50","17.65","17.15","15.42K","-0.29%"
"09/08/2025","17.40","17.95","18.00","17.30","13.17K","-3.06%"
"09/05/2025","17.95","17.80","18.40","17.40","20.16K","0.00%"
"09/04/2025","17.95","18.45","18.50","17.80","15.84K","-3.49%"
"09/03/2025","18.60","18.55","18.80","18.40","15.09K","-2.87%"
"09/02/2025","19.15","18.15","19.45","18.00","23.76K","5.51%"
"09/01/2025","18.15","18.15","18.50","18.00","4.88K","-1.09%"
"08/29/2025","18.35","18.30","18.60","18.00","9.92K","1.10%"
"08/28/2025","18.15","18.65","18.65","18.05","10.24K","-1.63%"
"08/27/2025","18.45","18.10","18.55","18.05","10.69K","0.82%"
"08/26/2025","18.30","17.90","18.80","17.85","25.98K","4.27%"
"08/25/2025","17.55","17.05","17.85","17.05","18.77K","1.15%"
"08/22/2025","17.35","18.55","18.65","17.05","20.26K","-5.96%"
"08/21/2025","18.45","18.25","18.70","18.10","11.17K","14.60%"
"08/20/2025","16.10","15.35","16.15","15.30","2.01K","2.88%"
"08/19/2025","15.65","16.30","16.50","15.55","22.18K","-3.99%"
"08/18/2025","16.30","16.10","16.65","16.05","19.16K","0.00%"
"08/15/2025","16.30","16.25","16.45","16.05","19.48K","-0.91%"
"08/14/2025","16.45","16.45","16.80","16.25","10.79K","-0.30%"
"08/13/2025","16.50","16.65","16.75","16.40","14.68K","-2.08%"
"08/12/2025","16.85","17.55","18.00","16.75","14.08K","-4.53%"
"08/11/2025","17.65","17.75","17.75","17.35","9.05K","-0.84%"
"08/08/2025","17.80","18.20","18.30","17.60","10.48K","-3.78%"
"08/07/2025","18.50","18.05","18.60","17.90","15.99K","0.54%"
"08/06/2025","18.40","18.80","18.80","18.20","18.08K","-2.39%"
"08/05/2025","18.85","18.70","19.25","17.90","21.58K","-0.79%"
"08/04/2025","19.00","20.10","20.10","18.50","21.45K","-4.76%"
"08/01/2025","19.95","18.10","20.15","17.95","36.48K","11.76%"
"07/31/2025","17.85","17.25","18.20","16.80","11.15K","1.42%"
"07/30/2025","17.60","17.45","17.80","17.25","8.72K","0.57%"
"07/29/2025","17.50","17.40","17.65","16.85","17.99K","-0.28%"
"07/28/2025","17.55","17.80","17.80","17.20","24.88K","-3.57%"
"07/25/2025","18.20","18.10","18.45","17.85","14.11K","0.55%"
"07/24/2025","18.10","18.05","18.40","17.95","14.44K","-3.21%"
"07/23/2025","18.70","18.85","18.85","18.05","14.50K","-2.09%"
"07/22/2025","19.10","18.85","19.45","18.70","15.58K","2.96%"
"07/21/2025","18.55","18.75","19.00","18.50","13.49K","-1.85%"
"07/18/2025","18.90","19.05","19.10","18.70","10.84K","0.00%"
"07/17/2025","18.90","19.15","19.20","18.65","11.12K","5.41%"
"07/16/2025","17.93","16.60","18.00","15.65","2.41K","2.75%"
"07/15/2025","17.45","17.50","17.60","16.70","21.47K","-1.13%"
"07/14/2025","17.65","17.65","18.20","17.40","20.27K","2.62%"
"07/11/2025","17.20","16.70","17.65","16.40","26.89K","4.24%"
"07/10/2025","16.50","16.85","16.85","16.45","11.77K","-2.08%"
"07/09/2025","16.85","17.90","17.90","16.55","17.48K","-5.34%"
"07/08/2025","17.80","18.50","18.50","17.50","12.77K","-3.00%"
"07/07/2025","18.35","18.70","19.00","18.35","9.91K","-2.91%"
"07/04/2025","18.90","17.80","19.45","17.80","24.85K","6.18%"
"07/03/2025","17.80","18.05","18.30","17.65","10.70K","-1.66%"
"07/02/2025","18.10","18.55","18.60","18.05","12.93K","-1.09%"
"07/01/2025","18.30","18.90","18.90","18.25","13.00K","-1.08%"
"06/30/2025","18.50","18.65","18.75","18.25","11.85K","-1.33%"
"06/27/2025","18.75","19.05","19.05","18.55","15.85K","-1.57%"
"06/26/2025","19.05","19.50","19.50","18.95","16.74K","-2.31%"
"06/25/2025","19.50","19.25","19.60","19.10","17.87K","0.26%"
"06/24/2025","19.45","20.75","20.80","19.30","36.57K","-9.74%"
"06/23/2025","21.55","21.80","22.20","21.00","24.27K","0.23%"
"06/20/2025","21.50","21.45","21.75","20.95","21.78K","-2.93%"
"06/19/2025","22.15","21.25","22.30","21.25","16.59K","1.37%"
"06/18/2025","21.85","21.00","21.95","19.75","0.84K","1.16%"
"06/17/2025","21.60","20.10","22.65","20.05","20.42K","9.92%"
"06/16/2025","19.65","21.35","21.55","19.35","20.76K","-6.65%"
"06/13/2025","21.05","19.90","22.40","19.90","33.34K","9.35%"
"06/12/2025","19.25","18.75","20.20","18.70","33.54K","6.65%"
"06/11/2025","18.05","18.55","18.80","17.95","17.17K","-1.37%"
"06/10/2025","18.30","18.60","18.80","18.30","10.66K","-1.08%"
"06/09/2025","18.50","18.90","19.05","18.40","10.26K","-2.12%"
"06/06/2025","18.90","19.85","19.95","18.60","15.24K","-0.79%"
"06/05/2025","19.05","19.35","19.95","18.95","24.45K","-2.81%"
"06/04/2025","19.60","19.70","19.90","18.95","13.22K","0.26%"
"06/03/2025","19.55","20.50","20.60","19.30","16.14K","-4.17%"
"06/02/2025","20.40","20.45","21.05","20.05","15.50K","0.99%"
"05/30/2025","20.20","20.15","20.70","19.60","14.63K","2.28%"
"05/29/2025","19.75","19.45","20.25","19.05","9.66K","-1.50%"
"05/28/2025","20.05","19.30","20.10","19.20","15.68K","2.82%"
"05/27/2025","19.50","20.10","20.15","19.25","18.13K","-2.74%"
"05/26/2025","20.05","20.55","20.55","19.80","10.61K","-5.65%"
"05/23/2025","21.25","19.35","22.10","19.05","53.82K","9.25%"
"05/22/2025","19.45","19.50","20.00","19.15","27.48K","14.28%"
"05/21/2025","17.02","16.55","17.00","16.00","1.07K","1.61%"
"05/20/2025","16.75","17.00","17.05","16.05","18.40K","-2.62%"
"05/19/2025","17.20","17.75","18.00","16.45","26.51K","0.88%"
"05/16/2025","17.05","17.25","17.30","16.75","32.52K","-1.45%"
"05/15/2025","17.30","17.45","17.85","17.00","26.59K","0.00%"
"05/14/2025","17.30","17.20","17.45","16.95","14.77K","2.67%"
"05/13/2025","16.85","18.15","18.25","16.75","28.82K","-8.67%"
"05/12/2025","18.45","20.20","20.20","18.00","25.64K","-10.22%"
"05/09/2025","20.55","20.15","20.65","20.05","14.00K","0.00%"
"05/08/2025","20.55","21.15","21.15","20.10","16.34K","-4.64%"
"05/07/2025","21.55","21.05","21.80","20.95","11.22K","3.11%"
"05/06/2025","20.90","20.95","21.55","20.80","19.41K","1.46%"
"05/05/2025","20.60","20.60","21.00","20.45","10.13K","-0.72%"
"05/02/2025","20.75","21.60","21.60","20.45","21.42K","-5.68%"
"04/30/2025","22.00","21.70","22.95","21.25","17.10K","2.09%"
"04/29/2025","21.55","21.40","22.05","21.25","11.05K","-0.92%"
"04/28/2025","21.75","21.70","22.15","21.10","13.59K","-0.46%"
"04/25/2025","21.85","22.15","22.65","21.10","23.41K","-3.32%"
"04/24/2025","22.60","22.75","23.45","22.35","14.77K","-1.53%"
"04/23/2025","22.95","23.40","23.60","22.45","23.41K","-4.57%"
"04/22/2025","24.05","25.20","25.20","23.70","18.03K","-1.23%"
"04/17/2025","24.35","24.50","24.55","24.00","27.47K","-13.04%"
"04/16/2025","28.00","28.50","29.00","27.50","0.84K","6.46%"
"04/15/2025","26.30","27.10","27.50","25.25","22.93K","-4.88%"
"04/14/2025","27.65","33.05","33.05","26.55","27.30K","-21.11%"
"04/11/2025","35.05","31.00","35.50","29.45","45.42K","10.92%"
"04/10/2025","31.60","26.80","35.20","26.30","28.29K","-13.19%"
"04/09/2025","36.40","37.25","41.50","25.20","51.71K","21.54%"
"04/08/2025","29.95","31.45","37.80","28.65","42.72K","-10.86%"
"04/07/2025","33.60","36.50","37.35","27.90","72.07K","13.32%"
"04/04/2025","29.65","23.85","31.95","23.85","80.95K","28.08%"
"04/03/2025","23.15","21.50","24.15","21.00","51.15K","17.22%"
"04/02/2025","19.75","20.45","20.95","19.05","29.39K","-1.50%"
"04/01/2025","20.05","20.90","21.05","19.85","26.08K","-4.52%"
"03/31/2025","21.00","20.65","21.55","20.20","35.95K","6.87%"
"03/28/2025","19.65","18.80","20.20","18.80","34.42K","4.24%"
"03/27/2025","18.85","18.70","19.10","18.25","25.98K","3.29%"
"03/26/2025","18.25","17.70","18.55","17.50","21.60K","3.11%"
"03/25/2025","17.70","18.05","18.10","17.55","13.28K","-2.48%"
"03/24/2025","18.15","18.40","18.60","17.80","20.58K","-4.22%"
"03/21/2025","18.95","18.75","19.25","18.50","17.73K","0.00%"
"03/20/2025","18.95","18.75","19.35","18.50","24.85K","0.80%"
"03/19/2025","18.80","19.35","19.65","18.55","22.80K","0.37%"
"03/18/2025","18.73","18.90","18.90","18.55","4.47K","-0.90%"
"03/17/2025","18.90","20.35","20.70","18.65","24.20K","-6.90%"
"03/14/2025","20.30","21.65","21.70","19.85","34.68K","-5.80%"
"03/13/2025","21.55","20.90","22.45","20.80","32.61K","1.65%"
"03/12/2025","21.20","22.35","22.50","20.90","27.29K","-8.82%"
"03/11/2025","23.25","23.80","24.95","22.00","45.38K","2.88%"
"03/10/2025","22.60","21.30","23.95","21.15","37.88K","2.49%"
"03/07/2025","22.05","21.70","22.25","20.70","34.29K","5.50%"
"03/06/2025","20.90","19.80","21.95","19.55","39.62K","2.20%"
"03/05/2025","20.45","20.30","20.70","19.50","48.68K","-5.54%"
"03/04/2025","21.65","19.35","21.70","19.25","56.90K","17.34%"
"03/03/2025","18.45","18.65","19.80","17.95","33.95K","-2.38%"
"02/28/2025","18.90","18.65","19.35","18.55","37.43K","3.85%"
"02/27/2025","18.20","17.90","18.80","17.55","26.06K","3.12%"
"02/26/2025","17.65","18.15","18.25","17.55","31.97K","-5.36%"
"02/25/2025","18.65","17.90","18.75","17.70","38.66K","6.27%"
"02/24/2025","17.55","17.95","18.50","17.50","35.16K","-1.13%"
"02/21/2025","17.75","17.90","18.55","17.65","25.68K","-1.39%"
"02/20/2025","18.00","17.90","18.20","17.55","23.15K","10.84%"
"02/19/2025","16.24","15.70","16.25","15.70","3.84K","1.18%"
"02/18/2025","16.05","16.20","16.30","15.65","34.00K","-1.53%"
"02/17/2025","16.30","16.30","16.50","16.15","20.16K","-0.61%"
"02/14/2025","16.40","16.60","16.70","16.25","20.12K","-3.53%"
"02/13/2025","17.00","16.60","17.05","16.45","25.26K","0.29%"
"02/12/2025","16.95","16.95","17.35","16.55","18.97K","0.30%"
"02/11/2025","16.90","17.05","17.30","16.85","17.62K","-2.31%"
"02/10/2025","17.30","17.15","17.40","17.00","17.17K","-0.57%"
"02/07/2025","17.40","17.00","17.60","16.55","24.61K","4.82%"
"02/06/2025","16.60","17.15","17.15","16.60","11.91K","-2.92%"
"02/05/2025","17.10","17.40","17.60","16.75","11.38K","-0.29%"
"02/04/2025","17.15","17.25","18.15","17.05","20.05K","-2.28%"
"02/03/2025","17.55","18.75","19.50","17.05","32.95K","6.36%"
"01/31/2025","16.50","16.40","17.10","16.25","14.36K","1.54%"
"01/30/2025","16.25","16.45","16.55","16.15","13.03K","-2.40%"
"01/29/2025","16.65","16.65","16.95","16.45","15.28K","-2.06%"
"01/28/2025","17.00","17.45","17.55","16.65","16.27K","-2.58%"
"01/27/2025","17.45","17.10","18.60","17.05","32.25K","5.44%"
"01/24/2025","16.55","16.65","16.65","16.40","8.85K","0.30%"
"01/23/2025","16.50","16.85","16.90","16.30","12.26K","9.13%"
"01/22/2025","15.12","16.65","16.70","15.10","1.46K","-4.30%"
"01/21/2025","15.80","17.00","17.15","15.60","22.09K","-5.39%"
"01/20/2025","16.70","17.00","17.10","16.50","25.40K","2.14%"
"01/17/2025","16.35","16.80","16.80","16.05","18.69K","0.62%"
"01/16/2025","16.25","16.35","16.80","16.10","20.38K","-1.81%"
"01/15/2025","16.55","17.90","18.10","16.20","34.68K","-7.28%"
"01/14/2025","17.85","18.15","18.40","17.45","18.37K","-4.80%"
"01/13/2025","18.75","18.90","19.55","18.30","26.83K","-0.53%"
"01/10/2025","18.85","17.40","18.90","17.35","27.78K","9.28%"
"01/09/2025","17.25","17.40","17.70","17.15","10.90K","-1.71%"
"01/08/2025","17.55","17.05","17.95","16.75","29.73K","5.41%"
"01/07/2025","16.65","16.95","17.35","16.20","20.17K","0.91%"
"01/06/2025","16.50","16.90","17.05","16.45","22.21K","-5.17%"
"01/03/2025","17.40","17.25","17.55","16.80","11.42K","0.29%"
"01/02/2025","17.35","17.35","18.05","16.90","16.68K","0.87%"
"12/30/2024","17.20","17.35","17.85","16.80","9.95K","1.18%"
"12/27/2024","17.00","17.20","17.70","16.80","15.64K","-3.95%"
"12/23/2024","17.70","18.35","18.65","17.30","23.72K","-7.81%"
"12/20/2024","19.20","19.95","21.25","18.30","49.07K","2.13%"
"12/19/2024","18.80","19.20","19.90","17.95","35.18K","33.71%"
"12/18/2024","14.06","14.30","14.35","14.00","1.22K","-3.70%"
"12/17/2024","14.60","14.40","14.65","14.00","22.68K","2.10%"
"12/16/2024","14.30","13.90","14.45","13.85","36.82K","1.06%"
"12/13/2024","14.15","14.30","14.35","13.90","25.18K","0.00%"
"12/12/2024","14.15","14.25","14.35","14.10","19.74K","-0.70%"
"12/11/2024","14.25","15.10","15.15","14.15","20.53K","-5.00%"
"12/10/2024","15.00","15.25","15.25","14.80","17.95K","0.00%"
"12/09/2024","15.00","15.20","15.20","14.60","23.48K","0.00%"
"12/06/2024","15.00","15.40","15.45","14.90","22.01K","-1.64%"
"12/05/2024","15.25","15.35","15.70","15.20","25.77K","-1.29%"
"12/04/2024","15.45","15.90","15.90","15.20","25.15K","-3.13%"
"12/03/2024","15.95","16.40","16.40","15.80","26.47K","-2.45%"
"12/02/2024","16.35","16.45","16.70","15.95","28.54K","0.31%"
"11/29/2024","16.30","16.70","17.00","16.15","22.73K","-2.69%"
"11/28/2024","16.75","17.15","17.20","16.60","11.12K","-2.90%"
"11/27/2024","17.25","16.90","17.45","16.85","22.18K","2.68%"
"11/26/2024","16.80","17.00","17.45","16.55","28.45K","0.90%"
"11/25/2024","16.65","17.65","17.65","16.60","20.68K","-5.67%"
"11/22/2024","17.65","18.40","18.45","17.25","20.49K","-2.49%"
"11/21/2024","18.10","18.60","18.95","18.00","32.11K","-3.83%"
"11/20/2024","18.82","18.65","18.80","18.05","0.29K","-2.74%"
"11/19/2024","19.35","17.35","21.75","17.15","27.63K","10.26%"
"11/18/2024","17.55","17.15","18.20","16.70","21.94K","2.33%"
"11/15/2024","17.15","16.90","17.85","16.90","24.17K","3.31%"
"11/14/2024","16.60","16.75","17.10","16.55","25.19K","-3.49%"
"11/13/2024","17.20","16.90","17.75","16.80","31.27K","1.47%"
"11/12/2024","16.95","16.15","17.20","15.85","27.53K","4.63%"
"11/11/2024","16.20","16.50","16.50","15.95","15.84K","-2.11%"
"11/08/2024","16.55","16.15","16.70","15.95","23.91K","2.48%"
"11/07/2024","16.15","16.80","16.90","16.05","22.49K","-3.87%"
"11/06/2024","16.80","17.50","17.60","15.85","65.97K","-4.55%"
"11/05/2024","17.60","19.20","19.20","17.40","26.33K","-6.63%"
"11/04/2024","18.85","19.10","19.50","18.50","23.99K","-1.57%"
"11/01/2024","19.15","19.65","19.95","18.90","26.28K","-2.79%"
"10/31/2024","19.70","18.75","20.00","18.60","39.77K","7.36%"
"10/30/2024","18.35","17.85","18.70","17.85","19.40K","1.94%"
"10/29/2024","18.00","18.15","18.15","17.70","19.24K","0.00%"
"10/28/2024","18.00","18.35","18.50","17.90","19.63K","-1.64%"
"10/25/2024","18.30","18.45","19.10","18.00","17.04K","-1.88%"
"10/24/2024","18.65","18.95","19.00","18.05","12.46K","1.36%"
"10/23/2024","18.40","17.90","19.05","17.85","19.45K","0.55%"
"10/22/2024","18.30","18.10","18.50","17.85","18.09K","0.55%"
"10/21/2024","18.20","17.40","18.25","17.35","24.57K","3.70%"
"10/18/2024","17.55","18.15","18.15","17.40","17.91K","-2.77%"
"10/17/2024","18.05","18.70","18.95","17.95","22.60K","-6.72%"
"10/16/2024","19.35","18.25","19.30","18.25","0.51K","5.45%"
"10/15/2024","18.35","18.15","18.65","17.80","32.45K","2.51%"
"10/14/2024","17.90","18.85","19.55","17.85","26.37K","-6.28%"
"10/11/2024","19.10","19.85","20.20","18.85","25.11K","-3.78%"
"10/10/2024","19.85","20.00","20.40","19.65","24.86K","-1.00%"
"10/09/2024","20.05","20.80","21.15","19.90","18.15K","-3.37%"
"10/08/2024","20.75","21.65","22.15","20.65","30.13K","0.97%"
"10/07/2024","20.55","20.50","22.10","20.35","27.34K","-1.20%"
"10/04/2024","20.80","21.25","21.25","20.30","29.23K","-0.48%"
"10/03/2024","20.90","20.20","21.30","20.15","29.21K","3.98%"
"10/02/2024","20.10","20.45","20.85","20.00","32.72K","-1.23%"
"10/01/2024","20.35","18.70","20.70","18.50","45.66K","6.82%"
"09/30/2024","19.05","18.65","19.35","18.50","22.86K","5.54%"
"09/27/2024","18.05","17.90","18.75","17.90","20.50K","0.56%"
"09/26/2024","17.95","18.05","18.20","17.45","21.44K","0.28%"
"09/25/2024","17.90","17.95","18.20","17.80","12.58K","1.13%"
"09/24/2024","17.70","17.90","18.30","17.45","27.39K","-0.56%"
"09/23/2024","17.80","17.85","18.05","17.50","19.70K","-0.28%"
"09/20/2024","17.85","17.60","17.95","17.50","18.94K","1.42%"
"09/19/2024","17.60","18.25","18.35","17.50","23.64K","4.76%"
"09/18/2024","16.80","15.65","16.95","15.60","0.41K","1.20%"
"09/17/2024","16.60","16.85","17.30","16.30","21.09K","-2.06%"
"09/16/2024","16.95","16.40","17.40","16.40","21.61K","4.31%"
"09/13/2024","16.25","17.00","17.10","16.20","27.13K","-6.61%"
"09/12/2024","17.40","18.15","18.20","16.90","33.63K","-8.90%"
"09/11/2024","19.10","18.60","19.85","17.55","35.08K","2.14%"
"09/10/2024","18.70","18.70","19.65","18.35","26.37K","-2.60%"
"09/09/2024","19.20","20.30","20.40","18.15","22.04K","-7.25%"
"09/06/2024","20.70","18.65","20.90","17.55","45.26K","9.81%"
"09/05/2024","18.85","18.60","19.05","17.95","24.12K","1.89%"
"09/04/2024","18.50","17.75","19.50","17.75","36.71K","10.12%"
"09/03/2024","16.80","15.40","18.80","15.25","30.14K","8.39%"
"09/02/2024","15.50","15.45","15.80","15.05","7.42K","-0.64%"
"08/30/2024","15.60","15.50","15.80","15.30","14.69K","0.00%"
"08/29/2024","15.60","16.30","16.35","15.50","15.33K","-2.19%"
"08/28/2024","15.95","15.45","16.35","15.05","14.88K","1.27%"
"08/27/2024","15.75","15.65","15.90","15.45","9.97K","-0.32%"
"08/26/2024","15.80","15.70","15.95","15.45","9.23K","-0.32%"
"08/23/2024","15.85","16.65","16.65","15.50","17.63K","-2.76%"
"08/22/2024","16.30","15.90","16.70","15.65","22.20K","6.33%"
"08/21/2024","15.33","15.45","15.45","15.05","3.48K","0.20%"
"08/20/2024","15.30","14.90","15.40","14.45","16.06K","3.38%"
"08/19/2024","14.80","15.10","15.60","14.65","20.37K","-1.66%"
"08/16/2024","15.05","15.40","15.70","14.85","19.50K","-1.63%"
"08/15/2024","15.30","16.10","16.45","15.20","29.92K","-7.55%"
"08/14/2024","16.55","17.40","17.75","16.15","31.67K","-7.54%"
"08/13/2024","17.90","18.80","19.00","17.15","20.61K","-1.92%"
"08/12/2024","18.25","18.35","19.20","17.60","30.51K","-8.75%"
"08/09/2024","20.00","21.25","21.60","18.65","25.72K","-5.66%"
"08/08/2024","21.20","22.80","23.50","20.80","31.13K","3.67%"
"08/07/2024","20.45","24.25","24.25","20.15","32.55K","-15.67%"
"08/06/2024","24.25","27.45","28.55","21.60","62.24K","-11.82%"
"08/05/2024","27.50","22.35","37.75","22.35","101.30K","21.41%"
"08/02/2024","22.65","17.65","22.85","17.20","86.55K","34.82%"
"08/01/2024","16.80","15.65","17.60","15.50","45.40K","7.69%"
"07/31/2024","15.60","15.70","15.95","15.35","23.17K","-1.58%"
"07/30/2024","15.85","15.55","16.35","15.50","22.21K","0.00%"
"07/29/2024","15.85","15.60","15.95","15.15","26.99K","1.60%"
"07/26/2024","15.60","16.55","16.60","15.50","28.24K","-5.45%"
"07/25/2024","16.50","16.20","17.30","15.90","46.81K","3.77%"
"07/24/2024","15.90","15.10","16.75","15.10","24.08K","6.71%"
"07/23/2024","14.90","15.25","15.45","14.85","20.92K","-3.87%"
"07/22/2024","15.50","16.20","16.40","15.20","18.97K","-4.32%"
"07/19/2024","16.20","15.55","16.25","15.55","31.20K","4.18%"
"07/18/2024","15.55","15.30","15.75","14.80","31.48K","10.91%"
"07/17/2024","14.02","13.45","14.05","13.40","1.97K","2.34%"
"07/16/2024","13.70","13.50","13.90","13.40","36.10K","1.48%"
"07/15/2024","13.50","13.35","13.65","13.15","39.64K","1.50%"
"07/12/2024","13.30","13.70","13.70","13.20","42.84K","-2.92%"
"07/11/2024","13.70","13.95","14.10","13.55","22.14K","0.00%"
"07/10/2024","13.70","14.05","14.05","13.65","27.30K","-4.20%"
"07/09/2024","14.30","13.55","14.40","13.55","40.14K","5.93%"
"07/08/2024","13.50","14.30","14.40","13.40","42.01K","-4.59%"
"07/05/2024","14.15","14.10","14.40","13.95","30.33K","0.35%"
"07/04/2024","14.10","14.10","14.20","13.95","12.99K","-0.35%"
"07/03/2024","14.15","15.00","15.10","14.05","34.17K","-5.03%"
"07/02/2024","14.90","14.75","15.40","14.75","19.72K","0.34%"
"07/01/2024","14.85","16.05","16.05","14.70","39.13K","-8.33%"
"06/28/2024","16.20","16.30","16.55","15.95","40.54K","-1.82%"
"06/27/2024","16.50","16.45","16.85","16.30","29.46K","-1.49%"
"06/26/2024","16.75","16.35","17.05","16.00","30.40K","2.13%"
"06/25/2024","16.40","16.05","16.50","15.90","19.85K","2.18%"
"06/24/2024","16.05","16.75","17.10","15.95","25.80K","-4.46%"
"06/21/2024","16.80","16.60","17.20","16.45","30.37K","3.07%"
"06/20/2024","16.30","16.65","16.70","16.10","29.79K","-11.75%"
"06/19/2024","18.47","18.60","18.65","18.05","1.62K","-0.43%"
"06/18/2024","18.55","19.30","19.60","18.35","19.13K","-5.36%"
"06/17/2024","19.60","21.40","22.00","18.80","28.13K","-0.25%"
"06/14/2024","19.65","16.65","21.15","16.40","70.12K","20.18%"
"06/13/2024","16.35","14.75","17.00","14.50","55.47K","10.85%"
"06/12/2024","14.75","15.40","15.50","14.60","44.93K","-4.22%"
"06/11/2024","15.40","14.25","16.00","14.05","77.83K","7.69%"
"06/10/2024","14.30","13.40","14.75","13.30","77.18K","7.12%"
"06/07/2024","13.35","13.40","13.80","13.20","35.19K","-0.37%"
"06/06/2024","13.40","13.40","13.55","13.30","35.01K","-0.74%"
"06/05/2024","13.50","13.85","13.90","13.35","25.45K","-4.26%"
"06/04/2024","14.10","13.75","14.35","13.70","42.79K","2.17%"
"06/03/2024","13.80","13.85","14.15","13.50","26.54K","-3.16%"
"05/31/2024","14.25","14.35","14.40","13.75","23.22K","0.35%"
"05/30/2024","14.20","14.50","14.70","13.90","31.60K","0.00%"
"05/29/2024","14.20","13.50","14.45","13.50","38.26K","4.03%"
"05/28/2024","13.65","13.55","13.90","13.40","20.56K","0.74%"
"05/27/2024","13.55","13.55","13.70","13.45","7.31K","-0.73%"
"05/24/2024","13.65","14.15","14.20","13.55","20.90K","0.00%"
"05/23/2024","13.65","13.65","14.15","13.45","27.64K","9.90%"
"05/22/2024","12.42","12.20","12.45","12.20","0.33K","-0.64%"
"05/21/2024","12.50","12.90","13.00","11.30","42.23K","-2.34%"
"05/20/2024","12.80","13.10","13.40","12.75","33.36K","-4.12%"
"05/17/2024","13.35","13.55","13.55","13.00","30.75K","-0.37%"
"05/16/2024","13.40","13.45","13.50","13.30","23.18K","0.00%"
"05/15/2024","13.40","13.95","14.05","13.30","23.41K","-4.96%"
"05/14/2024","14.10","14.15","14.35","13.85","19.74K","0.00%"
"05/13/2024","14.10","13.95","14.20","13.95","14.14K","-0.35%"
"05/10/2024","14.15","14.10","14.15","13.90","23.11K","0.35%"
"05/09/2024","14.10","14.15","14.30","14.00","21.62K","-1.40%"
"05/08/2024","14.30","14.50","14.50","14.20","18.59K","-1.04%"
"05/07/2024","14.45","14.40","14.60","14.25","27.22K","-0.34%"
"05/06/2024","14.50","14.70","14.75","14.35","16.35K","-2.03%"
"05/03/2024","14.80","15.20","15.20","14.60","25.17K","-3.58%"
"05/02/2024","15.35","15.30","15.80","15.25","18.96K","-0.32%"
"04/30/2024","15.40","15.25","15.75","15.15","24.95K","1.32%"
"04/29/2024","15.20","15.65","15.65","15.15","22.33K","-1.94%"
"04/26/2024","15.50","16.15","16.15","15.35","19.52K","-4.32%"
"04/25/2024","16.20","15.75","16.80","15.75","28.14K","2.53%"
"04/24/2024","15.80","15.85","15.95","15.50","29.47K","-1.86%"
"04/23/2024","16.10","16.50","16.50","15.85","35.18K","-4.73%"
"04/22/2024","16.90","17.30","17.45","16.35","32.39K","-4.25%"
"04/19/2024","17.65","17.70","19.90","17.10","45.26K","3.22%"
"04/18/2024","17.10","17.60","17.70","16.95","26.97K","-5.11%"
"04/17/2024","18.02","18.70","18.90","17.80","2.51K","-6.87%"
"04/16/2024","19.35","19.25","19.80","18.00","39.79K","8.10%"
"04/15/2024","17.90","17.45","18.80","16.60","37.68K","-1.10%"
"04/12/2024","18.10","15.30","18.70","15.20","75.73K","12.77%"
"04/11/2024","16.05","15.40","16.40","15.15","53.69K","5.59%"
"04/10/2024","15.20","15.00","15.70","14.65","55.07K","-1.62%"
"04/09/2024","15.45","14.95","15.65","14.90","44.20K","3.34%"
"04/08/2024","14.95","15.45","15.55","14.80","33.19K","-4.17%"
"04/05/2024","15.60","15.50","15.65","15.10","64.51K","9.86%"
"04/04/2024","14.20","14.60","15.55","14.15","29.89K","-2.07%"
"04/03/2024","14.50","14.75","15.00","14.45","36.41K","-4.29%"
"04/02/2024","15.15","14.25","15.25","14.05","52.00K","7.07%"
"03/28/2024","14.15","14.00","14.20","13.95","18.07K","0.71%"
"03/27/2024","14.05","14.05","14.10","13.90","14.27K","0.36%"
"03/26/2024","14.00","14.20","14.30","13.95","14.80K","-1.41%"
"03/25/2024","14.20","14.50","14.60","14.10","15.87K","-1.05%"
"03/22/2024","14.35","14.30","14.60","14.15","19.44K","0.35%"
"03/21/2024","14.30","14.50","14.55","14.25","27.45K","10.85%"
"03/20/2024","12.90","13.20","13.25","12.75","3.41K","-3.37%"
"03/19/2024","13.35","13.90","13.90","13.05","34.33K","-2.55%"
"03/18/2024","13.70","13.90","14.00","13.40","31.28K","-2.84%"
"03/15/2024","14.10","13.55","14.40","13.50","36.64K","1.81%"
"03/14/2024","13.85","13.10","14.10","13.10","54.51K","2.59%"
"03/13/2024","13.50","13.80","13.90","13.40","36.75K","-2.53%"
"03/12/2024","13.85","14.55","14.70","13.75","51.96K","-6.10%"
"03/11/2024","14.75","14.75","14.90","14.40","35.22K","3.15%"
"03/08/2024","14.30","14.20","15.00","14.00","23.20K","0.70%"
"03/07/2024","14.20","14.60","14.75","14.05","27.67K","-0.70%"
"03/06/2024","14.30","14.80","14.80","14.25","18.34K","-2.39%"
"03/05/2024","14.65","14.05","15.00","14.05","31.39K","4.27%"
"03/04/2024","14.05","14.05","14.25","13.95","16.75K","-0.35%"
"03/01/2024","14.10","14.10","14.40","13.85","27.88K","-1.05%"
"02/29/2024","14.25","14.10","14.45","14.05","20.66K","1.06%"
"02/28/2024","14.10","14.10","14.30","13.85","15.13K","0.71%"
"02/27/2024","14.00","14.40","14.40","14.00","16.73K","-2.78%"
"02/26/2024","14.40","14.70","14.70","14.30","20.72K","-1.71%"
"02/23/2024","14.65","14.90","14.90","14.40","25.83K","0.00%"
"02/22/2024","14.65","14.90","14.95","14.50","24.30K","-3.30%"
"02/21/2024","15.15","15.25","15.40","15.05","22.86K","-0.33%"
"02/20/2024","15.20","14.95","15.45","14.85","25.63K","2.01%"
"02/19/2024","14.90","15.10","15.20","14.80","10.62K","0.00%"
"02/16/2024","14.90","15.05","15.20","14.80","17.39K","-1.65%"
"02/15/2024","15.15","15.20","15.35","14.95","20.05K","5.21%"
"02/14/2024","14.40","15.25","15.30","14.25","5.72K","-4.95%"
"02/13/2024","15.15","14.50","16.05","14.10","26.52K","5.21%"
"02/12/2024","14.40","14.10","14.50","14.10","27.14K","1.05%"
"02/09/2024","14.25","14.05","14.30","13.90","36.03K","0.35%"
"02/08/2024","14.20","14.15","14.20","13.95","21.75K","0.35%"
"02/07/2024","14.15","14.05","14.20","13.90","37.79K","-0.35%"
"02/06/2024","14.20","14.40","14.40","13.95","23.96K","-3.40%"
"02/05/2024","14.70","14.85","15.00","14.25","22.93K","1.03%"
"02/02/2024","14.55","14.50","14.95","14.40","21.49K","-4.28%"
"02/01/2024","15.20","14.95","15.25","14.65","24.32K","1.00%"
"01/31/2024","15.05","14.65","15.20","14.25","38.47K","3.79%"
"01/30/2024","14.50","14.75","14.75","14.45","15.84K","-1.02%"
"01/29/2024","14.65","14.65","14.70","14.30","23.74K","2.09%"
"01/26/2024","14.35","14.70","14.70","14.25","13.90K","-0.69%"
"01/25/2024","14.45","14.50","14.50","14.20","22.10K","2.48%"
"01/24/2024","14.10","14.20","14.35","13.80","18.87K","-1.40%"
"01/23/2024","14.30","14.50","14.65","14.25","16.22K","-3.05%"
"01/22/2024","14.75","14.85","14.85","14.55","16.92K","-1.67%"
"01/19/2024","15.00","15.20","15.20","14.80","15.66K","-0.99%"
"01/18/2024","15.15","15.80","15.80","15.10","13.48K","-2.13%"
"01/17/2024","15.48","14.10","15.55","14.10","1.85K","9.01%"
"01/16/2024","14.20","14.25","14.75","14.10","30.80K","0.71%"
"01/15/2024","14.10","13.85","14.25","13.85","16.08K","1.81%"
"01/12/2024","13.85","13.75","14.25","13.55","28.17K","-1.77%"
"01/11/2024","14.10","13.50","14.20","13.45","36.47K","3.30%"
"01/10/2024","13.65","14.05","14.05","13.60","27.87K","-2.85%"
"01/09/2024","14.05","14.05","14.45","13.80","29.15K","-0.71%"
"01/08/2024","14.15","14.70","14.95","13.85","32.19K","-3.08%"
"01/05/2024","14.60","14.85","15.40","14.30","31.16K","-0.68%"
"01/04/2024","14.70","15.35","15.50","14.70","27.98K","-4.55%"
"01/03/2024","15.40","14.85","15.65","14.60","31.62K","3.36%"
"01/02/2024","14.90","14.70","15.20","14.30","25.36K","0.34%"
"12/29/2023","14.85","14.70","14.95","14.55","13.72K","0.34%"
"12/28/2023","14.80","14.70","14.85","14.60","12.67K","0.34%"
"12/27/2023","14.75","15.25","15.30","14.55","20.31K","-6.35%"
"12/22/2023","15.75","15.75","15.95","15.50","14.73K","0.32%"
"12/21/2023","15.70","15.80","16.05","15.50","25.42K","25.20%"
"12/20/2023","12.54","12.60","12.75","12.15","4.33K","-2.79%"
"12/19/2023","12.90","12.80","13.10","12.25","15.51K","-1.15%"
"12/18/2023","13.05","13.15","13.35","12.90","43.17K","1.56%"
"12/15/2023","12.85","12.90","13.20","12.65","36.48K","-0.77%"
"12/14/2023","12.95","12.90","13.20","12.65","52.18K","-3.36%"
"12/13/2023","13.40","13.35","13.45","12.90","26.63K","0.00%"
"12/12/2023","13.40","13.80","13.95","13.15","35.28K","-3.60%"
"12/11/2023","13.90","14.15","14.15","13.75","26.58K","-1.07%"
"12/08/2023","14.05","14.40","14.55","13.90","27.70K","-2.77%"
"12/07/2023","14.45","14.35","14.70","14.35","29.73K","1.40%"
"12/06/2023","14.25","14.20","14.40","14.05","35.40K","0.00%"
"12/05/2023","14.25","14.40","14.60","14.15","11.37K","-1.04%"
"12/04/2023","14.40","14.30","14.55","14.15","24.72K","1.77%"
"12/01/2023","14.15","14.40","14.40","14.15","17.69K","-2.08%"
"11/30/2023","14.45","14.60","14.60","14.25","13.08K","-1.03%"
"11/29/2023","14.60","14.50","14.65","14.25","12.34K","0.00%"
"11/28/2023","14.60","14.50","14.80","14.45","20.13K","0.34%"
"11/27/2023","14.55","14.60","14.70","14.40","13.96K","-0.34%"
"11/24/2023","14.60","14.70","14.95","14.40","11.80K","-1.02%"
"11/23/2023","14.75","14.75","14.85","14.55","6.57K","0.68%"
"11/22/2023","14.65","14.90","14.95","14.60","15.17K","-1.68%"
"11/21/2023","14.90","14.90","15.10","14.85","14.61K","0.34%"
"11/20/2023","14.85","15.25","15.30","14.85","14.18K","-2.30%"
"11/17/2023","15.20","15.50","15.60","15.10","16.61K","-2.88%"
"11/16/2023","15.65","15.30","15.75","15.20","36.11K","5.89%"
"11/15/2023","14.78","15.00","15.10","14.75","3.25K","-3.40%"
"11/14/2023","15.30","15.90","15.95","15.00","42.79K","-2.86%"
"11/13/2023","15.75","16.60","16.60","15.75","25.88K","-3.96%"
"11/10/2023","16.40","16.70","16.80","16.15","23.85K","1.86%"
"11/09/2023","16.10","16.45","16.80","15.90","27.98K","-1.83%"
"11/08/2023","16.40","17.00","17.10","16.20","32.94K","-2.09%"
"11/07/2023","16.75","16.95","17.15","16.65","30.35K","-1.18%"
"11/06/2023","16.95","17.20","17.35","16.85","24.55K","-1.17%"
"11/03/2023","17.15","17.65","17.75","17.10","33.07K","-3.38%"
"11/02/2023","17.75","18.10","18.25","17.40","29.55K","-4.05%"
"11/01/2023","18.50","19.10","19.15","18.00","30.85K","-4.88%"
"10/31/2023","19.45","20.30","20.35","18.85","21.87K","-5.35%"
"10/30/2023","20.55","21.50","21.50","20.10","24.29K","0.00%"
"10/27/2023","20.55","20.55","21.80","20.40","19.92K","-1.91%"
"10/26/2023","20.95","21.20","21.50","20.60","22.34K","4.23%"
"10/25/2023","20.10","20.25","21.20","19.80","23.08K","-1.23%"
"10/24/2023","20.35","21.10","21.10","19.95","19.02K","-3.55%"
"10/23/2023","21.10","21.75","22.60","20.55","41.56K","-4.31%"
"10/20/2023","22.05","21.75","22.10","21.15","34.22K","5.25%"
"10/19/2023","20.95","20.45","21.70","20.40","30.24K","2.65%"
"10/18/2023","20.41","20.25","20.85","19.90","2.51K","3.34%"
"10/17/2023","19.75","19.30","20.95","19.00","29.15K","2.07%"
"10/16/2023","19.35","19.80","22.30","18.80","24.93K","-0.51%"
"10/13/2023","19.45","17.85","20.45","17.55","37.07K","14.41%"
"10/12/2023","17.00","17.45","18.30","16.80","26.73K","-3.41%"
"10/11/2023","17.60","18.20","18.35","17.35","33.16K","-1.12%"
"10/10/2023","17.80","18.55","18.65","17.70","26.74K","-8.72%"
"10/09/2023","19.50","19.35","20.20","18.50","32.24K","5.12%"
"10/06/2023","18.55","18.95","19.50","18.20","31.08K","-4.63%"
"10/05/2023","19.45","19.35","19.65","18.80","16.04K","-1.52%"
"10/04/2023","19.75","19.65","20.35","19.15","29.54K","0.77%"
"10/03/2023","19.60","18.55","20.00","18.20","23.52K","7.10%"
"10/02/2023","18.30","17.75","19.00","17.60","22.63K","3.39%"
"09/29/2023","17.70","18.30","18.35","17.40","17.43K","-4.32%"
"09/28/2023","18.50","18.70","19.30","18.25","19.84K","-3.65%"
"09/27/2023","19.20","19.25","19.70","18.60","25.17K","1.05%"
"09/26/2023","19.00","18.30","19.50","18.30","27.20K","2.43%"
"09/25/2023","18.55","18.00","18.90","17.60","25.73K","6.30%"
"09/22/2023","17.45","17.75","17.90","17.35","18.97K","-0.85%"
"09/21/2023","17.60","16.85","17.80","16.75","24.69K","10.97%"
"09/20/2023","15.86","16.15","16.15","15.75","1.08K","-2.10%"
"09/19/2023","16.20","15.95","16.65","15.65","28.99K","0.62%"
"09/18/2023","16.10","14.95","16.35","14.95","26.70K","6.98%"
"09/15/2023","15.05","15.00","15.40","14.60","26.77K","1.35%"
"09/14/2023","14.85","15.90","16.15","14.65","42.38K","-6.60%"
"09/13/2023","15.90","16.15","16.45","15.70","32.78K","-0.93%"
"09/12/2023","16.05","15.85","16.20","15.70","26.52K","0.31%"
"09/11/2023","16.00","16.00","16.20","15.60","25.67K","-0.31%"
"09/08/2023","16.05","16.40","16.95","15.95","21.52K","-3.02%"
"09/07/2023","16.55","16.50","17.05","16.25","15.04K","1.22%"
"09/06/2023","16.35","16.40","16.80","16.30","15.67K","1.24%"
"09/05/2023","16.15","16.30","16.80","16.10","18.09K","-1.22%"
"09/04/2023","16.35","15.85","16.40","15.55","9.12K","2.51%"
"09/01/2023","15.95","16.10","16.20","15.55","15.59K","-1.24%"
"08/31/2023","16.15","16.50","16.50","15.95","21.89K","-2.12%"
"08/30/2023","16.50","16.65","17.15","16.30","14.43K","-0.90%"
"08/29/2023","16.65","17.25","17.35","16.50","15.52K","-4.58%"
"08/28/2023","17.45","18.15","18.20","17.20","14.85K","-5.68%"
"08/25/2023","18.50","19.00","19.15","18.05","13.80K","-0.80%"
"08/24/2023","18.65","18.55","19.00","17.95","17.80K","0.81%"
"08/23/2023","18.50","18.95","19.10","18.45","14.82K","-2.89%"
"08/22/2023","19.05","19.60","19.60","18.60","17.39K","-2.56%"
"08/21/2023","19.55","19.55","19.80","19.05","15.95K","-1.51%"
"08/18/2023","19.85","20.10","20.60","19.60","29.73K","0.76%"
"08/17/2023","19.70","19.20","20.10","18.75","28.01K","3.58%"
"08/16/2023","19.02","19.60","19.60","18.70","2.50K","1.71%"
"08/15/2023","18.70","18.00","19.90","17.85","22.08K","4.47%"
"08/14/2023","17.90","18.15","18.55","17.85","19.85K","-2.19%"
"08/11/2023","18.30","17.90","19.45","17.85","25.36K","3.98%"
"08/10/2023","17.60","18.00","18.35","17.20","32.96K","-4.86%"
"08/09/2023","18.50","18.10","18.70","17.75","24.33K","-4.15%"
"08/08/2023","19.30","18.45","19.65","18.20","41.77K","4.32%"
"08/07/2023","18.50","19.25","19.50","18.05","22.35K","1.37%"
"08/04/2023","18.25","18.50","19.45","17.90","26.91K","-3.95%"
"08/03/2023","19.00","18.30","19.60","18.20","45.74K","1.88%"
"08/02/2023","18.65","17.10","18.80","17.05","37.70K","10.03%"
"08/01/2023","16.95","16.15","17.00","16.15","24.63K","3.99%"
"07/31/2023","16.30","16.10","16.35","15.65","12.70K","2.19%"
"07/28/2023","15.95","16.40","16.45","15.80","14.04K","2.24%"
"07/27/2023","15.60","16.50","16.70","15.55","30.51K","-6.31%"
"07/26/2023","16.65","16.50","17.20","16.30","21.93K","1.83%"
"07/25/2023","16.35","16.35","16.60","16.15","13.38K","-0.61%"
"07/24/2023","16.45","16.60","16.70","16.30","13.76K","1.54%"
"07/21/2023","16.20","16.75","16.75","16.15","12.12K","-2.70%"
"07/20/2023","16.65","16.80","17.00","16.50","14.37K","5.31%"
"07/19/2023","15.81","14.90","15.80","14.55","1.68K","3.33%"
"07/18/2023","15.30","15.95","15.95","14.80","22.41K","-3.77%"
"07/17/2023","15.90","14.90","16.00","14.90","20.38K","5.30%"
"07/14/2023","15.10","15.30","15.45","15.00","18.44K","-0.33%"
"07/13/2023","15.15","15.25","15.60","14.85","20.27K","0.00%"
"07/12/2023","15.15","16.35","16.35","15.10","36.69K","-7.34%"
"07/11/2023","16.35","16.80","17.05","16.25","28.42K","-4.66%"
"07/10/2023","17.15","17.25","17.75","16.75","17.94K","0.00%"
"07/07/2023","17.15","17.40","18.00","16.95","35.67K","-7.30%"
"07/06/2023","18.50","15.80","18.75","15.80","51.21K","17.83%"
"07/05/2023","15.70","15.15","15.80","15.15","26.00K","2.95%"
"07/04/2023","15.25","14.70","15.25","14.55","6.87K","3.04%"
"07/03/2023","14.80","15.05","15.05","14.40","18.03K","-0.67%"
"06/30/2023","14.90","15.50","15.55","14.80","20.64K","-3.87%"
"06/29/2023","15.50","15.50","15.70","15.35","24.35K","-1.90%"
"06/28/2023","15.80","16.65","16.65","15.50","20.47K","-3.36%"
"06/27/2023","16.35","16.85","17.00","16.25","11.78K","-2.39%"
"06/26/2023","16.75","16.80","17.45","16.50","16.50K","-0.30%"
"06/23/2023","16.80","16.30","17.10","16.30","17.92K","1.20%"
"06/22/2023","16.60","16.30","17.10","16.15","19.23K","25.66%"
"06/21/2023","13.21","14.70","14.75","13.05","1.75K","-10.44%"
"06/20/2023","14.75","14.70","15.00","14.55","20.29K","0.34%"
"06/19/2023","14.70","14.20","14.70","0.05","12.16K","2.08%"
"06/16/2023","14.40","14.80","14.80","14.30","37.05K","-1.71%"
"06/15/2023","14.65","14.65","14.90","14.15","38.66K","0.00%"
"06/14/2023","14.65","15.15","15.25","14.60","28.54K","-3.30%"
"06/13/2023","15.15","15.75","15.80","15.10","30.51K","-3.19%"
"06/12/2023","15.65","15.80","15.95","15.50","20.16K","-2.19%"
"06/09/2023","16.00","15.95","16.20","15.80","16.58K","0.63%"
"06/08/2023","15.90","16.45","16.45","15.80","19.82K","-2.15%"
"06/07/2023","16.25","16.25","16.50","16.00","23.59K","-0.61%"
"06/06/2023","16.35","16.90","17.05","15.90","13.03K","-3.82%"
"06/05/2023","17.00","17.00","17.45","16.75","23.96K","0.29%"
"06/02/2023","16.95","17.75","17.75","16.85","18.65K","-5.57%"
"06/01/2023","17.95","18.75","18.75","17.75","20.65K","-6.51%"
"05/31/2023","19.20","18.25","19.35","18.10","23.70K","4.92%"
"05/30/2023","18.30","18.25","18.35","17.35","26.17K","0.27%"
"05/29/2023","18.25","18.30","18.45","18.05","5.98K","-0.82%"
"05/26/2023","18.40","19.40","19.65","18.10","18.11K","-5.40%"
"05/25/2023","19.45","19.45","19.95","19.20","13.16K","-1.27%"
"05/24/2023","19.70","18.90","20.00","18.90","26.66K","6.20%"
"05/23/2023","18.55","18.15","19.05","18.05","14.18K","2.77%"
"05/22/2023","18.05","18.45","18.65","17.95","13.72K","-1.10%"
"05/19/2023","18.25","18.25","18.60","17.65","29.82K","-0.82%"
"05/18/2023","18.40","19.00","19.05","18.25","16.05K","9.98%"
"05/17/2023","16.73","16.15","17.30","16.15","0.44K","-2.16%"
"05/16/2023","17.10","17.50","17.60","16.45","21.27K","-0.87%"
"05/15/2023","17.25","18.15","18.25","17.20","20.23K","-3.63%"
"05/12/2023","17.90","18.65","18.85","17.70","19.20K","-6.28%"
"05/11/2023","19.10","19.30","19.75","18.55","24.77K","-1.04%"
"05/10/2023","19.30","19.65","20.20","18.90","22.35K","-2.53%"
"05/09/2023","19.80","19.30","19.90","19.10","20.82K","2.86%"
"05/08/2023","19.25","19.50","19.55","19.10","13.57K","-1.03%"
"05/05/2023","19.45","21.10","21.10","19.30","23.91K","-8.47%"
"05/04/2023","21.25","20.40","21.80","19.80","42.79K","5.72%"
"05/03/2023","20.10","19.60","20.15","19.35","22.23K","-3.60%"
"05/02/2023","20.85","19.10","20.95","18.65","30.36K","8.31%"
"04/28/2023","19.25","19.55","20.35","19.10","26.77K","-1.79%"
"04/27/2023","19.60","20.30","20.30","19.40","13.57K","-2.49%"
"04/26/2023","20.10","20.65","20.85","19.85","24.16K","2.03%"
"04/25/2023","19.70","19.45","20.75","19.30","14.91K","1.03%"
"04/24/2023","19.50","19.90","20.00","19.30","12.86K","-1.02%"
"04/21/2023","19.70","19.85","20.20","19.50","12.71K","-0.25%"
"04/20/2023","19.75","19.55","20.15","19.50","16.22K","16.11%"
"04/19/2023","17.01","16.50","17.10","16.50","2.85K","0.06%"
"04/18/2023","17.00","17.25","17.65","16.50","23.57K","-3.41%"
"04/17/2023","17.60","17.40","17.65","16.85","16.98K","0.00%"
"04/14/2023","17.60","18.20","18.80","17.40","20.63K","-4.09%"
"04/13/2023","18.35","19.60","19.60","18.30","24.42K","-6.14%"
"04/12/2023","19.55","20.00","20.10","19.00","18.04K","-0.26%"
"04/11/2023","19.60","20.30","20.35","19.50","27.40K","-4.39%"
"04/06/2023","20.50","20.80","21.15","20.30","20.08K","-3.30%"
"04/05/2023","21.20","19.85","21.30","19.85","19.48K","4.69%"
"04/04/2023","20.25","20.10","20.65","19.45","12.18K","-0.49%"
"04/03/2023","20.35","20.85","21.25","19.90","13.40K","-1.93%"
"03/31/2023","20.75","21.20","21.20","20.50","12.15K","-1.43%"
"03/30/2023","21.05","21.40","21.70","20.80","13.07K","-1.41%"
"03/29/2023","21.35","22.20","22.20","21.25","19.51K","-4.90%"
"03/28/2023","22.45","22.70","23.10","22.25","15.18K","-3.23%"
"03/27/2023","23.20","23.90","24.55","22.75","17.96K","-8.12%"
"03/24/2023","25.25","23.70","26.40","23.10","43.85K","13.48%"
"03/23/2023","22.25","23.50","24.45","21.85","27.08K","-2.20%"
"03/22/2023","22.75","23.20","24.45","22.75","4.93K","-6.57%"
"03/21/2023","24.35","26.80","26.80","23.50","34.51K","-11.93%"
"03/20/2023","27.65","28.10","31.35","26.15","25.65K","-3.15%"
"03/17/2023","28.55","25.65","29.50","24.25","45.79K","10.02%"
"03/16/2023","25.95","25.85","28.90","25.25","46.99K","-9.42%"
"03/15/2023","28.65","22.30","28.75","22.30","71.75K","30.82%"
"03/14/2023","21.90","22.85","23.90","21.55","50.46K","-7.40%"
"03/13/2023","23.65","20.75","25.50","19.85","79.19K","15.93%"
"03/10/2023","20.40","19.80","22.65","19.15","64.71K","13.02%"
"03/09/2023","18.05","18.15","19.75","17.70","22.61K","-0.82%"
"03/08/2023","18.20","18.55","18.80","18.00","11.07K","-1.36%"
"03/07/2023","18.45","18.25","18.75","18.05","13.34K","1.37%"
"03/06/2023","18.20","18.45","18.60","18.10","15.53K","-2.15%"
"03/03/2023","18.60","19.20","19.25","18.30","12.83K","-4.62%"
"03/02/2023","19.50","19.80","20.45","19.05","16.28K","-1.76%"
"03/01/2023","19.85","19.55","20.05","19.20","16.77K","2.06%"
"02/28/2023","19.45","19.95","20.40","19.30","20.83K","-2.75%"
"02/27/2023","20.00","20.80","20.80","19.70","21.80K","-4.08%"
"02/24/2023","20.85","19.75","21.35","19.70","26.77K","3.22%"
"02/23/2023","20.20","20.35","20.45","19.65","17.03K","-2.42%"
"02/22/2023","20.70","20.80","21.40","20.30","18.41K","-0.72%"
"02/21/2023","20.85","20.20","20.95","20.10","27.15K","4.25%"
"02/20/2023","20.00","19.60","20.20","19.45","8.89K","0.25%"
"02/17/2023","19.95","19.60","20.15","19.40","18.03K","5.00%"
"02/16/2023","19.00","18.75","19.55","18.50","27.58K","5.97%"
"02/15/2023","17.93","18.00","18.75","17.85","5.04K","-4.88%"
"02/14/2023","18.85","19.80","19.95","17.65","26.41K","-4.56%"
"02/13/2023","19.75","20.45","20.70","19.65","22.52K","-5.28%"
"02/10/2023","20.85","19.25","21.05","19.15","34.32K","11.80%"
"02/09/2023","18.65","19.20","19.25","18.40","19.92K","-1.84%"
"02/08/2023","19.00","18.45","19.35","18.20","35.10K","-0.26%"
"02/07/2023","19.05","18.60","19.30","18.15","31.67K","1.87%"
"02/06/2023","18.70","18.00","18.95","17.70","34.44K","6.86%"
"02/03/2023","17.50","17.95","18.35","17.50","27.95K","2.64%"
"02/02/2023","17.05","17.85","18.00","17.05","32.43K","-8.33%"
"02/01/2023","18.60","18.45","18.75","17.50","19.33K","1.09%"
"01/31/2023","18.40","18.65","19.40","18.25","16.81K","-2.65%"
"01/30/2023","18.90","18.25","19.20","18.25","18.38K","5.00%"
"01/27/2023","18.00","18.55","18.65","17.90","18.75K","-3.49%"
"01/26/2023","18.65","18.70","18.80","18.30","17.67K","-3.37%"
"01/25/2023","19.30","19.35","19.90","18.70","15.30K","0.26%"
"01/24/2023","19.25","19.45","19.65","18.90","15.71K","-1.53%"
"01/23/2023","19.55","19.90","20.05","19.45","11.42K","-3.22%"
"01/20/2023","20.20","20.45","20.70","19.90","18.86K","-4.49%"
"01/19/2023","21.15","20.00","21.20","19.75","26.41K","20.38%"
"01/18/2023","17.57","17.60","18.10","17.20","1.11K","-7.04%"
"01/17/2023","18.90","18.00","18.95","17.65","26.51K","2.72%"
"01/16/2023","18.40","18.00","19.15","17.85","30.24K","2.22%"
"01/13/2023","18.00","18.40","18.65","17.70","34.47K","-2.96%"
"01/12/2023","18.55","19.50","19.75","18.25","30.28K","-5.36%"
"01/11/2023","19.60","19.30","19.70","19.05","13.95K","-0.25%"
"01/10/2023","19.65","19.80","20.00","19.20","23.65K","0.51%"
"01/09/2023","19.55","19.45","19.80","19.15","16.47K","0.77%"
"01/06/2023","19.40","20.25","20.40","19.25","24.88K","-5.37%"
"01/05/2023","20.50","20.45","20.60","20.10","17.69K","0.24%"
"01/04/2023","20.45","21.15","21.15","20.20","20.72K","-3.54%"
"01/03/2023","21.20","21.70","21.70","20.60","19.49K","0.00%"
"01/02/2023","21.20","21.70","21.70","21.00","2.87K","-3.42%"
"12/30/2022","21.95","21.40","21.95","21.20","10.62K","4.03%"
"12/29/2022","21.10","21.70","21.90","21.05","8.80K","-2.31%"
"12/28/2022","21.60","21.75","21.95","21.35","8.76K","-1.82%"
"12/27/2022","22.00","21.85","22.05","21.55","9.43K","-0.68%"
"12/23/2022","22.15","22.25","22.60","21.85","10.45K","0.45%"
"12/22/2022","22.05","21.35","22.85","21.20","15.82K","11.42%"
"12/21/2022","19.79","19.85","19.85","19.50","0.28K","-4.40%"
"12/20/2022","20.70","21.95","22.40","20.00","14.69K","-1.90%"
"12/19/2022","21.10","22.35","22.35","21.05","21.18K","-6.01%"
"12/16/2022","22.45","21.40","22.80","20.65","32.06K","6.40%"
"12/15/2022","21.10","20.00","21.50","19.70","60.62K","5.50%"
"12/14/2022","20.00","20.20","20.70","19.70","31.20K","-1.72%"
"12/13/2022","20.35","21.50","21.85","19.50","49.91K","-6.65%"
"12/12/2022","21.80","21.80","21.95","21.45","18.49K","2.11%"
"12/09/2022","21.35","21.00","21.70","20.85","24.84K","-0.47%"
"12/08/2022","21.45","21.60","21.85","21.05","33.86K","-0.23%"
"12/07/2022","21.50","21.00","21.60","20.85","28.41K","2.87%"
"12/06/2022","20.90","20.30","21.15","20.05","21.72K","3.98%"
"12/05/2022","20.10","19.90","20.60","19.90","20.90K","1.01%"
"12/02/2022","19.90","20.45","20.80","19.70","18.45K","-3.63%"
"12/01/2022","20.65","20.75","20.85","20.20","21.61K","-3.05%"
"11/30/2022","21.30","21.30","21.65","20.40","23.88K","-2.07%"
"11/29/2022","21.75","22.10","22.10","21.25","13.52K","0.00%"
"11/28/2022","21.75","21.15","22.05","20.90","16.69K","4.32%"
"11/25/2022","20.85","21.30","21.45","20.70","12.04K","0.00%"
"11/24/2022","20.85","20.90","21.15","20.55","9.28K","-0.24%"
"11/23/2022","20.90","21.20","21.45","20.50","16.58K","-2.11%"
"11/22/2022","21.35","22.00","22.15","21.25","25.98K","-3.61%"
"11/21/2022","22.15","22.35","22.70","21.95","15.19K","-0.89%"
"11/18/2022","22.35","22.85","22.90","22.15","17.80K","-2.19%"
"11/17/2022","22.85","22.75","23.35","22.35","21.83K","10.12%"
"11/16/2022","20.75","22.15","22.50","20.10","0.73K","-1.19%"
"11/15/2022","21.00","21.00","22.65","20.35","14.66K","0.48%"
"11/14/2022","20.90","21.40","21.55","20.55","29.10K","-3.24%"
"11/11/2022","21.60","22.10","22.50","21.15","23.73K","-0.46%"
"11/10/2022","21.70","23.95","24.00","21.65","25.38K","-8.05%"
"11/09/2022","23.60","23.00","24.00","23.00","30.93K","3.74%"
"11/08/2022","22.75","23.00","23.60","22.65","17.37K","-1.30%"
"11/07/2022","23.05","23.95","24.00","22.75","30.90K","-2.74%"
"11/04/2022","23.70","23.95","24.10","23.00","35.42K","-1.86%"
"11/03/2022","24.15","24.70","25.25","23.85","25.43K","-2.62%"
"11/02/2022","24.80","24.60","25.00","24.20","23.77K","0.00%"
"11/01/2022","24.80","25.10","25.25","24.50","18.17K","-1.78%"
"10/31/2022","25.25","25.45","25.90","25.05","13.12K","-1.17%"
"10/28/2022","25.55","26.30","26.75","25.20","22.19K","-1.92%"
"10/27/2022","26.05","26.85","27.10","25.85","27.54K","-3.52%"
"10/26/2022","27.00","28.10","28.10","26.80","27.55K","-3.40%"
"10/25/2022","27.95","28.55","28.85","27.30","23.18K","-2.95%"
"10/24/2022","28.80","28.85","29.30","28.40","25.06K","-0.17%"
"10/21/2022","28.85","29.40","29.70","28.35","35.63K","1.05%"
"10/20/2022","28.55","29.50","29.70","28.45","26.75K","1.06%"
"10/19/2022","28.25","28.30","28.60","27.70","4.25K","-3.09%"
"10/18/2022","29.15","29.25","29.60","28.45","13.54K","-0.17%"
"10/17/2022","29.20","30.45","30.45","29.05","17.95K","-3.47%"
"10/14/2022","30.25","30.15","31.00","28.95","31.36K","0.67%"
"10/13/2022","30.05","31.05","32.15","29.75","25.74K","-3.53%"
"10/12/2022","31.15","31.80","31.90","30.90","23.85K","-1.11%"
"10/11/2022","31.50","31.70","32.45","31.15","27.02K","-0.32%"
"10/10/2022","31.60","31.35","32.35","30.70","28.04K","3.78%"
"10/07/2022","30.45","30.05","31.05","29.40","23.46K","3.92%"
"10/06/2022","29.30","29.05","30.35","28.85","21.63K","-2.33%"
"10/05/2022","30.00","29.55","30.30","29.15","20.73K","2.56%"
"10/04/2022","29.25","30.55","30.55","28.85","32.61K","-4.41%"
"10/03/2022","30.60","32.85","32.95","30.30","15.25K","-1.77%"
"09/30/2022","31.15","32.10","32.55","31.00","29.31K","-5.03%"
"09/29/2022","32.80","30.85","33.20","30.85","23.66K","5.30%"
"09/28/2022","31.15","31.30","32.75","30.45","35.08K","0.65%"
"09/27/2022","30.95","31.00","31.95","30.05","23.06K","0.32%"
"09/26/2022","30.85","31.00","32.20","30.35","46.55K","1.31%"
"09/23/2022","30.45","28.70","31.80","28.40","29.79K","5.91%"
"09/22/2022","28.75","28.65","29.10","27.85","24.68K","4.58%"
"09/21/2022","27.49","27.75","28.40","27.30","1.53K","2.57%"
"09/20/2022","26.80","26.25","27.55","25.50","16.73K","0.94%"
"09/19/2022","26.55","26.95","27.70","26.05","26.34K","-2.57%"
"09/16/2022","27.25","26.00","27.55","26.00","20.49K","5.62%"
"09/15/2022","25.80","26.40","26.55","25.25","20.14K","-1.71%"
"09/14/2022","26.25","26.45","27.10","26.10","23.12K","0.00%"
"09/13/2022","26.25","24.80","27.20","24.40","26.94K","6.06%"
"09/12/2022","24.75","25.40","25.45","24.50","23.71K","-2.56%"
"09/09/2022","25.40","25.60","25.85","25.15","16.52K","-3.05%"
"09/08/2022","26.20","27.00","27.40","26.00","25.41K","-3.50%"
"09/07/2022","27.15","28.00","28.50","26.35","22.32K","-0.91%"
"09/06/2022","27.40","27.45","28.20","26.90","27.15K","-1.26%"
"09/05/2022","27.75","28.05","28.35","27.35","15.71K","4.91%"
"09/02/2022","26.45","27.75","28.60","26.30","29.97K","-8.48%"
"09/01/2022","28.90","28.10","28.95","27.55","31.88K","4.33%"
"08/31/2022","27.70","27.85","28.45","27.15","27.72K","-1.60%"
"08/30/2022","28.15","28.15","28.55","27.25","23.48K","-0.35%"
"08/29/2022","28.25","28.35","28.80","27.55","24.43K","3.10%"
"08/26/2022","27.40","25.60","28.10","25.50","22.63K","5.79%"
"08/25/2022","25.90","26.25","26.30","25.45","12.39K","-1.89%"
"08/24/2022","26.40","27.45","27.70","26.35","15.97K","-4.00%"
"08/23/2022","27.50","27.70","28.35","27.00","15.35K","-0.72%"
"08/22/2022","27.70","26.75","28.00","26.75","22.30K","4.14%"
"08/19/2022","26.60","25.25","26.70","25.10","14.44K","5.35%"
"08/18/2022","25.25","25.55","25.85","25.05","9.03K","19.39%"
"08/17/2022","21.15","21.20","21.55","21.00","2.29K","-1.40%"
"08/16/2022","21.45","21.55","22.10","20.50","18.69K","-3.38%"
"08/15/2022","22.20","22.35","22.90","21.50","22.57K","-0.22%"
"08/12/2022","22.25","22.50","22.55","21.85","17.83K","-2.20%"
"08/11/2022","22.75","22.70","23.10","22.45","16.28K","0.00%"
"08/10/2022","22.75","24.45","24.60","22.60","20.29K","-5.99%"
"08/09/2022","24.20","23.55","24.45","23.45","17.23K","3.86%"
"08/08/2022","23.30","23.90","23.90","23.10","18.57K","-4.70%"
"08/05/2022","24.45","24.25","24.80","23.50","20.02K","1.03%"
"08/04/2022","24.20","24.55","24.55","23.20","25.29K","1.47%"
"08/03/2022","23.85","25.30","25.30","23.55","21.29K","-4.60%"
"08/02/2022","25.00","25.15","25.80","24.40","24.29K","2.04%"
"08/01/2022","24.50","24.65","24.95","24.00","18.40K","-1.01%"
"07/29/2022","24.75","24.60","24.85","24.20","21.37K","-2.37%"
"07/28/2022","25.35","26.35","26.65","24.85","21.90K","-4.34%"
"07/27/2022","26.50","27.45","27.45","26.40","16.21K","-4.16%"
"07/26/2022","27.65","26.60","27.90","26.45","19.66K","3.56%"
"07/25/2022","26.70","27.10","27.40","26.25","23.42K","-1.48%"
"07/22/2022","27.10","27.40","27.60","26.75","20.96K","-1.99%"
"07/21/2022","27.65","29.00","29.00","27.10","39.07K","2.75%"
"07/20/2022","26.91","26.70","27.25","26.50","0.44K","0.60%"
"07/19/2022","26.75","29.75","30.00","26.30","14.06K","-8.23%"
"07/18/2022","29.15","29.30","29.85","28.65","17.84K","-1.52%"
"07/15/2022","29.60","31.40","32.30","29.40","20.82K","-7.36%"
"07/14/2022","31.95","30.20","32.75","29.90","26.09K","5.79%"
"07/13/2022","30.20","29.90","31.55","29.45","30.71K","3.07%"
"07/12/2022","29.30","29.50","30.35","28.95","30.33K","1.03%"
"07/11/2022","29.00","28.55","29.50","28.35","20.98K","2.11%"
"07/08/2022","28.40","29.20","29.55","28.20","22.15K","-1.22%"
"07/07/2022","28.75","29.15","29.35","28.60","20.79K","-4.33%"
"07/06/2022","30.05","30.00","30.30","28.95","23.40K","-2.59%"
"07/05/2022","30.85","28.45","30.90","28.15","43.65K","8.63%"
"07/04/2022","28.40","28.20","29.75","28.00","11.50K","-2.41%"
"07/01/2022","29.10","29.15","30.10","28.10","29.69K","-0.51%"
"06/30/2022","29.25","27.80","29.95","27.55","40.70K","3.72%"
"06/29/2022","28.20","27.80","28.40","27.40","23.97K","4.64%"
"06/28/2022","26.95","26.95","27.80","26.45","19.14K","-0.37%"
"06/27/2022","27.05","27.70","28.00","27.00","25.96K","-1.46%"
"06/24/2022","27.45","28.15","28.15","27.30","20.56K","-3.51%"
"06/23/2022","28.45","28.65","29.05","27.80","23.32K","-0.18%"
"06/22/2022","28.50","28.95","29.70","27.95","18.40K","1.24%"
"06/21/2022","28.15","28.80","28.85","27.75","20.54K","-2.76%"
"06/20/2022","28.95","30.40","30.90","28.90","10.97K","-4.14%"
"06/17/2022","30.20","31.60","31.60","29.50","26.92K","-3.36%"
"06/16/2022","31.25","28.20","31.80","27.90","31.65K","2.26%"
"06/15/2022","30.56","31.40","31.40","30.20","0.71K","-3.29%"
"06/14/2022","31.60","30.15","33.25","29.00","20.16K","0.80%"
"06/13/2022","31.35","27.65","33.00","27.60","40.74K","13.79%"
"06/10/2022","27.55","24.95","27.70","24.15","43.67K","14.79%"
"06/09/2022","24.00","22.85","24.90","22.80","35.10K","3.67%"
"06/08/2022","23.15","23.20","23.70","22.85","29.51K","-2.73%"
"06/07/2022","23.80","23.80","24.70","23.00","33.09K","1.49%"
"06/06/2022","23.45","23.85","23.90","22.95","19.25K","-4.67%"
"06/03/2022","24.60","23.90","24.65","23.90","20.97K","2.07%"
"06/02/2022","24.10","25.05","25.05","23.75","20.75K","-6.59%"
"06/01/2022","25.80","25.25","26.10","24.60","28.85K","-0.19%"
"05/31/2022","25.85","25.10","26.25","24.70","21.01K","3.61%"
"05/30/2022","24.95","25.40","25.40","24.75","12.25K","-2.92%"
"05/27/2022","25.70","27.35","27.35","25.40","19.88K","-4.46%"
"05/26/2022","26.90","27.15","27.65","26.75","13.69K","-4.44%"
"05/25/2022","28.15","28.30","29.00","27.25","15.76K","-3.92%"
"05/24/2022","29.30","29.10","29.45","28.20","17.74K","3.72%"
"05/23/2022","28.25","28.85","29.10","27.95","13.89K","-3.25%"
"05/20/2022","29.20","28.55","30.90","27.95","22.02K","-3.63%"
"05/19/2022","30.30","31.30","31.95","28.65","31.20K","15.60%"
"05/18/2022","26.21","25.90","26.25","25.75","0.43K","1.20%"
"05/17/2022","25.90","27.45","27.45","25.00","22.34K","-7.83%"
"05/16/2022","28.10","29.95","30.05","27.45","28.31K","-4.91%"
"05/13/2022","29.55","31.20","31.85","29.00","23.67K","-8.51%"
"05/12/2022","32.30","32.55","33.65","31.80","42.75K","3.86%"
"05/11/2022","31.10","32.60","34.30","30.85","31.80K","-8.80%"
"05/10/2022","34.10","35.35","37.35","32.65","27.74K","-1.73%"
"05/09/2022","34.70","33.50","35.30","32.40","27.47K","7.43%"
"05/06/2022","32.30","32.85","34.40","31.70","29.68K","2.70%"
"05/05/2022","31.45","27.90","32.65","27.90","33.42K","3.80%"
"05/04/2022","30.30","30.10","30.60","27.55","19.08K","-2.26%"
"05/03/2022","31.00","32.15","32.55","30.20","21.80K","-7.05%"
"05/02/2022","33.35","32.45","33.95","31.65","23.76K","7.75%"
"04/29/2022","30.95","30.60","32.60","29.60","18.66K","0.32%"
"04/28/2022","30.85","31.05","31.65","29.55","25.39K","-1.44%"
"04/27/2022","31.30","31.50","32.05","30.35","21.98K","0.32%"
"04/26/2022","31.20","28.50","32.10","28.10","21.89K","3.31%"
"04/25/2022","30.20","29.65","31.05","28.25","34.36K","5.41%"
"04/22/2022","28.65","28.25","30.25","27.30","30.81K","9.56%"
"04/21/2022","26.15","26.45","28.15","25.85","20.63K","2.67%"
"04/20/2022","25.47","26.75","26.75","25.45","1.06K","-7.72%"
"04/19/2022","27.60","28.65","29.35","26.40","36.49K","-2.99%"
"04/14/2022","28.45","29.45","29.75","28.20","30.97K","-5.64%"
"04/13/2022","30.15","31.10","31.65","29.35","24.34K","-1.47%"
"04/12/2022","30.60","31.90","33.00","30.40","23.88K","-1.92%"
"04/11/2022","31.20","31.70","31.95","30.25","24.93K","0.48%"
"04/08/2022","31.05","31.10","31.95","30.20","22.67K","-4.61%"
"04/07/2022","32.55","30.55","32.65","30.15","15.46K","0.77%"
"04/06/2022","32.30","29.30","33.65","29.30","31.97K","9.31%"
"04/05/2022","29.55","27.15","30.05","26.95","21.17K","8.04%"
"04/04/2022","27.35","28.05","28.70","27.05","21.87K","-3.87%"
"04/01/2022","28.45","29.35","29.55","27.65","14.98K","0.18%"
"03/31/2022","28.40","26.85","29.50","26.75","19.12K","2.16%"
"03/30/2022","27.80","26.30","27.90","26.10","12.94K","5.30%"
"03/29/2022","26.40","28.60","28.95","26.00","31.17K","-12.00%"
"03/28/2022","30.00","30.65","30.65","28.70","14.61K","-1.48%"
"03/25/2022","30.45","29.55","30.75","29.50","16.41K","2.01%"
"03/24/2022","29.85","29.35","30.95","29.05","24.33K","-0.83%"
"03/23/2022","30.10","28.40","30.95","28.20","20.52K","5.24%"
"03/22/2022","28.60","29.05","29.05","27.95","15.30K","-0.17%"
"03/21/2022","28.65","29.95","29.95","28.60","18.58K","-4.34%"
"03/18/2022","29.95","31.15","31.95","28.80","22.16K","-2.60%"
"03/17/2022","30.75","31.20","31.95","30.35","21.99K","-3.15%"
"03/16/2022","31.75","34.10","34.10","31.00","23.30K","-25.43%"
"03/15/2022","42.58","44.55","45.00","42.35","2.39K","6.58%"
"03/14/2022","39.95","37.50","43.00","37.50","19.05K","2.30%"
"03/11/2022","39.05","39.90","40.25","35.75","26.22K","-3.70%"
"03/10/2022","40.55","38.05","42.00","37.95","31.81K","9.01%"
"03/09/2022","37.20","42.30","42.30","36.35","24.67K","-10.04%"
"03/08/2022","41.35","44.50","45.70","37.80","30.97K","-1.90%"
"03/07/2022","42.15","42.45","49.70","41.20","52.06K","0.84%"
"03/04/2022","41.80","35.00","42.25","35.00","83.55K","20.46%"
"03/03/2022","34.70","33.00","35.35","32.60","55.19K","3.27%"
"03/02/2022","33.60","34.65","36.35","32.40","52.75K","-2.04%"
"03/01/2022","34.30","30.90","35.80","30.05","62.05K","13.95%"
"02/28/2022","30.10","32.10","32.90","30.00","49.74K","4.15%"
"02/25/2022","28.90","29.60","31.55","28.05","45.38K","-11.62%"
"02/24/2022","32.70","30.80","34.80","28.80","68.16K","10.85%"
"02/23/2022","29.50","28.35","30.55","27.05","49.65K","2.43%"
"02/22/2022","28.80","30.25","31.25","27.85","45.56K","-3.03%"
"02/21/2022","29.70","29.00","32.00","26.80","33.45K","5.13%"
"02/18/2022","28.25","28.15","29.05","26.60","50.71K","5.61%"
"02/17/2022","26.75","25.20","28.40","25.05","40.72K","4.21%"
"02/16/2022","25.67","26.30","26.35","24.75","2.77K","-4.57%"
"02/15/2022","26.90","29.80","29.80","26.25","43.64K","-8.66%"
"02/14/2022","29.45","27.45","32.20","27.20","45.05K","16.87%"
"02/11/2022","25.20","24.60","29.55","23.80","47.54K","12.50%"
"02/10/2022","22.40","22.00","24.55","21.40","44.22K","2.05%"
"02/09/2022","21.95","23.10","23.10","21.50","27.15K","-6.60%"
"02/08/2022","23.50","24.10","24.65","22.95","29.03K","-2.49%"
"02/07/2022","24.10","25.30","25.65","23.60","30.83K","-7.31%"
"02/04/2022","26.00","25.00","26.55","24.00","55.25K","7.66%"
"02/03/2022","24.15","23.70","26.00","22.60","59.09K","5.46%"
"02/02/2022","22.90","22.60","23.30","22.15","41.46K","-3.38%"
"02/01/2022","23.70","24.50","24.80","22.55","58.23K","-7.60%"
"01/31/2022","25.65","26.40","27.15","24.35","54.38K","-6.04%"
"01/28/2022","27.30","26.80","28.90","25.80","84.92K","3.80%"
"01/27/2022","26.30","26.80","29.25","25.35","58.29K","3.34%"
"01/26/2022","25.45","26.10","27.85","24.65","59.62K","-7.12%"
"01/25/2022","27.40","27.50","29.10","25.70","84.91K","-2.32%"
"01/24/2022","28.05","25.05","30.35","24.45","131.09K","17.86%"
"01/21/2022","23.80","23.95","25.85","23.55","66.60K","10.19%"
"01/20/2022","21.60","23.10","23.95","21.55","43.71K","0.98%"
"01/19/2022","21.39","22.60","22.85","21.35","0.47K","-1.43%"
"01/18/2022","21.70","20.40","22.80","20.40","24.70K","7.69%"
"01/17/2022","20.15","21.40","21.40","19.90","17.19K","-6.06%"
"01/14/2022","21.45","20.00","21.90","19.80","41.04K","14.10%"
"01/13/2022","18.80","19.25","20.30","18.40","34.18K","0.27%"
"01/12/2022","18.75","19.20","19.60","18.40","28.70K","-5.78%"
"01/11/2022","19.90","20.65","21.15","19.30","31.43K","-10.16%"
"01/10/2022","22.15","20.75","22.85","20.10","33.30K","5.23%"
"01/07/2022","21.05","20.80","21.75","20.40","23.74K","0.72%"
"01/06/2022","20.90","20.80","21.95","20.55","37.89K","8.57%"
"01/05/2022","19.25","19.75","21.00","19.20","17.64K","-4.23%"
"01/04/2022","20.10","19.75","20.25","19.20","28.62K","0.00%"
"01/03/2022","20.10","20.30","20.45","19.70","20.63K","-2.19%"
"12/30/2021","20.55","21.05","21.10","20.30","17.79K","-3.97%"
"12/29/2021","21.40","21.45","21.80","20.95","17.82K","-0.93%"
"12/28/2021","21.60","22.15","22.20","21.35","17.18K","-1.82%"
"12/27/2021","22.00","22.35","22.80","21.75","17.22K","-0.68%"
"12/23/2021","22.15","23.00","23.00","22.05","16.51K","0.14%"
"12/22/2021","22.12","22.10","22.70","21.90","0.73K","-3.19%"
"12/21/2021","22.85","24.20","24.45","21.30","13.38K","-14.42%"
"12/20/2021","26.70","23.85","28.35","23.65","31.75K","18.40%"
"12/17/2021","22.55","21.60","23.50","21.45","46.64K","7.38%"
"12/16/2021","21.00","21.10","22.55","20.25","36.63K","-12.13%"
"12/15/2021","23.90","23.20","24.10","21.00","25.82K","1.49%"
"12/14/2021","23.55","22.10","24.30","21.60","30.36K","3.74%"
"12/13/2021","22.70","21.75","22.85","21.10","28.40K","1.34%"
"12/10/2021","22.40","23.45","23.55","21.45","30.33K","-1.75%"
"12/09/2021","22.80","22.65","24.05","22.30","24.30K","-3.80%"
"12/08/2021","23.70","24.50","24.80","22.55","38.37K","-1.86%"
"12/07/2021","24.15","26.80","26.80","23.45","34.95K","-14.81%"
"12/06/2021","28.35","29.15","30.00","26.60","37.04K","-0.35%"
"12/03/2021","28.45","27.50","32.25","26.30","50.45K","3.45%"
"12/02/2021","27.50","28.10","28.10","25.85","60.13K","12.94%"
"12/01/2021","24.35","26.90","29.00","24.25","38.19K","-7.41%"
"11/30/2021","26.30","24.15","27.35","23.75","54.14K","6.69%"
"11/29/2021","24.65","25.00","25.60","23.20","65.85K","-4.27%"
"11/26/2021","25.75","20.80","28.45","20.80","118.98K","25.61%"
"11/25/2021","20.50","20.70","20.70","20.35","11.94K","-1.20%"
"11/24/2021","20.75","21.10","21.65","20.30","36.93K","-0.24%"
"11/23/2021","20.80","20.65","21.30","20.20","27.36K","4.26%"
"11/22/2021","19.95","20.15","20.85","19.85","16.65K","-0.99%"
"11/19/2021","20.15","19.90","20.70","19.45","43.37K","2.54%"
"11/18/2021","19.65","19.45","20.10","19.30","21.13K","21.67%"
"11/17/2021","16.15","16.75","16.80","16.20","1.37K","-4.44%"
"11/16/2021","16.90","17.00","17.20","16.00","23.71K","-1.46%"
"11/15/2021","17.15","17.20","17.45","16.70","28.21K","0.29%"
"11/12/2021","17.10","18.05","18.05","17.05","22.56K","-5.26%"
"11/11/2021","18.05","18.45","18.45","17.75","20.61K","0.28%"
"11/10/2021","18.00","18.85","19.25","17.95","29.85K","-4.76%"
"11/09/2021","18.90","18.75","19.25","18.15","23.34K","2.44%"
"11/08/2021","18.45","18.55","18.85","17.85","23.79K","3.07%"
"11/05/2021","17.90","17.55","18.55","17.10","23.68K","1.99%"
"11/04/2021","17.55","17.50","17.80","17.15","23.72K","-3.04%"
"11/03/2021","18.10","18.60","18.60","17.10","23.42K","-2.16%"
"11/02/2021","18.50","19.10","19.10","18.40","14.34K","-3.14%"
"11/01/2021","19.10","19.15","19.50","18.80","15.04K","-0.52%"
"10/29/2021","19.20","19.50","20.15","19.20","29.75K","-1.03%"
"10/28/2021","19.40","19.70","19.75","19.15","16.25K","1.31%"
"10/27/2021","19.15","19.20","19.90","19.00","15.87K","0.26%"
"10/26/2021","19.10","19.20","19.75","18.75","23.98K","-1.04%"
"10/25/2021","19.30","20.00","20.00","19.25","11.27K","-2.53%"
"10/22/2021","19.80","19.65","20.15","19.40","22.24K","-1.00%"
"10/21/2021","20.00","19.95","20.35","19.50","21.90K","24.77%"
"10/20/2021","16.03","16.25","16.70","15.90","1.16K","-2.85%"
"10/19/2021","16.50","17.70","17.95","15.45","17.72K","-6.52%"
"10/18/2021","17.65","17.80","18.90","17.25","19.39K","0.00%"
"10/15/2021","17.65","17.75","18.25","17.45","28.11K","-4.08%"
"10/14/2021","18.40","20.00","20.05","18.00","31.32K","-10.02%"
"10/13/2021","20.45","21.05","21.35","20.05","36.88K","-2.85%"
"10/12/2021","21.05","21.35","22.00","20.60","29.71K","2.43%"
"10/11/2021","20.55","21.60","22.00","20.25","27.08K","-2.14%"
"10/08/2021","21.00","21.20","21.55","20.75","27.92K","-1.41%"
"10/07/2021","21.30","22.50","22.55","21.05","31.97K","-10.69%"
"10/06/2021","23.85","22.50","24.65","22.40","58.83K","6.95%"
"10/05/2021","22.30","23.70","24.30","22.10","28.45K","-7.47%"
"10/04/2021","24.10","22.75","24.60","22.70","38.87K","1.69%"
"10/01/2021","23.70","24.35","25.30","22.60","37.02K","2.16%"
"09/30/2021","23.20","23.00","24.40","22.60","40.86K","-0.85%"
"09/29/2021","23.40","23.25","24.05","22.70","35.62K","-1.47%"
"09/28/2021","23.75","21.00","24.10","20.85","40.51K","12.83%"
"09/27/2021","21.05","20.70","21.45","20.30","19.23K","-1.64%"
"09/24/2021","21.40","21.00","22.30","20.80","35.97K","0.00%"
"09/23/2021","21.40","22.30","22.30","21.10","30.74K","-5.10%"
"09/22/2021","22.55","24.70","24.80","22.10","36.50K","-8.15%"
"09/21/2021","24.55","24.55","25.00","23.45","37.39K","-1.41%"
"09/20/2021","24.90","22.50","26.80","22.05","81.19K","13.70%"
"09/17/2021","21.90","20.85","22.25","20.65","47.89K","2.34%"
"09/16/2021","21.40","20.90","21.50","20.65","21.95K","6.20%"
"09/15/2021","20.15","20.85","20.85","19.95","4.79K","-1.95%"
"09/14/2021","20.55","20.65","21.10","19.85","21.01K","-1.91%"
"09/13/2021","20.95","20.45","21.50","20.00","26.93K","1.95%"
"09/10/2021","20.55","19.90","21.70","19.15","43.31K","4.85%"
"09/09/2021","19.60","19.80","21.15","19.15","40.73K","-2.73%"
"09/08/2021","20.15","19.00","20.85","18.95","50.98K","4.40%"
"09/07/2021","19.30","18.45","19.45","18.35","25.85K","5.46%"
"09/06/2021","18.30","18.90","19.05","18.05","17.12K","-2.92%"
"09/03/2021","18.85","18.35","19.30","18.20","22.16K","2.72%"
"09/02/2021","18.35","19.00","19.00","18.15","15.17K","-2.13%"
"09/01/2021","18.75","19.25","19.25","18.45","22.94K","-3.60%"
"08/31/2021","19.45","19.35","19.75","18.80","27.83K","0.78%"
"08/30/2021","19.30","19.60","19.60","19.05","9.67K","-0.52%"
"08/27/2021","19.40","20.30","20.30","19.25","20.11K","-3.24%"
"08/26/2021","20.05","19.60","20.60","19.60","25.48K","2.56%"
"08/25/2021","19.55","19.70","19.85","19.40","15.45K","-0.76%"
"08/24/2021","19.70","19.85","20.05","19.35","16.65K","0.51%"
"08/23/2021","19.60","20.35","20.45","19.45","27.27K","-7.76%"
"08/20/2021","21.25","22.25","22.80","20.15","33.33K","-3.41%"
"08/19/2021","22.00","20.95","22.65","20.65","60.63K","16.46%"
"08/18/2021","18.89","18.90","19.30","18.40","1.07K","1.83%"
"08/17/2021","18.55","17.70","19.70","17.60","16.94K","2.77%"
"08/16/2021","18.05","17.10","18.65","17.00","32.42K","8.08%"
"08/13/2021","16.70","16.75","17.00","16.45","26.21K","-1.76%"
"08/12/2021","17.00","18.25","18.25","16.70","30.72K","-6.85%"
"08/11/2021","18.25","18.70","18.70","17.90","25.26K","-1.35%"
"08/10/2021","18.50","19.10","19.10","18.20","33.40K","-3.65%"
"08/09/2021","19.20","19.80","19.95","18.80","16.50K","-3.03%"
"08/06/2021","19.80","20.10","20.35","19.50","21.21K","-1.25%"
"08/05/2021","20.05","20.65","20.80","20.00","12.83K","-4.30%"
"08/04/2021","20.95","21.10","21.35","20.60","22.23K","-4.34%"
"08/03/2021","21.90","21.60","22.15","20.85","30.98K","4.53%"
"08/02/2021","20.95","21.00","22.10","20.55","23.71K","-2.10%"
"07/30/2021","21.40","20.35","21.75","20.35","34.59K","5.16%"
"07/29/2021","20.35","20.95","21.15","20.10","19.87K","-3.10%"
"07/28/2021","21.00","21.30","21.70","20.35","28.48K","-5.19%"
"07/27/2021","22.15","20.45","22.40","20.45","38.27K","7.00%"
"07/26/2021","20.70","20.55","21.65","20.45","22.95K","1.47%"
"07/23/2021","20.40","20.55","20.70","20.15","25.07K","-1.69%"
"07/22/2021","20.75","20.60","21.10","20.15","34.36K","-7.70%"
"07/21/2021","22.48","24.00","24.00","21.70","1.87K","-7.87%"
"07/20/2021","24.40","24.65","26.05","22.30","23.99K","0.41%"
"07/19/2021","24.30","19.55","27.35","19.55","63.45K","24.62%"
"07/16/2021","19.50","18.70","20.10","18.00","49.31K","4.00%"
"07/15/2021","18.75","17.75","19.20","17.60","44.32K","4.75%"
"07/14/2021","17.90","18.10","18.55","17.35","34.13K","1.13%"
"07/13/2021","17.70","17.60","18.20","17.35","28.47K","0.00%"
"07/12/2021","17.70","18.05","19.00","17.55","33.45K","-3.01%"
"07/09/2021","18.25","19.70","20.15","17.90","37.66K","-7.12%"
"07/08/2021","19.65","18.20","20.60","18.20","89.76K","8.86%"
"07/07/2021","18.05","18.10","18.45","17.55","25.41K","-1.37%"
"07/06/2021","18.30","17.45","18.60","17.20","40.10K","5.17%"
"07/05/2021","17.40","17.70","17.95","17.30","18.38K","0.87%"
"07/02/2021","17.25","17.90","17.95","17.15","33.18K","-3.90%"
"07/01/2021","17.95","18.05","18.35","17.55","31.16K","0.00%"
"06/30/2021","17.95","17.85","18.60","17.80","31.33K","1.41%"
"06/29/2021","17.70","17.90","18.00","17.50","12.56K","-0.84%"
"06/28/2021","17.85","17.85","18.10","17.35","19.20K","0.00%"
"06/25/2021","17.85","18.00","18.35","17.80","18.89K","-0.56%"
"06/24/2021","17.95","18.30","18.35","17.75","16.88K","-1.64%"
"06/23/2021","18.25","18.50","18.75","18.20","32.06K","-2.41%"
"06/22/2021","18.70","19.55","19.85","18.55","19.39K","-4.35%"
"06/21/2021","19.55","20.85","21.80","19.15","36.19K","-2.49%"
"06/18/2021","20.05","18.90","21.05","18.40","48.10K","8.67%"
"06/17/2021","18.45","19.35","19.70","18.15","17.90K","13.54%"
"06/16/2021","16.25","16.65","17.15","16.20","1.81K","-2.11%"
"06/15/2021","16.60","15.85","17.00","15.75","19.34K","1.53%"
"06/14/2021","16.35","15.90","16.35","15.55","37.33K","3.48%"
"06/11/2021","15.80","16.80","16.85","15.75","43.67K","-7.60%"
"06/10/2021","17.10","17.90","18.50","16.65","31.93K","-2.84%"
"06/09/2021","17.60","17.90","18.15","17.50","19.46K","-3.03%"
"06/08/2021","18.15","17.95","18.35","17.50","20.80K","-0.82%"
"06/07/2021","18.30","18.10","18.65","17.85","16.51K","0.27%"
"06/04/2021","18.25","19.80","19.80","18.00","17.00K","-4.20%"
"06/03/2021","19.05","19.10","20.05","18.90","23.17K","1.60%"
"06/02/2021","18.75","19.25","19.55","18.60","18.48K","-1.32%"
"06/01/2021","19.00","19.00","19.45","18.35","24.09K","-1.81%"
"05/31/2021","19.35","18.90","19.45","18.75","8.70K","4.03%"
"05/28/2021","18.60","18.60","19.10","18.25","17.55K","-1.06%"
"05/27/2021","18.80","19.90","19.90","18.45","22.68K","-4.08%"
"05/26/2021","19.60","20.05","20.20","19.40","16.47K","-3.21%"
"05/25/2021","20.25","20.45","20.60","20.00","18.13K","-0.49%"
"05/24/2021","20.35","21.35","21.35","20.15","11.84K","-4.24%"
"05/21/2021","21.25","21.65","21.95","20.85","35.25K","-2.07%"
"05/20/2021","21.70","23.30","23.45","21.25","31.51K","-8.05%"
"05/19/2021","23.60","23.20","25.45","23.05","11.42K","9.51%"
"05/18/2021","21.55","21.05","22.55","19.90","28.17K","-0.92%"
"05/17/2021","21.75","20.10","22.25","19.65","33.45K","8.75%"
"05/14/2021","20.00","22.15","22.25","19.50","32.17K","-14.71%"
"05/13/2021","23.45","25.05","26.95","22.15","75.48K","-0.42%"
"05/12/2021","23.55","22.00","26.45","21.70","57.89K","8.53%"
"05/11/2021","21.70","19.80","22.55","19.75","64.22K","16.67%"
"05/10/2021","18.60","18.75","19.70","18.40","18.36K","-3.13%"
"05/07/2021","19.20","20.40","20.40","18.60","31.17K","-7.25%"
"05/06/2021","20.70","20.10","21.35","19.65","29.66K","2.99%"
"05/05/2021","20.10","20.80","21.00","19.85","28.86K","-7.80%"
"05/04/2021","21.80","19.85","22.05","19.20","51.59K","9.27%"
"05/03/2021","19.95","20.50","20.70","19.60","22.92K","-2.44%"
"04/30/2021","20.45","19.65","20.85","19.30","28.40K","4.34%"
"04/29/2021","19.60","18.90","19.95","18.50","21.20K","2.62%"
"04/28/2021","19.10","18.90","19.25","18.85","24.56K","-1.04%"
"04/27/2021","19.30","18.90","19.50","18.75","12.82K","1.58%"
"04/26/2021","19.00","19.05","19.25","18.80","21.06K","-0.78%"
"04/23/2021","19.15","19.50","19.90","18.75","27.93K","2.13%"
"04/22/2021","18.75","19.05","20.15","18.65","13.89K","-9.29%"
"04/21/2021","20.67","21.45","22.10","19.10","4.12K","-1.10%"
"04/20/2021","20.90","17.55","21.20","17.45","47.08K","20.81%"
"04/19/2021","17.30","16.65","18.45","16.55","35.95K","3.90%"
"04/16/2021","16.65","16.20","16.70","16.00","35.43K","1.22%"
"04/15/2021","16.45","16.65","16.65","16.15","31.87K","-0.30%"
"04/14/2021","16.50","16.55","16.85","16.25","27.47K","-0.30%"
"04/13/2021","16.55","17.05","17.30","16.35","28.35K","-4.89%"
"04/12/2021","17.40","16.95","17.60","16.90","18.54K","2.05%"
"04/09/2021","17.05","17.00","17.20","16.55","15.66K","0.89%"
"04/08/2021","16.90","17.05","17.15","16.80","21.37K","-2.31%"
"04/07/2021","17.30","17.55","17.75","17.05","16.42K","-0.86%"
"04/06/2021","17.45","17.35","17.70","17.20","26.20K","-2.51%"
"04/01/2021","17.90","18.10","18.30","17.65","24.50K","-2.45%"
"03/31/2021","18.35","18.70","18.85","17.90","28.90K","-4.43%"
"03/30/2021","19.20","19.40","19.50","18.35","16.33K","-1.54%"
"03/29/2021","19.50","19.20","19.70","18.70","26.32K","4.84%"
"03/26/2021","18.60","19.40","19.80","18.50","31.32K","-8.15%"
"03/25/2021","20.25","19.80","21.15","19.40","40.70K","5.19%"
"03/24/2021","19.25","19.85","20.15","19.10","19.76K","-1.03%"
"03/23/2021","19.45","19.15","20.30","19.15","16.99K","0.52%"
"03/22/2021","19.35","20.55","20.90","18.95","21.97K","-5.38%"
"03/19/2021","20.45","20.80","21.60","20.30","31.51K","1.49%"
"03/18/2021","20.15","20.05","21.30","19.90","23.08K","16.95%"
"03/17/2021","17.23","17.05","17.55","17.00","4.15K","-1.26%"
"03/16/2021","17.45","18.05","18.25","17.10","32.32K","-5.93%"
"03/15/2021","18.55","18.85","19.25","18.00","96.61K","-5.60%"
"03/12/2021","19.65","19.65","20.55","18.90","33.30K","0.26%"
"03/11/2021","19.60","20.25","20.25","19.45","22.38K","-2.24%"
"03/10/2021","20.05","20.65","20.85","19.90","29.65K","-2.91%"
"03/09/2021","20.65","21.70","21.85","20.25","40.27K","-2.36%"
"03/08/2021","21.15","22.05","23.10","21.05","50.91K","-13.50%"
"03/05/2021","24.45","24.25","24.55","21.75","60.42K","9.15%"
"03/04/2021","22.40","23.15","25.20","21.95","52.82K","2.75%"
"03/03/2021","21.80","21.90","23.05","20.95","34.26K","0.00%"
"03/02/2021","21.80","21.75","22.30","21.45","22.11K","0.46%"
"03/01/2021","21.70","23.50","23.60","21.50","38.62K","-11.79%"
"02/26/2021","24.60","24.75","25.65","23.45","79.05K","13.63%"
"02/25/2021","21.65","21.35","25.40","21.20","37.70K","-1.59%"
"02/24/2021","22.00","22.55","23.15","21.25","25.90K","-4.56%"
"02/23/2021","23.05","22.90","24.40","22.25","37.49K","2.22%"
"02/22/2021","22.55","22.05","23.35","22.05","26.14K","2.97%"
"02/19/2021","21.90","22.80","23.40","21.80","35.13K","-4.78%"
"02/18/2021","23.00","22.80","23.45","22.55","31.52K","15.00%"
"02/17/2021","20.00","20.20","21.20","19.70","5.30K","-4.31%"
"02/16/2021","20.90","20.65","21.20","20.15","27.84K","2.96%"
"02/15/2021","20.30","20.40","20.80","20.10","27.24K","-2.87%"
"02/12/2021","20.90","21.30","22.25","20.40","29.80K","-3.46%"
"02/11/2021","21.65","22.55","22.55","20.90","22.00K","-3.99%"
"02/10/2021","22.55","21.50","23.50","21.20","48.75K","4.40%"
"02/09/2021","21.60","21.55","21.85","21.10","22.92K","0.70%"
"02/08/2021","21.45","21.50","21.65","21.15","17.00K","-0.92%"
"02/05/2021","21.65","22.10","22.30","21.55","21.78K","-2.26%"
"02/04/2021","22.15","23.05","23.55","21.90","28.53K","-5.94%"
"02/03/2021","23.55","23.95","23.95","22.80","29.03K","-3.88%"
"02/02/2021","24.50","26.75","26.75","23.80","31.64K","-10.26%"
"02/01/2021","27.30","29.25","29.30","26.40","52.28K","-1.97%"
"01/29/2021","27.85","26.85","29.85","26.30","59.32K","6.10%"
"01/28/2021","26.25","29.95","31.00","25.65","74.77K","0.77%"
"01/27/2021","26.05","23.50","28.80","23.50","78.02K","12.28%"
"01/26/2021","23.20","24.25","24.75","23.05","25.51K","-5.50%"
"01/25/2021","24.55","22.60","25.15","22.05","48.98K","8.39%"
"01/22/2021","22.65","22.20","23.45","22.20","23.61K","3.19%"
"01/21/2021","21.95","22.05","22.50","21.85","19.03K","8.45%"
"01/20/2021","20.24","21.10","21.30","20.25","3.96K","-6.51%"
"01/19/2021","21.65","21.60","21.85","20.90","23.55K","-1.14%"
"01/18/2021","21.90","23.10","23.50","21.55","16.75K","-2.88%"
"01/15/2021","22.55","21.00","23.40","20.85","54.17K","10.54%"
"01/14/2021","20.40","20.70","21.10","20.25","18.93K","-1.92%"
"01/13/2021","20.80","21.35","21.65","20.65","17.35K","-4.15%"
"01/12/2021","21.70","21.60","22.30","21.10","16.64K","0.70%"
"01/11/2021","21.55","21.05","22.30","21.05","21.59K","3.11%"
"01/08/2021","20.90","20.90","21.30","20.45","13.94K","-0.95%"
"01/07/2021","21.10","21.30","21.90","21.00","23.85K","-0.47%"
"01/06/2021","21.20","23.85","24.00","21.15","25.25K","-12.03%"
"01/05/2021","24.10","23.95","25.00","22.80","27.31K","1.47%"
"01/04/2021","23.75","22.05","24.70","21.50","33.30K","5.32%"
"12/30/2020","22.55","22.50","22.85","22.05","11.38K","1.12%"
"12/29/2020","22.30","22.00","23.00","21.40","13.01K","2.53%"
"12/28/2020","21.75","22.05","22.20","21.70","15.77K","-5.23%"
"12/23/2020","22.95","24.00","24.25","22.35","13.27K","-3.57%"
"12/22/2020","23.80","24.55","25.05","23.70","18.14K","-4.80%"
"12/21/2020","25.00","22.05","25.90","21.90","62.79K","13.64%"
"12/18/2020","22.00","21.35","22.40","21.15","17.91K","2.80%"
"12/17/2020","21.40","21.45","21.70","21.00","15.20K","4.24%"
"12/16/2020","20.53","20.90","21.25","20.25","4.37K","-4.73%"
"12/15/2020","21.55","23.60","23.60","20.90","19.59K","-1.37%"
"12/14/2020","21.85","21.85","22.85","21.40","25.14K","-4.17%"
"12/11/2020","22.80","20.85","23.40","20.60","48.77K","11.76%"
"12/10/2020","20.40","20.05","21.35","19.65","35.10K","4.88%"
"12/09/2020","19.45","19.80","20.35","18.95","25.35K","-3.23%"
"12/08/2020","20.10","20.85","21.20","19.70","13.78K","-3.13%"
"12/07/2020","20.75","20.45","21.30","20.35","15.16K","2.47%"
"12/04/2020","20.25","20.85","20.95","20.15","16.47K","-2.17%"
"12/03/2020","20.70","20.75","21.10","20.35","14.15K","0.98%"
"12/02/2020","20.50","20.55","20.95","20.30","14.22K","0.99%"
"12/01/2020","20.30","20.00","20.70","20.00","18.09K","-4.25%"
"11/30/2020","21.20","20.65","21.40","20.35","21.51K","6.27%"
"11/27/2020","19.95","20.30","20.30","19.70","14.65K","-0.99%"
"11/26/2020","20.15","20.30","20.60","20.05","10.05K","-2.66%"
"11/25/2020","20.70","20.90","21.25","20.30","12.55K","-1.66%"
"11/24/2020","21.05","20.90","21.10","20.70","13.79K","-2.32%"
"11/23/2020","21.55","20.95","21.70","20.85","14.82K","0.94%"
"11/20/2020","21.35","21.80","21.95","21.20","9.77K","-1.39%"
"11/19/2020","21.65","21.70","22.20","21.35","15.54K","0.93%"
"11/18/2020","21.45","22.05","22.35","21.15","4.02K","-2.72%"
"11/17/2020","22.05","22.15","23.00","21.70","21.32K","-1.12%"
"11/16/2020","22.30","22.50","23.45","22.00","26.50K","-4.09%"
"11/13/2020","23.25","24.25","24.95","22.75","16.04K","-0.21%"
"11/12/2020","23.30","23.75","25.50","23.00","22.27K","2.19%"
"11/11/2020","22.80","23.70","24.10","22.75","26.09K","-5.39%"
"11/10/2020","24.10","24.30","24.65","22.95","41.30K","5.47%"
"11/09/2020","22.85","24.45","24.75","22.50","55.69K","-10.22%"
"11/06/2020","25.45","26.20","27.30","24.60","30.83K","-0.97%"
"11/05/2020","25.70","25.30","26.20","24.95","24.36K","-1.53%"
"11/04/2020","26.10","28.55","30.20","25.65","41.65K","-8.90%"
"11/03/2020","28.65","29.80","29.95","27.70","18.39K","-6.37%"
"11/02/2020","30.60","31.70","32.25","29.80","29.86K","-1.92%"
"10/30/2020","31.20","34.00","34.15","31.05","32.07K","-3.11%"
"10/29/2020","32.20","31.75","33.90","30.70","36.05K","0.00%"
"10/28/2020","32.20","29.40","33.55","29.40","65.70K","11.81%"
"10/27/2020","28.80","28.20","29.30","27.95","26.24K","3.04%"
"10/26/2020","27.95","26.55","29.10","26.55","36.12K","6.48%"
"10/23/2020","26.25","25.75","26.45","25.40","17.80K","0.96%"
"10/22/2020","26.00","26.35","27.10","25.40","22.58K","-9.63%"
"10/21/2020","28.77","27.30","29.45","27.10","2.67K","3.86%"
"10/20/2020","27.70","27.25","28.00","26.65","23.65K","3.94%"
"10/19/2020","26.65","26.05","27.80","25.30","21.52K","3.29%"
"10/16/2020","25.80","25.80","26.55","25.15","20.76K","-4.27%"
"10/15/2020","26.95","24.20","27.45","24.20","45.50K","13.95%"
"10/14/2020","23.65","23.30","24.45","22.95","15.25K","1.28%"
"10/13/2020","23.35","22.85","24.00","22.60","17.55K","1.97%"
"10/12/2020","22.90","23.40","23.50","22.60","14.63K","-3.38%"
"10/09/2020","23.70","24.55","24.70","23.45","20.65K","-6.32%"
"10/08/2020","25.30","25.65","25.75","24.70","10.35K","-2.88%"
"10/07/2020","26.05","26.65","26.65","25.70","9.10K","-0.76%"
"10/06/2020","26.25","27.15","27.35","25.80","10.39K","-4.55%"
"10/05/2020","27.50","27.75","27.95","26.85","11.50K","-2.14%"
"10/02/2020","28.10","29.60","30.75","27.60","21.10K","2.93%"
"10/01/2020","27.30","26.60","27.90","26.35","12.41K","2.82%"
"09/30/2020","26.55","27.90","28.15","26.45","19.03K","-3.45%"
"09/29/2020","27.50","27.90","28.40","27.05","9.89K","-1.08%"
"09/28/2020","27.80","27.00","27.95","27.00","10.53K","-1.94%"
"09/25/2020","28.35","28.30","29.35","27.40","14.69K","-1.39%"
"09/24/2020","28.75","28.95","29.30","28.10","16.31K","3.42%"
"09/23/2020","27.80","27.50","29.25","27.20","12.07K","-0.89%"
"09/22/2020","28.05","28.50","28.65","27.50","17.85K","-2.77%"
"09/21/2020","28.85","26.40","29.00","26.35","55.43K","12.48%"
"09/18/2020","25.65","25.55","26.75","25.50","15.52K","-0.77%"
"09/17/2020","25.85","26.80","27.35","25.50","20.26K","22.11%"
"09/16/2020","21.17","21.80","22.00","20.90","2.78K","-3.77%"
"09/15/2020","22.00","22.60","22.60","21.70","28.89K","-0.90%"
"09/14/2020","22.20","22.40","23.40","22.00","40.47K","-7.11%"
"09/11/2020","23.90","24.75","25.00","23.20","20.36K","-3.63%"
"09/10/2020","24.80","25.05","25.85","24.05","26.40K","-1.78%"
"09/09/2020","25.25","26.45","27.35","24.90","18.36K","-7.68%"
"09/08/2020","27.35","25.70","29.65","25.50","29.11K","3.01%"
"09/07/2020","26.55","26.50","27.55","25.80","17.99K","-13.09%"
"09/04/2020","30.55","30.95","31.75","25.70","57.15K","7.38%"
"09/03/2020","28.45","26.80","31.85","25.35","49.98K","7.56%"
"09/02/2020","26.45","26.25","26.65","25.20","29.39K","0.00%"
"09/01/2020","26.45","25.65","26.95","25.10","24.12K","2.72%"
"08/31/2020","25.75","24.80","26.15","24.40","21.79K","-0.96%"
"08/28/2020","26.00","24.85","26.50","24.40","28.07K","5.48%"
"08/27/2020","24.65","23.95","26.75","23.60","35.05K","5.79%"
"08/26/2020","23.30","24.40","24.65","23.20","17.43K","-5.67%"
"08/25/2020","24.70","24.25","24.85","23.70","26.49K","2.07%"
"08/24/2020","24.20","24.50","24.50","24.00","17.06K","-3.97%"
"08/21/2020","25.20","24.55","26.05","24.55","31.45K","-1.18%"
"08/20/2020","25.50","24.85","25.80","24.55","19.17K","12.48%"
"08/19/2020","22.67","22.50","23.40","22.50","1.87K","-1.43%"
"08/18/2020","23.00","22.45","23.55","21.95","24.75K","1.55%"
"08/17/2020","22.65","24.00","24.50","22.60","21.72K","-5.23%"
"08/14/2020","23.90","22.75","25.35","22.75","21.18K","4.82%"
"08/13/2020","22.80","22.90","23.15","22.40","12.89K","0.66%"
"08/12/2020","22.65","24.65","24.85","22.25","16.02K","-2.58%"
"08/11/2020","23.25","23.40","25.20","22.40","19.76K","-3.33%"
"08/10/2020","24.05","23.90","24.85","23.70","9.90K","-1.84%"
"08/07/2020","24.50","24.55","25.20","24.10","11.19K","-1.21%"
"08/06/2020","24.80","23.60","25.05","23.30","21.95K","3.12%"
"08/05/2020","24.05","24.60","24.60","23.60","11.41K","-3.41%"
"08/04/2020","24.90","25.60","25.90","24.50","11.24K","-2.16%"
"08/03/2020","25.45","26.50","26.50","25.00","15.72K","-3.05%"
"07/31/2020","26.25","27.15","27.30","25.40","28.50K","-4.72%"
"07/30/2020","27.55","25.55","28.75","25.55","43.97K","7.41%"
"07/29/2020","25.65","25.90","26.10","25.45","7.71K","0.79%"
"07/28/2020","25.45","25.70","26.75","25.20","13.71K","-3.42%"
"07/27/2020","26.35","26.80","26.95","25.55","12.04K","-2.04%"
"07/24/2020","26.90","26.75","27.70","26.50","24.63K","6.96%"
"07/23/2020","25.15","25.20","26.60","24.60","15.48K","3.16%"
"07/22/2020","24.38","23.50","24.80","23.40","2.59K","4.41%"
"07/21/2020","23.35","23.65","24.00","21.70","31.67K","-3.51%"
"07/20/2020","24.20","25.65","26.20","23.60","23.24K","-6.56%"
"07/17/2020","25.90","25.60","26.60","25.40","14.09K","-2.63%"
"07/16/2020","26.60","26.85","27.80","25.80","16.87K","-2.21%"
"07/15/2020","27.20","27.05","27.80","26.40","16.11K","-5.23%"
"07/14/2020","28.70","29.50","30.10","27.45","22.11K","6.49%"
"07/13/2020","26.95","27.65","30.40","26.75","14.47K","-5.44%"
"07/10/2020","28.50","30.00","30.45","27.60","11.20K","-4.84%"
"07/09/2020","29.95","28.25","30.35","27.95","14.01K","1.18%"
"07/08/2020","29.60","29.75","29.85","28.35","12.65K","5.34%"
"07/07/2020","28.10","28.95","29.80","28.00","9.77K","1.63%"
"07/06/2020","27.65","27.65","28.70","27.05","10.76K","-4.33%"
"07/03/2020","28.90","28.05","30.05","27.75","16.33K","4.14%"
"07/02/2020","27.75","28.70","29.00","27.00","16.10K","-6.88%"
"07/01/2020","29.80","30.80","31.45","28.60","15.95K","-2.93%"
"06/30/2020","30.70","31.80","32.25","29.75","14.33K","-4.66%"
"06/29/2020","32.20","33.35","33.90","31.85","10.11K","-3.16%"
"06/26/2020","33.25","31.80","33.75","30.90","10.41K","1.53%"
"06/25/2020","32.75","33.80","35.25","31.30","16.81K","-2.67%"
"06/24/2020","33.65","31.00","34.70","30.80","23.04K","11.24%"
"06/23/2020","30.25","31.30","31.45","29.95","14.49K","-5.76%"
"06/22/2020","32.10","32.95","33.20","31.25","12.31K","2.72%"
"06/19/2020","31.25","32.40","33.70","30.70","15.27K","-4.14%"
"06/18/2020","32.60","33.35","33.65","32.00","12.95K","-8.79%"
"06/17/2020","35.74","34.05","35.75","33.60","0.87K","0.68%"
"06/16/2020","35.50","33.20","37.50","32.30","14.54K","-4.95%"
"06/15/2020","37.35","39.60","43.25","35.15","25.49K","-8.00%"
"06/12/2020","40.60","38.20","42.00","36.00","37.40K","18.20%"
"06/11/2020","34.35","31.50","41.85","31.25","40.13K","18.24%"
"06/10/2020","29.05","28.35","29.95","27.65","15.41K","1.22%"
"06/09/2020","28.70","27.65","29.20","27.30","17.72K","6.69%"
"06/08/2020","26.90","26.35","27.65","26.05","13.97K","3.26%"
"06/05/2020","26.05","26.20","26.95","25.85","22.68K","-3.16%"
"06/04/2020","26.90","27.50","27.95","26.35","31.75K","-2.18%"
"06/03/2020","27.50","27.55","28.20","27.05","27.38K","-4.01%"
"06/02/2020","28.65","28.90","28.90","27.60","18.72K","-1.04%"
"06/01/2020","28.95","29.00","29.85","28.35","18.03K","-3.34%"
"05/29/2020","29.95","29.15","30.50","29.10","13.85K","3.63%"
"05/28/2020","28.90","28.70","30.00","28.25","10.53K","-1.87%"
"05/27/2020","29.45","28.10","30.10","27.55","16.48K","4.43%"
"05/26/2020","28.20","27.85","29.15","27.75","10.23K","-1.40%"
"05/25/2020","28.60","29.35","29.95","28.25","5.51K","-4.83%"
"05/22/2020","30.05","30.55","31.40","29.50","9.10K","0.00%"
"05/21/2020","30.05","29.35","30.10","28.55","11.97K","-0.63%"
"05/20/2020","30.24","30.90","31.50","29.85","2.13K","0.80%"
"05/19/2020","30.00","28.90","31.45","28.00","10.45K","2.39%"
"05/18/2020","29.30","32.20","32.20","28.65","14.00K","-14.58%"
"05/15/2020","34.30","33.00","35.15","32.15","13.55K","-3.79%"
"05/14/2020","35.65","34.40","37.95","32.80","20.90K","8.36%"
"05/13/2020","32.90","31.15","35.35","29.85","21.91K","20.29%"
"05/12/2020","27.35","29.05","31.00","27.15","11.42K","-7.13%"
"05/11/2020","29.45","29.55","31.55","28.10","14.56K","-3.12%"
"05/08/2020","30.40","32.05","32.35","29.45","9.74K","-7.46%"
"05/07/2020","32.85","33.90","34.30","32.55","13.38K","-5.60%"
"05/06/2020","34.80","34.80","35.05","33.75","11.84K","1.46%"
"05/05/2020","34.30","34.60","36.40","34.20","15.47K","-7.05%"
"05/04/2020","36.90","37.00","37.90","35.55","12.01K","9.99%"
"04/30/2020","33.55","31.40","34.15","31.20","9.49K","7.53%"
"04/29/2020","31.20","32.45","32.80","30.95","14.41K","-5.31%"
"04/28/2020","32.95","33.90","34.15","32.10","20.86K","-2.37%"
"04/27/2020","33.75","36.55","36.70","33.50","8.70K","-12.90%"
"04/24/2020","38.75","40.05","40.45","37.15","15.74K","1.04%"
"04/23/2020","38.35","39.75","40.30","37.70","9.17K","-3.88%"
"04/22/2020","39.90","40.80","41.40","39.30","7.81K","-5.90%"
"04/21/2020","42.40","38.55","43.25","38.25","11.97K","15.37%"
"04/20/2020","36.75","35.75","38.25","35.50","11.30K","0.96%"
"04/17/2020","36.40","34.75","36.45","34.30","8.33K","0.00%"
"04/16/2020","36.40","36.20","37.10","35.65","5.66K","-12.46%"
"04/15/2020","41.58","40.05","43.10","39.75","3.28K","3.05%"
"04/14/2020","40.35","41.55","42.05","38.95","21.69K","-8.09%"
"04/09/2020","43.90","43.65","44.75","42.30","28.21K","1.04%"
"04/08/2020","43.45","43.75","45.05","42.90","15.89K","2.12%"
"04/07/2020","42.55","40.55","43.80","39.00","17.74K","3.53%"
"04/06/2020","41.10","38.55","41.40","38.55","18.49K","-8.67%"
"04/03/2020","45.00","45.85","46.15","43.05","12.66K","-4.15%"
"04/02/2020","46.95","44.50","48.05","44.50","13.21K","1.62%"
"04/01/2020","46.20","46.70","48.40","44.70","17.07K","5.36%"
"03/31/2020","43.85","45.50","46.95","42.95","14.73K","-4.67%"
"03/30/2020","46.00","46.10","49.50","45.10","11.70K","-4.56%"
"03/27/2020","48.20","43.55","49.25","42.95","17.39K","18.43%"
"03/26/2020","40.70","45.80","48.45","39.40","17.79K","-10.15%"
"03/25/2020","45.30","37.70","45.70","36.65","34.36K","20.16%"
"03/24/2020","37.70","39.35","43.00","36.00","32.05K","-22.19%"
"03/23/2020","48.45","57.50","58.35","42.10","23.06K","-7.27%"
"03/20/2020","52.25","54.00","55.80","48.40","26.34K","-15.45%"
"03/19/2020","61.80","66.95","71.80","51.20","28.06K","-30.90%"
"03/18/2020","89.44","89.80","90.55","84.00","4.68K","16.69%"
"03/17/2020","76.65","79.00","87.40","73.10","21.50K","-4.60%"
"03/16/2020","80.35","68.55","87.20","68.55","44.20K","18.95%"
"03/13/2020","67.55","60.50","69.70","53.65","68.19K","13.24%"
"03/12/2020","59.65","52.05","66.65","51.05","65.59K","32.12%"
"03/11/2020","45.15","45.55","48.05","42.55","57.28K","3.79%"
"03/10/2020","43.50","38.30","44.85","36.05","81.87K","2.47%"
"03/09/2020","42.45","45.00","50.95","41.95","118.18K","20.94%"
"03/06/2020","35.10","29.90","36.80","29.75","131.57K","32.20%"
"03/05/2020","26.55","25.00","30.00","25.00","90.10K","7.49%"
"03/04/2020","24.70","25.20","25.60","23.80","80.50K","-2.76%"
"03/03/2020","25.40","24.15","27.20","22.45","97.41K","3.04%"
"03/02/2020","24.65","24.45","26.65","22.80","124.80K","-7.33%"
"02/28/2020","26.60","25.45","27.70","24.80","219.78K","16.41%"
"02/27/2020","22.85","20.65","23.80","20.05","110.80K","19.01%"
"02/26/2020","19.20","20.15","21.40","18.95","130.95K","-0.52%"
"02/25/2020","19.30","17.55","21.10","17.25","134.96K","8.43%"
"02/24/2020","17.80","16.60","18.65","16.60","99.94K","16.72%"
"02/21/2020","15.25","14.75","15.70","14.60","63.58K","7.02%"
"02/20/2020","14.25","13.75","14.75","13.60","38.49K","12.56%"
"02/19/2020","12.66","13.40","13.40","12.50","4.60K","-7.93%"
"02/18/2020","13.75","13.60","13.90","13.25","40.01K","4.96%"
"02/17/2020","13.10","13.25","13.30","13.05","40.23K","-1.50%"
"02/14/2020","13.30","13.30","13.55","13.10","20.67K","0.00%"
"02/13/2020","13.30","13.05","14.20","13.05","59.56K","2.31%"
"02/12/2020","13.00","13.15","13.30","12.75","19.99K","-1.89%"
"02/11/2020","13.25","13.50","13.65","13.15","33.34K","-3.64%"
"02/10/2020","13.75","13.90","14.10","13.65","26.95K","-0.36%"
"02/07/2020","13.80","13.40","14.40","13.40","41.02K","2.22%"
"02/06/2020","13.50","13.55","13.85","13.30","31.91K","-1.46%"
"02/05/2020","13.70","14.65","14.75","13.65","43.36K","-5.52%"
"02/04/2020","14.50","15.15","15.15","14.35","31.68K","-6.75%"
"02/03/2020","15.55","15.85","15.85","15.00","40.44K","-0.96%"
"01/31/2020","15.70","14.80","16.80","14.70","62.47K","1.95%"
"01/30/2020","15.40","15.00","15.75","14.70","45.69K","6.94%"
"01/29/2020","14.40","14.65","14.85","14.25","21.93K","-2.04%"
"01/28/2020","14.70","15.30","15.70","14.50","43.11K","-6.07%"
"01/27/2020","15.65","15.00","15.80","14.40","92.96K","13.82%"
"01/24/2020","13.75","13.55","14.45","13.15","37.07K","-2.48%"
"01/23/2020","14.10","13.80","14.10","13.50","47.53K","19.80%"
"01/22/2020","11.77","11.35","11.95","11.10","7.96K","-0.68%"
"01/21/2020","11.85","11.90","12.50","11.60","72.77K","3.04%"
"01/20/2020","11.50","11.30","11.70","11.30","40.32K","0.44%"
"01/17/2020","11.45","11.65","11.70","11.20","28.73K","-1.72%"
"01/16/2020","11.65","12.15","12.25","11.60","21.04K","-4.90%"
"01/15/2020","12.25","12.60","12.75","12.15","26.51K","-2.39%"
"01/14/2020","12.55","12.50","13.15","12.40","33.61K","-0.79%"
"01/13/2020","12.65","12.70","12.85","12.45","29.79K","-1.17%"
"01/10/2020","12.80","12.80","13.05","12.65","27.13K","-1.92%"
"01/09/2020","13.05","13.25","13.25","12.85","26.69K","-2.97%"
"01/08/2020","13.45","14.40","14.45","13.10","38.36K","-2.18%"
"01/07/2020","13.75","13.95","14.25","13.70","26.45K","-4.51%"
"01/06/2020","14.40","14.60","15.15","14.10","35.84K","1.41%"
"01/03/2020","14.20","14.00","14.65","13.85","42.01K","5.58%"
"01/02/2020","13.45","13.85","13.95","13.25","22.05K","-6.27%"
"12/30/2019","14.35","13.70","14.60","13.60","27.45K","5.13%"
"12/27/2019","13.65","13.25","13.75","13.15","11.05K","1.11%"
"12/23/2019","13.50","13.35","13.55","13.30","17.28K","1.89%"
"12/20/2019","13.25","13.40","13.65","13.20","20.76K","-1.85%"
"12/19/2019","13.50","13.75","13.90","13.40","16.16K","16.98%"
"12/18/2019","11.54","12.00","12.15","11.45","4.41K","-4.63%"
"12/17/2019","12.10","11.65","12.15","11.45","55.36K","4.76%"
"12/16/2019","11.55","12.05","12.10","11.50","60.23K","-10.81%"
"12/13/2019","12.95","12.55","13.25","12.20","53.56K","-2.26%"
"12/12/2019","13.25","13.85","14.05","12.80","48.52K","-5.36%"
"12/11/2019","14.00","14.10","14.40","13.95","29.80K","-1.41%"
"12/10/2019","14.20","14.25","15.10","14.05","49.93K","2.53%"
"12/09/2019","13.85","13.55","14.50","13.40","22.21K","2.59%"
"12/06/2019","13.50","13.85","14.05","13.25","24.84K","-4.59%"
"12/05/2019","14.15","14.00","14.35","13.75","25.61K","0.00%"
"12/04/2019","14.15","15.00","15.30","13.85","45.72K","-8.12%"
"12/03/2019","15.40","14.20","15.70","13.95","64.16K","7.69%"
"12/02/2019","14.30","12.90","14.40","12.70","62.71K","9.58%"
"11/29/2019","13.05","13.05","13.25","12.95","27.71K","0.38%"
"11/28/2019","13.00","12.95","13.10","12.80","15.85K","1.96%"
"11/27/2019","12.75","12.85","13.00","12.70","26.05K","-1.92%"
"11/26/2019","13.00","13.10","13.15","12.80","19.91K","-0.38%"
"11/25/2019","13.05","13.45","13.45","12.95","23.74K","-4.40%"
"11/22/2019","13.65","13.80","13.80","13.45","24.12K","-2.15%"
"11/21/2019","13.95","14.00","14.35","13.75","20.26K","4.97%"
"11/20/2019","13.29","12.30","13.60","12.25","7.53K","7.61%"
"11/19/2019","12.35","11.75","12.65","11.75","44.61K","1.23%"
"11/18/2019","12.20","12.30","12.60","11.85","55.47K","-0.81%"
"11/15/2019","12.30","12.95","13.05","12.15","48.70K","-6.46%"
"11/14/2019","13.15","13.35","13.50","12.95","22.56K","-0.75%"
"11/13/2019","13.25","13.25","13.70","13.15","27.12K","1.53%"
"11/12/2019","13.05","13.40","13.45","12.95","21.74K","-4.40%"
"11/11/2019","13.65","14.00","14.05","13.45","13.59K","-1.44%"
"11/08/2019","13.85","13.75","14.15","13.60","25.57K","1.84%"
"11/07/2019","13.60","13.80","13.85","13.45","24.58K","-2.16%"
"11/06/2019","13.90","13.95","14.20","13.70","21.89K","0.72%"
"11/05/2019","13.80","13.55","13.95","13.55","19.58K","0.36%"
"11/04/2019","13.75","13.80","13.85","13.00","21.88K","-2.14%"
"11/01/2019","14.05","14.50","14.55","13.90","21.07K","-5.07%"
"10/31/2019","14.80","14.55","15.25","14.40","31.78K","-1.00%"
"10/30/2019","14.95","15.05","15.25","14.40","22.02K","0.00%"
"10/29/2019","14.95","14.65","15.05","14.65","18.48K","1.70%"
"10/28/2019","14.70","14.55","14.75","14.40","25.39K","0.00%"
"10/25/2019","14.70","14.95","15.10","14.45","10.64K","-1.67%"
"10/24/2019","14.95","15.05","15.30","14.75","17.37K","-1.32%"
"10/23/2019","15.15","15.65","15.75","15.05","19.50K","-1.62%"
"10/22/2019","15.40","15.30","15.65","15.15","24.39K","-0.65%"
"10/21/2019","15.50","15.75","15.85","15.25","13.94K","-1.27%"
"10/18/2019","15.70","16.20","16.20","15.60","28.84K","0.00%"
"10/17/2019","15.70","16.00","16.00","15.35","30.77K","6.59%"
"10/16/2019","14.73","14.15","14.95","14.15","12.45K","3.01%"
"10/15/2019","14.30","15.30","15.35","13.95","29.39K","-8.04%"
"10/14/2019","15.55","15.80","16.70","15.45","34.97K","-0.96%"
"10/11/2019","15.70","16.60","16.70","15.40","52.72K","-7.10%"
"10/10/2019","16.90","17.90","18.45","16.65","47.97K","-6.63%"
"10/09/2019","18.10","18.65","18.90","17.55","35.36K","-2.16%"
"10/08/2019","18.50","17.00","19.25","17.00","34.56K","7.56%"
"10/07/2019","17.20","17.65","17.85","16.90","22.32K","-3.10%"
"10/04/2019","17.75","18.80","19.30","17.30","45.13K","-6.58%"
"10/03/2019","19.00","19.55","19.90","18.60","36.70K","-2.31%"
"10/02/2019","19.45","17.10","19.95","17.10","56.90K","15.43%"
"10/01/2019","16.85","16.30","17.25","16.00","30.97K","2.12%"
"09/30/2019","16.50","17.00","17.15","16.35","23.90K","-0.60%"
"09/27/2019","16.60","16.60","17.55","16.40","16.75K","-2.06%"
"09/26/2019","16.95","17.05","17.15","16.55","24.90K","-1.74%"
"09/25/2019","17.25","16.90","17.70","16.85","43.08K","3.92%"
"09/24/2019","16.60","16.30","17.25","15.90","22.02K","0.91%"
"09/23/2019","16.45","16.00","16.95","15.90","17.64K","4.11%"
"09/20/2019","15.80","15.65","16.25","15.45","29.71K","1.28%"
"09/19/2019","15.60","16.35","16.50","15.50","32.74K","3.38%"
"09/18/2019","15.09","15.30","15.40","14.95","9.01K","-2.01%"
"09/17/2019","15.40","15.10","15.75","14.95","30.60K","4.05%"
"09/16/2019","14.80","14.20","15.30","14.15","39.31K","7.64%"
"09/13/2019","13.75","14.15","14.30","13.70","29.65K","-4.18%"
"09/12/2019","14.35","14.70","15.25","13.60","44.55K","-4.01%"
"09/11/2019","14.95","14.90","15.20","14.80","31.67K","-2.29%"
"09/10/2019","15.30","15.35","15.60","15.05","28.65K","1.66%"
"09/09/2019","15.05","15.10","15.45","14.90","18.43K","-2.59%"
"09/06/2019","15.45","16.10","16.20","15.15","31.54K","-4.63%"
"09/05/2019","16.20","16.65","16.75","16.00","30.06K","-6.09%"
"09/04/2019","17.25","17.80","17.85","16.85","30.61K","-5.99%"
"09/03/2019","18.35","17.75","18.70","17.60","36.55K","5.16%"
"09/02/2019","17.45","17.35","18.00","17.15","13.41K","0.58%"
"08/30/2019","17.35","17.15","17.55","16.70","24.63K","1.46%"
"08/29/2019","17.10","18.35","18.40","17.00","22.33K","-7.07%"
"08/28/2019","18.40","18.35","19.15","18.20","18.84K","0.00%"
"08/27/2019","18.40","18.65","18.85","17.85","40.64K","-1.34%"
"08/26/2019","18.65","19.20","19.20","17.75","43.47K","2.19%"
"08/23/2019","18.25","16.75","19.30","16.60","58.63K","5.80%"
"08/22/2019","17.25","16.65","17.60","16.50","35.25K","1.65%"
"08/21/2019","16.97","18.00","18.00","16.85","4.32K","-6.76%"
"08/20/2019","18.20","17.75","18.40","16.95","32.93K","1.68%"
"08/19/2019","17.90","18.90","18.90","17.70","70.45K","-7.01%"
"08/16/2019","19.25","20.45","20.55","19.00","56.69K","-7.89%"
"08/15/2019","20.90","20.35","23.15","19.80","74.05K","1.95%"
"08/14/2019","20.50","17.10","21.30","16.90","84.28K","15.82%"
"08/13/2019","17.70","18.70","19.65","16.75","86.86K","-2.21%"
"08/12/2019","18.10","17.35","18.90","16.85","40.90K","1.40%"
"08/09/2019","17.85","17.20","17.95","16.95","34.55K","5.00%"
"08/08/2019","17.00","18.05","18.50","16.75","48.37K","-11.46%"
"08/07/2019","19.20","18.55","19.80","17.70","75.14K","0.00%"
"08/06/2019","19.20","19.00","19.30","17.85","72.95K","3.50%"
"08/05/2019","18.55","17.40","19.75","17.15","77.60K","9.76%"
"08/02/2019","16.90","15.65","17.10","15.60","85.88K","19.01%"
"08/01/2019","14.20","14.20","16.65","13.95","52.43K","1.07%"
"07/31/2019","14.05","13.95","14.80","13.80","42.53K","0.36%"
"07/30/2019","14.00","13.40","14.35","13.30","66.01K","4.87%"
"07/29/2019","13.35","13.70","13.70","13.30","30.70K","-1.11%"
"07/26/2019","13.50","13.85","13.90","13.45","16.67K","-2.53%"
"07/25/2019","13.85","13.55","14.45","13.35","55.22K","0.36%"
"07/24/2019","13.80","13.80","13.90","13.50","28.14K","0.00%"
"07/23/2019","13.80","13.95","14.05","13.60","27.29K","-2.47%"
"07/22/2019","14.15","14.30","14.35","13.95","28.77K","0.00%"
"07/19/2019","14.15","14.10","14.65","13.95","41.47K","-2.08%"
"07/18/2019","14.45","14.55","14.65","14.15","44.59K","23.08%"
"07/17/2019","11.74","12.25","12.25","11.70","6.35K","-3.77%"
"07/16/2019","12.20","12.50","12.50","11.95","36.52K","-2.01%"
"07/15/2019","12.45","12.45","12.90","12.15","60.05K","-0.80%"
"07/12/2019","12.55","12.40","12.80","12.30","30.70K","0.00%"
"07/11/2019","12.55","12.70","12.80","12.40","47.15K","-3.83%"
"07/10/2019","13.05","13.20","13.40","12.75","40.34K","-1.14%"
"07/09/2019","13.20","13.35","13.90","13.10","34.30K","0.00%"
"07/08/2019","13.20","13.25","13.40","13.15","35.05K","-0.75%"
"07/05/2019","13.30","12.95","13.50","12.85","25.11K","3.50%"
"07/04/2019","12.85","12.50","13.00","12.50","13.64K","0.00%"
"07/03/2019","12.85","13.00","13.05","12.35","26.27K","-1.15%"
"07/02/2019","13.00","13.50","13.50","13.00","41.72K","-3.35%"
"07/01/2019","13.45","13.85","13.85","13.40","28.33K","-5.94%"
"06/28/2019","14.30","14.55","14.60","14.30","23.16K","-2.39%"
"06/27/2019","14.65","14.75","15.05","14.50","18.35K","-0.68%"
"06/26/2019","14.75","14.80","14.85","14.45","22.15K","0.68%"
"06/25/2019","14.65","14.85","14.95","14.50","19.22K","0.34%"
"06/24/2019","14.60","14.55","14.85","14.45","22.07K","-0.68%"
"06/21/2019","14.70","14.30","14.85","14.20","40.14K","2.80%"
"06/20/2019","14.30","14.20","14.55","14.00","23.14K","6.64%"
"06/19/2019","13.41","13.05","13.60","13.05","9.61K","0.45%"
"06/18/2019","13.35","14.35","14.50","12.95","54.17K","-5.32%"
"06/17/2019","14.10","14.55","14.75","14.05","42.09K","-5.05%"
"06/14/2019","14.85","14.75","15.45","14.55","33.04K","0.34%"
"06/13/2019","14.80","15.25","15.40","14.70","29.06K","-2.95%"
"06/12/2019","15.25","15.45","15.60","15.15","22.87K","0.99%"
"06/11/2019","15.10","15.20","15.45","14.80","23.38K","-0.98%"
"06/10/2019","15.25","15.20","15.45","15.10","24.73K","-1.93%"
"06/07/2019","15.55","15.65","15.75","15.25","34.89K","-2.20%"
"06/06/2019","15.90","16.10","16.25","15.55","49.62K","-1.85%"
"06/05/2019","16.20","16.20","16.55","15.90","33.76K","-1.22%"
"06/04/2019","16.40","17.00","17.10","16.15","31.23K","-2.09%"
"06/03/2019","16.75","17.70","17.80","16.70","25.90K","-1.76%"
"05/31/2019","17.05","17.00","17.75","16.95","39.33K","3.33%"
"05/30/2019","16.50","16.75","16.75","16.20","17.35K","-2.37%"
"05/29/2019","16.90","16.60","17.15","16.50","43.65K","5.62%"
"05/28/2019","16.00","15.80","16.45","15.75","28.61K","0.63%"
"05/27/2019","15.90","15.95","16.05","15.65","8.24K","-1.55%"
"05/24/2019","16.15","16.00","16.35","15.65","18.11K","-0.31%"
"05/23/2019","16.20","15.60","16.50","15.50","38.11K","6.23%"
"05/22/2019","15.25","15.65","15.75","14.85","10.16K","-3.48%"
"05/21/2019","15.80","16.20","16.50","15.50","54.47K","-5.39%"
"05/20/2019","16.70","14.90","17.15","14.85","59.70K","12.08%"
"05/17/2019","14.90","14.90","15.90","14.65","46.38K","0.68%"
"05/16/2019","14.80","15.90","16.15","14.60","39.91K","-7.50%"
"05/15/2019","16.00","16.65","17.40","15.55","48.62K","-5.88%"
"05/14/2019","17.00","17.50","17.50","16.60","36.05K","-4.76%"
"05/13/2019","17.85","16.45","18.30","16.35","54.41K","4.39%"
"05/10/2019","17.10","16.55","17.70","15.60","61.50K","-4.74%"
"05/09/2019","17.95","16.95","18.30","16.60","69.10K","8.79%"
"05/08/2019","16.50","16.80","17.25","16.20","56.43K","-1.49%"
"05/07/2019","16.75","15.30","17.80","14.60","74.91K","11.30%"
"05/06/2019","15.05","15.45","15.85","14.80","44.03K","8.27%"
"05/03/2019","13.90","14.50","14.50","13.75","25.24K","-5.12%"
"05/02/2019","14.65","14.20","15.00","14.10","41.00K","3.53%"
"04/30/2019","14.15","14.10","14.20","13.90","20.08K","1.43%"
"04/29/2019","13.95","14.15","14.30","13.90","26.32K","-1.41%"
"04/26/2019","14.15","14.30","14.45","14.05","19.85K","-1.74%"
"04/25/2019","14.40","14.20","14.70","14.20","30.15K","2.13%"
"04/24/2019","14.10","14.15","14.35","14.05","31.23K","0.36%"
"04/23/2019","14.05","14.15","14.20","13.95","22.09K","-1.06%"
"04/18/2019","14.20","14.40","14.55","14.15","25.01K","31.85%"
"04/17/2019","10.77","11.45","11.45","10.50","5.68K","-5.94%"
"04/16/2019","11.45","11.75","11.80","11.45","32.19K","-3.78%"
"04/15/2019","11.90","12.35","12.45","11.75","48.37K","-4.80%"
"04/12/2019","12.50","13.40","13.45","12.35","39.10K","-5.30%"
"04/11/2019","13.20","14.55","14.65","13.15","57.33K","-9.90%"
"04/10/2019","14.65","15.10","15.10","14.55","33.44K","-1.01%"
"04/09/2019","14.80","14.90","15.15","14.50","30.32K","-0.67%"
"04/08/2019","14.90","14.75","15.00","14.55","15.20K","2.41%"
"04/05/2019","14.55","14.80","15.00","14.50","24.52K","-2.68%"
"04/04/2019","14.95","14.95","15.15","14.75","23.93K","1.36%"
"04/03/2019","14.75","14.75","15.05","14.55","20.10K","-1.67%"
"04/02/2019","15.00","15.10","15.25","14.85","25.58K","0.00%"
"04/01/2019","15.00","14.90","15.25","14.70","16.92K","-1.96%"
"03/29/2019","15.30","15.75","15.95","15.15","34.85K","-4.97%"
"03/28/2019","16.10","16.10","16.25","15.80","20.53K","-0.62%"
"03/27/2019","16.20","15.65","16.60","15.60","33.96K","2.86%"
"03/26/2019","15.75","16.55","16.65","15.70","28.20K","-5.69%"
"03/25/2019","16.70","17.00","17.20","16.35","39.13K","-1.18%"
"03/22/2019","16.90","15.35","17.00","15.00","54.80K","11.18%"
"03/21/2019","15.20","14.80","15.95","14.70","46.37K","2.36%"
"03/20/2019","14.85","14.60","15.00","14.50","22.98K","18.23%"
"03/19/2019","12.56","13.25","13.25","12.55","4.32K","-6.62%"
"03/18/2019","13.45","13.45","13.60","13.25","33.41K","-0.74%"
"03/15/2019","13.55","13.95","14.15","13.35","48.81K","-3.21%"
"03/14/2019","14.00","13.90","14.15","13.75","21.58K","1.45%"
"03/13/2019","13.80","14.10","14.10","13.60","17.30K","-1.08%"
"03/12/2019","13.95","14.15","14.55","13.85","31.11K","-3.46%"
"03/11/2019","14.45","14.70","15.00","14.15","35.42K","-5.56%"
"03/08/2019","15.30","15.10","15.45","14.40","47.00K","3.38%"
"03/07/2019","14.80","14.80","15.10","14.25","38.03K","2.78%"
"03/06/2019","14.40","14.45","14.70","14.15","17.87K","-0.35%"
"03/05/2019","14.45","14.35","14.55","14.25","14.21K","0.00%"
"03/04/2019","14.45","14.10","15.05","13.95","25.65K","-1.03%"
"03/01/2019","14.60","14.90","14.90","14.30","29.05K","-2.67%"
"02/28/2019","15.00","15.80","15.80","14.90","21.54K","-2.91%"
"02/27/2019","15.45","15.20","15.60","15.20","27.33K","2.32%"
"02/26/2019","15.10","15.20","15.45","14.85","21.68K","1.00%"
"02/25/2019","14.95","15.10","15.30","14.85","13.00K","-2.61%"
"02/22/2019","15.35","15.80","15.80","15.20","27.42K","-0.97%"
"02/21/2019","15.50","15.45","15.70","15.35","18.49K","-0.96%"
"02/20/2019","15.65","15.60","16.00","15.40","18.31K","-0.32%"
"02/19/2019","15.70","15.80","16.35","15.65","28.58K","0.00%"
"02/18/2019","15.70","15.55","15.80","15.55","9.21K","0.32%"
"02/15/2019","15.65","16.35","16.45","15.55","23.37K","-3.10%"
"02/14/2019","16.15","15.60","16.35","15.45","22.96K","15.03%"
"02/13/2019","14.04","14.00","14.20","13.90","3.47K","-1.47%"
"02/12/2019","14.25","14.75","14.75","13.95","41.81K","-5.00%"
"02/11/2019","15.00","16.10","16.10","14.85","49.65K","-8.26%"
"02/08/2019","16.35","15.60","17.10","15.60","47.47K","2.19%"
"02/07/2019","16.00","14.50","16.15","14.40","49.58K","12.28%"
"02/06/2019","14.25","14.40","14.55","14.10","25.86K","0.35%"
"02/05/2019","14.20","14.85","15.10","14.05","23.08K","-4.70%"
"02/04/2019","14.90","15.65","15.65","14.80","19.05K","-2.30%"
"02/01/2019","15.25","16.10","16.20","15.15","32.64K","-5.57%"
"01/31/2019","16.15","16.20","16.80","15.90","30.22K","-3.87%"
"01/30/2019","16.80","16.85","17.10","16.25","26.77K","-0.59%"
"01/29/2019","16.90","17.05","17.15","16.35","17.82K","-0.88%"
"01/28/2019","17.05","16.65","17.35","16.40","17.93K","3.96%"
"01/25/2019","16.40","16.50","16.60","16.25","23.83K","-2.96%"
"01/24/2019","16.90","17.20","17.40","16.65","19.64K","-4.25%"
"01/23/2019","17.65","17.75","18.25","16.90","39.11K","2.92%"
"01/22/2019","17.15","16.85","17.85","16.60","39.62K","3.00%"
"01/21/2019","16.65","16.60","16.70","16.40","15.07K","2.15%"
"01/18/2019","16.30","17.00","17.10","16.10","36.80K","-4.68%"
"01/17/2019","17.10","17.90","17.95","16.95","28.56K","5.30%"
"01/16/2019","16.24","16.70","16.70","16.10","5.71K","-3.91%"
"01/15/2019","16.90","17.50","17.85","16.65","32.72K","-4.52%"
"01/14/2019","17.70","18.15","18.70","17.50","43.33K","-2.21%"
"01/11/2019","18.10","18.75","19.05","17.70","25.80K","-5.24%"
"01/10/2019","19.10","19.50","20.00","18.65","20.64K","-0.52%"
"01/09/2019","19.20","19.25","19.65","18.90","24.15K","-2.54%"
"01/08/2019","19.70","20.15","20.15","19.15","32.20K","-2.23%"
"01/07/2019","20.15","20.35","21.15","19.90","21.41K","-3.12%"
"01/04/2019","20.80","22.75","22.75","20.40","22.21K","-9.37%"
"01/03/2019","22.95","23.25","23.90","22.65","40.23K","-0.22%"
"01/02/2019","23.00","23.35","24.40","22.10","28.02K","-3.97%"
"12/28/2018","23.95","24.10","24.30","23.05","26.71K","-2.44%"
"12/27/2018","24.55","22.15","25.20","22.15","32.47K","12.87%"
"12/21/2018","21.75","21.65","22.60","21.60","29.22K","1.40%"
"12/20/2018","21.45","20.60","22.65","20.60","32.64K","10.68%"
"12/19/2018","19.38","19.00","19.60","18.90","7.78K","-1.12%"
"12/18/2018","19.60","20.05","20.20","19.30","67.71K","0.77%"
"12/17/2018","19.45","19.55","20.55","18.65","40.66K","-0.26%"
"12/14/2018","19.50","19.35","20.55","19.30","30.16K","2.36%"
"12/13/2018","19.05","19.15","19.20","18.55","31.80K","0.00%"
"12/12/2018","19.05","19.60","19.85","18.95","28.58K","-4.75%"
"12/11/2018","20.00","20.15","20.45","19.55","40.75K","-5.44%"
"12/10/2018","21.15","20.30","21.30","19.85","48.21K","7.91%"
"12/07/2018","19.60","18.60","20.20","18.45","45.94K","-2.73%"
"12/06/2018","20.15","17.85","20.25","17.60","94.18K","18.88%"
"12/05/2018","16.95","16.75","17.05","16.45","16.21K","7.62%"
"12/04/2018","15.75","15.95","17.35","15.70","31.35K","0.96%"
"12/03/2018","15.60","15.10","15.95","15.05","30.14K","-5.17%"
"11/30/2018","16.45","16.60","17.00","16.05","27.29K","-2.37%"
"11/29/2018","16.85","16.25","17.05","16.25","25.87K","1.20%"
"11/28/2018","16.65","16.60","16.90","16.20","21.37K","-0.60%"
"11/27/2018","16.75","16.75","17.15","16.30","26.62K","0.60%"
"11/26/2018","16.65","17.40","17.45","16.50","30.12K","-4.31%"
"11/23/2018","17.40","17.45","17.85","17.20","17.37K","-0.29%"
"11/22/2018","17.45","17.30","17.75","17.15","15.47K","-7.72%"
"11/21/2018","18.91","19.10","19.20","18.60","7.26K","-3.03%"
"11/20/2018","19.50","18.60","20.40","18.20","29.65K","9.86%"
"11/19/2018","17.75","17.70","18.55","16.95","41.50K","-0.28%"
"11/16/2018","17.80","18.90","19.70","17.55","69.92K","-7.77%"
"11/15/2018","19.30","17.75","20.10","17.50","60.00K","6.63%"
"11/14/2018","18.10","17.60","18.45","17.35","45.13K","5.54%"
"11/13/2018","17.15","17.55","18.00","16.95","41.13K","-2.83%"
"11/12/2018","17.65","16.40","17.95","16.30","39.30K","4.44%"
"11/09/2018","16.90","16.60","17.10","16.45","30.85K","3.68%"
"11/08/2018","16.30","16.80","16.85","16.20","56.47K","-4.40%"
"11/07/2018","17.05","17.65","17.80","16.60","37.38K","-7.08%"
"11/06/2018","18.35","18.35","18.90","17.95","33.76K","-0.81%"
"11/05/2018","18.50","18.75","19.00","18.30","21.44K","-2.37%"
"11/02/2018","18.95","18.55","19.25","18.05","34.13K","0.00%"
"11/01/2018","18.95","19.55","19.60","18.65","42.89K","-2.07%"
"10/31/2018","19.35","19.55","19.65","19.00","40.61K","-4.44%"
"10/30/2018","20.25","19.85","20.95","19.80","36.92K","0.50%"
"10/29/2018","20.15","20.25","21.30","19.40","35.91K","-2.42%"
"10/26/2018","20.65","20.25","21.30","19.85","64.32K","6.99%"
"10/25/2018","19.30","19.65","19.95","19.00","48.90K","-3.02%"
"10/24/2018","19.90","18.40","20.00","18.30","39.24K","8.45%"
"10/23/2018","18.35","19.05","19.65","18.10","55.59K","1.94%"
"10/22/2018","18.00","17.80","18.40","17.55","35.00K","-0.55%"
"10/19/2018","18.10","17.90","18.75","17.75","40.19K","-1.09%"
"10/18/2018","18.30","17.40","18.65","17.10","35.50K","6.71%"
"10/17/2018","17.15","15.90","17.85","15.80","38.00K","5.21%"
"10/16/2018","16.30","18.70","18.75","16.10","25.39K","-12.83%"
"10/15/2018","18.70","19.60","19.80","18.40","43.04K","-1.84%"
"10/12/2018","19.05","19.10","20.70","17.85","50.17K","-4.51%"
"10/11/2018","19.95","20.15","20.95","18.85","92.77K","0.76%"
"10/10/2018","19.80","16.90","19.95","16.70","49.07K","17.86%"
"10/09/2018","16.80","16.65","17.40","16.55","37.08K","1.82%"
"10/08/2018","16.50","16.15","17.35","16.15","32.55K","1.23%"
"10/05/2018","16.30","15.60","16.95","15.55","43.08K","2.52%"
"10/04/2018","15.90","15.25","16.35","15.20","37.07K","6.35%"
"10/03/2018","14.95","15.25","15.30","14.80","23.58K","-3.86%"
"10/02/2018","15.55","15.10","15.75","15.10","43.96K","4.01%"
"10/01/2018","14.95","14.90","15.05","14.55","27.26K","-1.32%"
"09/28/2018","15.15","14.50","15.55","14.45","54.51K","4.84%"
"09/27/2018","14.45","14.65","14.75","14.25","17.25K","-1.37%"
"09/26/2018","14.65","14.40","14.65","14.25","24.26K","0.34%"
"09/25/2018","14.60","14.65","14.70","14.30","14.92K","-1.02%"
"09/24/2018","14.75","14.70","15.00","14.65","24.85K","0.34%"
"09/21/2018","14.70","14.60","14.70","14.40","23.11K","0.68%"
"09/20/2018","14.60","15.00","15.05","14.50","23.08K","4.29%"
"09/19/2018","14.00","14.25","14.25","13.95","6.89K","-2.44%"
"09/18/2018","14.35","14.60","14.80","14.10","36.68K","-3.37%"
"09/17/2018","14.85","14.30","14.85","14.25","32.19K","3.85%"
"09/14/2018","14.30","14.60","14.60","14.20","23.59K","-2.72%"
"09/13/2018","14.70","15.15","15.20","14.50","33.12K","-2.97%"
"09/12/2018","15.15","15.25","15.55","15.00","30.45K","-0.98%"
"09/11/2018","15.30","15.50","15.80","15.30","24.62K","-2.55%"
"09/10/2018","15.70","16.25","16.40","15.55","22.90K","-4.85%"
"09/07/2018","16.50","16.40","16.90","16.20","32.03K","0.92%"
"09/06/2018","16.35","16.45","16.80","16.00","34.29K","1.24%"
"09/05/2018","16.15","16.00","16.65","15.95","45.80K","1.89%"
"09/04/2018","15.85","15.40","16.20","15.20","48.94K","2.26%"
"09/03/2018","15.50","15.80","15.85","15.45","21.16K","-2.21%"
"08/31/2018","15.85","15.55","16.10","15.45","41.85K","1.60%"
"08/30/2018","15.60","14.65","15.75","14.55","43.71K","6.48%"
"08/29/2018","14.65","14.55","14.85","14.45","29.73K","0.34%"
"08/28/2018","14.60","14.55","14.70","14.45","16.49K","0.34%"
"08/27/2018","14.55","14.65","14.70","14.50","16.07K","-2.02%"
"08/24/2018","14.85","15.00","15.05","14.65","18.86K","-1.33%"
"08/23/2018","15.05","15.15","15.30","14.95","22.80K","8.66%"
"08/22/2018","13.85","14.50","14.50","13.60","5.01K","-0.36%"
"08/21/2018","13.90","14.35","14.35","13.45","25.62K","-3.47%"
"08/20/2018","14.40","15.45","15.55","14.35","31.51K","-7.10%"
"08/17/2018","15.50","15.75","16.35","15.40","38.16K","-2.21%"
"08/16/2018","15.85","16.10","16.55","15.50","43.09K","-4.80%"
"08/15/2018","16.65","15.45","17.45","15.20","48.93K","10.26%"
"08/14/2018","15.10","15.30","15.80","14.65","32.77K","-4.13%"
"08/13/2018","15.75","14.90","15.95","14.75","37.21K","9.38%"
"08/10/2018","14.40","13.55","14.75","13.50","59.70K","8.27%"
"08/09/2018","13.30","13.40","13.45","13.05","18.99K","0.38%"
"08/08/2018","13.25","13.35","13.45","13.05","21.37K","-0.75%"
"08/07/2018","13.35","13.75","13.75","13.30","21.19K","-3.61%"
"08/06/2018","13.85","14.05","14.15","13.70","16.05K","-1.42%"
"08/03/2018","14.05","14.55","14.60","14.05","18.06K","-2.09%"
"08/02/2018","14.35","14.20","15.05","14.15","29.03K","2.87%"
"08/01/2018","13.95","13.70","14.10","13.60","15.40K","1.09%"
"07/31/2018","13.80","13.90","14.00","13.65","13.85K","-2.13%"
"07/30/2018","14.10","13.85","14.10","13.50","15.79K","2.17%"
"07/27/2018","13.80","13.50","13.95","13.25","20.57K","1.47%"
"07/26/2018","13.60","14.05","14.05","13.50","20.89K","-2.51%"
"07/25/2018","13.95","14.15","14.30","13.90","15.99K","-1.06%"
"07/24/2018","14.10","14.20","14.35","13.90","20.09K","-1.74%"
"07/23/2018","14.35","14.55","14.80","14.35","15.12K","-1.03%"
"07/20/2018","14.50","14.35","14.80","14.10","30.65K","1.40%"
"07/19/2018","14.30","13.90","14.30","13.70","21.79K","3.25%"
"07/18/2018","13.85","12.35","14.00","11.95","24.03K","13.06%"
"07/17/2018","12.25","13.35","13.60","12.10","35.61K","-7.55%"
"07/16/2018","13.25","13.35","13.55","13.00","32.72K","0.00%"
"07/13/2018","13.25","13.65","13.75","13.20","18.98K","-3.64%"
"07/12/2018","13.75","14.10","14.40","13.75","23.68K","-4.18%"
"07/11/2018","14.35","14.25","14.70","13.95","33.11K","6.30%"
"07/10/2018","13.50","14.35","14.55","13.50","21.35K","-6.57%"
"07/09/2018","14.45","14.95","14.95","14.35","22.90K","-4.62%"
"07/06/2018","15.15","15.65","16.05","15.05","24.90K","-5.31%"
"07/05/2018","16.00","16.30","16.45","15.65","23.54K","-1.23%"
"07/04/2018","16.20","16.65","16.65","16.05","11.22K","-4.42%"
"07/03/2018","16.95","16.65","16.95","16.00","17.02K","1.50%"
"07/02/2018","16.70","17.40","17.90","16.70","22.27K","-0.60%"
"06/29/2018","16.80","16.50","16.90","15.95","23.12K","-1.75%"
"06/28/2018","17.10","16.95","17.85","16.60","39.12K","-0.87%"
"06/27/2018","17.25","16.45","17.50","15.85","43.59K","6.81%"
"06/26/2018","16.15","16.25","16.80","15.90","36.02K","-2.71%"
"06/25/2018","16.60","15.50","17.40","15.30","38.83K","11.04%"
"06/22/2018","14.95","15.50","15.70","14.75","21.92K","-6.56%"
"06/21/2018","16.00","14.45","16.20","14.40","29.10K","8.84%"
"06/20/2018","14.70","14.00","14.90","13.05","24.02K","5.00%"
"06/19/2018","14.00","14.80","15.60","14.00","61.10K","3.70%"
"06/18/2018","13.50","12.70","14.15","12.70","59.42K","9.76%"
"06/15/2018","12.30","12.20","13.05","12.15","46.34K","-0.40%"
"06/14/2018","12.35","13.60","13.75","12.05","62.32K","-8.52%"
"06/13/2018","13.50","13.45","13.65","12.95","23.82K","-0.74%"
"06/12/2018","13.60","13.75","13.95","13.45","22.51K","-0.73%"
"06/11/2018","13.70","14.75","14.75","13.70","22.99K","-5.84%"
"06/08/2018","14.55","15.15","15.70","14.55","28.17K","-1.69%"
"06/07/2018","14.80","14.45","15.20","14.20","27.62K","1.72%"
"06/06/2018","14.55","14.50","15.55","14.45","24.68K","-1.69%"
"06/05/2018","14.80","14.45","14.90","13.85","31.46K","1.02%"
"06/04/2018","14.65","15.60","15.60","14.55","18.37K","-6.09%"
"06/01/2018","15.60","16.75","16.75","15.30","32.79K","-6.59%"
"05/31/2018","16.70","16.80","17.50","16.05","40.20K","-0.30%"
"05/30/2018","16.75","17.45","17.60","16.45","33.59K","-5.37%"
"05/29/2018","17.70","15.90","18.55","15.90","71.27K","10.97%"
"05/28/2018","15.95","15.05","16.50","14.75","26.04K","2.90%"
"05/25/2018","15.50","14.55","15.80","14.45","44.36K","6.16%"
"05/24/2018","14.60","14.75","15.35","14.30","30.63K","0.34%"
"05/23/2018","14.55","14.25","15.15","14.10","43.20K","3.93%"
"05/22/2018","14.00","14.35","14.35","13.80","15.19K","-1.75%"
"05/21/2018","14.25","14.30","14.45","14.00","19.02K","-1.04%"
"05/18/2018","14.40","13.90","14.60","13.85","30.42K","3.23%"
"05/17/2018","13.95","14.30","14.30","13.90","22.53K","-1.41%"
"05/16/2018","14.15","13.20","14.35","12.50","38.47K","8.02%"
"05/15/2018","13.10","13.20","13.55","12.50","35.87K","0.38%"
"05/14/2018","13.05","12.95","13.45","12.70","41.46K","-0.76%"
"05/11/2018","13.15","13.50","13.50","12.95","16.75K","-1.87%"
"05/10/2018","13.40","13.75","14.25","13.35","27.23K","-2.19%"
"05/09/2018","13.70","14.45","14.60","13.70","26.81K","-5.52%"
"05/08/2018","14.50","14.25","14.75","14.15","17.15K","1.40%"
"05/07/2018","14.30","14.45","14.45","14.20","15.34K","-1.04%"
"05/04/2018","14.45","14.85","15.10","14.45","22.50K","-2.03%"
"05/03/2018","14.75","14.65","15.55","14.45","28.65K","1.03%"
"05/02/2018","14.60","14.65","14.80","14.30","20.25K","-2.34%"
"04/30/2018","14.95","14.45","14.95","14.30","24.80K","2.40%"
"04/27/2018","14.60","14.75","14.90","14.45","21.63K","-1.35%"
"04/26/2018","14.80","15.45","15.70","14.65","21.98K","-4.82%"
"04/25/2018","15.55","15.50","16.10","15.10","48.15K","-0.96%"
"04/24/2018","15.70","14.85","16.00","14.55","20.27K","5.02%"
"04/23/2018","14.95","15.00","15.30","14.65","30.25K","-0.66%"
"04/20/2018","15.05","15.00","15.35","14.90","23.41K","-0.99%"
"04/19/2018","15.20","14.70","15.65","14.40","35.12K","4.11%"
"04/18/2018","14.60","13.00","14.95","12.60","31.71K","13.18%"
"04/17/2018","12.90","14.50","14.50","12.60","37.60K","-10.73%"
"04/16/2018","14.45","15.05","15.30","14.35","21.29K","-5.25%"
"04/13/2018","15.25","16.25","16.25","15.10","25.58K","-5.28%"
"04/12/2018","16.10","16.75","16.95","15.95","16.62K","-4.45%"
"04/11/2018","16.85","16.95","17.40","16.60","24.16K","0.90%"
"04/10/2018","16.70","17.20","17.45","16.40","18.02K","-6.70%"
"04/09/2018","17.90","17.10","17.90","17.00","14.82K","0.56%"
"04/06/2018","17.80","18.00","18.25","17.00","25.59K","3.19%"
"04/05/2018","17.25","17.90","17.95","17.15","18.22K","-4.96%"
"04/04/2018","18.15","18.65","20.10","18.10","30.58K","-0.82%"
"04/03/2018","18.30","18.95","19.35","18.25","22.89K","2.81%"
"03/29/2018","17.80","19.10","19.10","17.50","22.84K","-6.07%"
"03/28/2018","18.95","19.50","20.55","18.70","55.53K","-4.77%"
"03/27/2018","19.90","19.25","20.10","18.45","38.20K","2.58%"
"03/26/2018","19.40","19.30","20.60","18.75","25.29K","-5.13%"
"03/23/2018","20.45","19.45","20.50","18.75","51.62K","5.14%"
"03/22/2018","19.45","17.00","19.55","16.45","73.89K","14.08%"
"03/21/2018","17.05","14.90","17.20","14.50","28.63K","14.43%"
"03/20/2018","14.90","15.65","16.30","14.70","46.28K","-6.29%"
"03/19/2018","15.90","14.70","17.00","14.35","43.58K","9.28%"
"03/16/2018","14.55","15.40","15.55","14.10","30.87K","-5.83%"
"03/15/2018","15.45","16.05","16.80","15.45","27.11K","-5.21%"
"03/14/2018","16.30","16.20","16.55","15.45","22.48K","-0.61%"
"03/13/2018","16.40","15.15","16.55","14.95","35.47K","6.15%"
"03/12/2018","15.45","14.80","15.65","14.80","20.89K","1.64%"
"03/09/2018","15.20","16.80","16.80","15.20","32.09K","-8.16%"
"03/08/2018","16.55","17.05","17.55","16.55","21.41K","-2.36%"
"03/07/2018","16.95","18.75","18.95","16.80","24.02K","-3.69%"
"03/06/2018","17.60","17.50","18.10","17.20","24.99K","-0.28%"
"03/05/2018","17.65","19.20","19.85","17.55","37.52K","-4.85%"
"03/02/2018","18.55","19.45","20.60","18.55","59.83K","-4.38%"
"03/01/2018","19.40","17.60","20.15","17.45","38.20K","6.59%"
"02/28/2018","18.20","17.40","18.20","16.70","18.12K","4.00%"
"02/27/2018","17.50","16.15","17.55","16.15","21.83K","8.70%"
"02/26/2018","16.10","16.85","17.00","15.95","18.79K","-6.12%"
"02/23/2018","17.15","17.80","18.00","16.95","8.97K","-6.79%"
"02/22/2018","18.40","18.90","18.95","17.85","24.03K","-1.08%"
"02/21/2018","18.60","18.15","19.00","17.40","16.98K","1.09%"
"02/20/2018","18.40","17.85","18.75","17.75","16.72K","3.37%"
"02/19/2018","17.80","16.90","17.95","16.90","12.43K","3.79%"
"02/16/2018","17.15","17.55","18.00","16.65","26.65K","-3.65%"
"02/15/2018","17.80","18.05","18.30","17.60","30.40K","-21.24%"
"02/14/2018","22.60","25.00","25.05","22.00","6.76K","-12.06%"
"02/13/2018","25.70","26.60","27.60","25.10","40.31K","-2.84%"
"02/12/2018","26.45","26.05","27.80","24.25","43.62K","-1.49%"
"02/09/2018","26.85","27.10","32.50","26.00","52.75K","-7.41%"
"02/08/2018","29.00","21.20","29.00","20.10","79.24K","41.46%"
"02/07/2018","20.50","22.30","23.00","19.55","51.26K","-6.82%"
"02/06/2018","22.00","27.00","28.75","19.55","169.90K","-6.18%"
"02/05/2018","23.45","18.85","25.00","17.30","58.96K","32.49%"
"02/02/2018","17.70","15.55","17.80","15.55","39.24K","12.38%"
"02/01/2018","15.75","15.30","16.65","14.95","38.05K","0.00%"
"01/31/2018","15.75","15.90","16.05","15.20","33.18K","-1.25%"
"01/30/2018","15.95","15.35","16.75","15.05","53.15K","6.33%"
"01/29/2018","15.00","14.65","15.05","14.60","18.12K","3.81%"
"01/26/2018","14.45","14.50","14.70","14.35","11.31K","0.35%"
"01/25/2018","14.40","14.50","14.80","14.20","14.90K","-0.69%"
"01/24/2018","14.50","14.35","14.80","14.15","13.76K","1.40%"
"01/23/2018","14.30","14.20","14.40","14.15","11.22K","-0.69%"
"01/22/2018","14.40","14.85","15.05","14.25","16.28K","-2.70%"
"01/19/2018","14.80","14.85","15.00","14.55","15.99K","0.34%"
"01/18/2018","14.75","14.45","15.10","14.35","20.49K","1.72%"
"01/17/2018","14.50","11.50","14.70","11.15","27.75K","27.19%"
"01/16/2018","11.40","11.10","11.70","11.00","39.74K","0.00%"
"01/15/2018","11.40","11.30","11.45","11.05","30.81K","0.44%"
"01/12/2018","11.35","11.80","11.80","11.25","29.22K","-3.40%"
"01/11/2018","11.75","12.00","12.05","11.70","21.02K","-2.49%"
"01/10/2018","12.05","12.10","12.25","11.80","28.39K","1.26%"
"01/09/2018","11.90","11.95","12.10","11.80","21.41K","0.00%"
"01/08/2018","11.90","11.80","12.10","11.70","29.82K","0.00%"
"01/05/2018","11.90","11.85","12.05","11.70","19.50K","-0.83%"
"01/04/2018","12.00","12.60","12.65","11.90","34.92K","-3.61%"
"01/03/2018","12.45","13.10","13.35","12.45","18.51K","-6.74%"
"01/02/2018","13.35","13.95","14.15","13.35","18.89K","-4.30%"